name,type,start_time,duration,"mosi","miso"
"SPI","enable",3.2255049,1e-07,,
"SPI","disable",3.2255177,9.99999997e-08,,
"SPI","enable",3.2255306,1e-07,,
"SPI","disable",3.2255436,9.99999997e-08,,
"SPI","enable",3.2255562,1e-07,,
"SPI","disable",3.225569,1e-07,,
"SPI","enable",3.2255818,9.99999997e-08,,
"SPI","disable",3.2255947,1.00000001e-07,,
"SPI","enable",3.2256076,1e-07,,
"SPI","disable",3.22562,9.99999997e-08,,
"SPI","enable",3.2256327,1e-07,,
"SPI","disable",3.2256454,1e-07,,
"SPI","enable",3.2256579,1.00000001e-07,,
"SPI","disable",3.2256704,1e-07,,
"SPI","enable",3.225683,9.99999997e-08,,
"SPI","disable",3.2256953,1e-07,,
"SPI","enable",3.2257076,1e-07,,
"SPI","disable",3.2257199,9.99999997e-08,,
"SPI","enable",3.2257321,9.99999997e-08,,
"SPI","disable",3.2257445,1e-07,,
"SPI","enable",3.225757,1e-07,,
"SPI","disable",3.2257693,9.99999997e-08,,
"SPI","enable",3.2257818,9.99999997e-08,,
"SPI","disable",3.225794,1e-07,,
"SPI","enable",3.2258064,9.99999997e-08,,
"SPI","disable",3.2258187,9.99999997e-08,,
"SPI","enable",3.2258311,9.99999997e-08,,
"SPI","disable",3.2258436,9.99999997e-08,,
"SPI","enable",3.225856,1e-07,,
"SPI","disable",3.2258684,9.99999997e-08,,
"SPI","enable",3.2258806,9.99999997e-08,,
"SPI","disable",3.2258928,9.99999997e-08,,
"SPI","enable",3.2259048,1e-07,,
"SPI","disable",3.2259169,9.99999997e-08,,
"SPI","enable",3.2259289,9.99999997e-08,,
"SPI","disable",3.2259412,1e-07,,
"SPI","enable",3.2259535,9.99999997e-08,,
"SPI","disable",3.2259659,1e-07,,
"SPI","enable",3.2259782,9.99999997e-08,,
"SPI","disable",3.2259903,1e-07,,
"SPI","enable",3.2260026,9.99999997e-08,,
"SPI","disable",3.2260147,1.00000001e-07,,
"SPI","enable",3.226027,1e-07,,
"SPI","disable",3.2260392,9.99999997e-08,,
"SPI","enable",3.2260514,1e-07,,
"SPI","disable",3.2260636,1e-07,,
"SPI","enable",3.2260758,1.00000001e-07,,
"SPI","disable",3.2260883,1e-07,,
"SPI","enable",3.2261006,9.99999997e-08,,
"SPI","disable",3.2261128,9.99999997e-08,,
"SPI","enable",3.2261249,1e-07,,
"SPI","disable",3.2261371,1e-07,,
"SPI","enable",3.2261492,1e-07,,
"SPI","disable",3.2261615,1.00000001e-07,,
"SPI","enable",3.2261738,1e-07,,
"SPI","disable",3.2261859,1e-07,,
"SPI","enable",3.2261982,1e-07,,
"SPI","disable",3.2262105,9.99999997e-08,,
"SPI","enable",3.2262226,1e-07,,
"SPI","disable",3.2262348,1e-07,,
"SPI","enable",3.2262471,9.99999997e-08,,
"SPI","disable",3.2262593,9.99999997e-08,,
"SPI","enable",3.2262716,9.99999997e-08,,
"SPI","disable",3.2262837,9.99999997e-08,,
"SPI","enable",3.2262957,9.99999997e-08,,
"SPI","disable",3.2263079,9.99999997e-08,,
"SPI","enable",3.2263201,1e-07,,
"SPI","disable",3.2263324,1e-07,,
"SPI","enable",3.2263447,1.00000001e-07,,
"SPI","disable",3.2263569,1e-07,,
"SPI","enable",3.2263693,1e-07,,
"SPI","disable",3.2263817,1e-07,,
"SPI","enable",3.2263941,1e-07,,
"SPI","disable",3.2264065,9.99999997e-08,,
"SPI","enable",3.2264187,9.99999997e-08,,
"SPI","disable",3.2264308,9.99999997e-08,,
"SPI","enable",3.226443,9.99999997e-08,,
"SPI","disable",3.2264553,9.99999997e-08,,
"SPI","enable",3.2264677,9.99999997e-08,,
"SPI","disable",3.2264801,1e-07,,
"SPI","enable",3.2264925,1e-07,,
"SPI","disable",3.2265048,1e-07,,
"SPI","enable",3.2265169,9.99999997e-08,,
"SPI","disable",3.226529,1e-07,,
"SPI","enable",3.2265414,1e-07,,
"SPI","disable",3.2265537,9.99999997e-08,,
"SPI","enable",3.2265662,9.99999997e-08,,
"SPI","disable",3.2265785,9.99999997e-08,,
"SPI","enable",3.2265908,1e-07,,
"SPI","disable",3.226603,1e-07,,
"SPI","enable",3.2266152,1.00000001e-07,,
"SPI","disable",3.2266274,1e-07,,
"SPI","enable",3.2266396,1e-07,,
"SPI","disable",3.2266518,9.99999997e-08,,
"SPI","enable",3.226664,1e-07,,
"SPI","disable",3.2266763,1.00000001e-07,,
"SPI","enable",3.2266886,1e-07,,
"SPI","disable",3.2267008,9.99999997e-08,,
"SPI","enable",3.2267132,1.00000001e-07,,
"SPI","disable",3.2267255,9.99999997e-08,,
"SPI","enable",3.2267379,1.00000001e-07,,
"SPI","disable",3.22675,9.99999997e-08,,
"SPI","enable",3.2267624,9.99999997e-08,,
"SPI","disable",3.2267743,1e-07,,
"SPI","enable",3.2267866,1e-07,,
"SPI","disable",3.2267989,1e-07,,
"SPI","enable",3.2268113,1e-07,,
"SPI","disable",3.2268238,9.99999997e-08,,
"SPI","enable",3.2268362,9.99999997e-08,,
"SPI","disable",3.2268485,9.99999997e-08,,
"SPI","enable",3.2268605,1e-07,,
"SPI","disable",3.2268717,1e-07,,
"SPI","enable",3.226883,9.99999997e-08,,
"SPI","disable",3.2268942,1e-07,,
"SPI","enable",3.2269054,9.99999997e-08,,
"SPI","disable",3.2269166,9.99999997e-08,,
"SPI","enable",3.2269278,1e-07,,
"SPI","disable",3.226939,1e-07,,
"SPI","enable",3.2269503,1e-07,,
"SPI","disable",3.2269617,1e-07,,
"SPI","enable",3.2269731,1.00000001e-07,,
"SPI","disable",3.2270296,1e-07,,
"SPI","enable",3.227143,1e-07,,
"SPI","disable",3.2272562,1e-07,,
"SPI","enable",3.2274827,1e-07,,
"SPI","disable",3.2277198,1e-07,,
"SPI","enable",3.2279567,9.99999997e-08,,
"SPI","disable",3.2281942,1e-07,,
"SPI","enable",3.2284197,1e-07,,
"SPI","disable",3.2286454,9.99999997e-08,,
"SPI","enable",3.228877,9.99999997e-08,,
"SPI","disable",3.2291142,1e-07,,
"SPI","enable",3.2293455,9.99999997e-08,,
"SPI","disable",3.2295706,1e-07,,
"SPI","enable",3.2298022,9.99999997e-08,,
"SPI","disable",3.2300397,1e-07,,
"SPI","enable",3.2302778,9.99999997e-08,,
"SPI","disable",3.2305087,9.99999997e-08,,
"SPI","enable",3.2307338,1e-07,,
"SPI","disable",3.2309587,9.99999997e-08,,
"SPI","enable",3.2311952,9.99999997e-08,,
"SPI","disable",3.2314203,1e-07,,
"SPI","enable",3.2316571,1e-07,,
"SPI","disable",3.2318933,1e-07,,
"SPI","enable",3.2321183,9.99999997e-08,,
"SPI","disable",3.2323546,1.00000001e-07,,
"SPI","enable",3.2325912,1e-07,,
"SPI","disable",3.2328163,9.99999997e-08,,
"SPI","enable",3.233047,9.99999997e-08,,
"SPI","disable",3.2332841,9.99999997e-08,,
"SPI","enable",3.2335144,1.00000001e-07,,
"SPI","disable",3.2337442,1.00000001e-07,,
"SPI","enable",3.2339744,9.99999997e-08,,
"SPI","disable",3.2342046,9.99999997e-08,,
"SPI","enable",3.2344407,9.99999997e-08,,
"SPI","disable",3.234677,9.99999997e-08,,
"SPI","enable",3.2349137,1e-07,,
"SPI","disable",3.2351446,1e-07,,
"SPI","enable",3.2353701,1e-07,,
"SPI","disable",3.2356058,9.99999997e-08,,
"SPI","enable",3.235843,1e-07,,
"SPI","disable",3.236067,1e-07,,
"SPI","enable",3.2363035,9.99999997e-08,,
"SPI","disable",3.2365402,1e-07,,
"SPI","enable",3.2367647,9.99999997e-08,,
"SPI","disable",3.2370006,1e-07,,
"SPI","enable",3.2372247,9.99999997e-08,,
"SPI","disable",3.2374604,1e-07,,
"SPI","enable",3.2376915,9.99999997e-08,,
"SPI","disable",3.2379224,9.99999997e-08,,
"SPI","enable",3.2381593,1e-07,,
"SPI","disable",3.2383903,1e-07,,
"SPI","enable",3.2386166,1e-07,,
"SPI","disable",3.238848,9.99999997e-08,,
"SPI","enable",3.239085,1e-07,,
"SPI","disable",3.2393213,1e-07,,
"SPI","enable",3.2395577,9.99999997e-08,,
"SPI","disable",3.2397937,1.00000001e-07,,
"SPI","enable",3.2400231,9.99999997e-08,,
"SPI","disable",3.2402462,9.99999997e-08,,
"SPI","enable",3.2404807,9.99999997e-08,,
"SPI","disable",3.2407152,1e-07,,
"SPI","enable",3.2409507,9.99999997e-08,,
"SPI","disable",3.2411857,9.99999997e-08,,
"SPI","enable",3.2414196,9.99999997e-08,,
"SPI","disable",3.2416562,9.99999997e-08,,
"SPI","enable",3.2418926,1e-07,,
"SPI","disable",3.2421172,9.99999997e-08,,
"SPI","enable",3.242353,9.99999997e-08,,
"SPI","disable",3.2425892,1e-07,,
"SPI","enable",3.2428256,9.99999997e-08,,
"SPI","disable",3.2430618,9.99999997e-08,,
"SPI","enable",3.2432921,9.99999997e-08,,
"SPI","disable",3.2435222,9.99999997e-08,,
"SPI","enable",3.2437589,1e-07,,
"SPI","disable",3.2439899,1e-07,,
"SPI","enable",3.2442196,1e-07,,
"SPI","disable",3.2444511,9.99999997e-08,,
"SPI","enable",3.2446821,1e-07,,
"SPI","disable",3.2449186,9.99999997e-08,,
"SPI","enable",3.2451499,1e-07,,
"SPI","disable",3.245375,9.99999997e-08,,
"SPI","enable",3.2456003,9.99999997e-08,,
"SPI","disable",3.2458361,9.99999997e-08,,
"SPI","enable",3.246073,9.99999997e-08,,
"SPI","disable",3.2463093,1e-07,,
"SPI","enable",3.2465459,9.99999997e-08,,
"SPI","disable",3.2467705,1.00000001e-07,,
"SPI","enable",3.2470066,9.99999997e-08,,
"SPI","disable",3.2472434,1e-07,,
"SPI","enable",3.2474684,1e-07,,
"SPI","disable",3.2476986,9.99999997e-08,,
"SPI","enable",3.247934,1e-07,,
"SPI","disable",3.24817,9.99999997e-08,,
"SPI","enable",3.2484061,9.99999997e-08,,
"SPI","disable",3.2486382,1e-07,,
"SPI","enable",3.2488703,9.99999997e-08,,
"SPI","disable",3.2491072,1e-07,,
"SPI","enable",3.2493451,1e-07,,
"SPI","disable",3.2495766,9.99999997e-08,,
"SPI","enable",3.2498019,9.99999997e-08,,
"SPI","disable",3.2500334,1e-07,,
"SPI","enable",3.2502709,1e-07,,
"SPI","disable",3.2505077,9.99999997e-08,,
"SPI","enable",3.2507449,1e-07,,
"SPI","disable",3.2509705,9.99999997e-08,,
"SPI","enable",3.2511968,9.99999997e-08,,
"SPI","disable",3.2514341,9.99999997e-08,,
"SPI","enable",3.2516701,9.99999997e-08,,
"SPI","disable",3.251907,9.99999997e-08,,
"SPI","enable",3.2521323,1e-07,,
"SPI","disable",3.2523698,1e-07,,
"SPI","enable",3.2526069,1e-07,,
"SPI","disable",3.2528328,9.99999997e-08,,
"SPI","enable",3.2530591,9.99999997e-08,,
"SPI","disable",3.2532852,9.99999997e-08,,
"SPI","enable",3.2535166,9.99999997e-08,,
"SPI","disable",3.2537534,1e-07,,
"SPI","enable",3.2539839,9.99999997e-08,,
"SPI","disable",3.2542147,1e-07,,
"SPI","enable",3.2544519,1e-07,,
"SPI","disable",3.2546834,1e-07,,
"SPI","enable",3.254909,9.99999997e-08,,
"SPI","disable",3.2551338,1e-07,,
"SPI","enable",3.2553696,1e-07,,
"SPI","disable",3.255606,9.99999997e-08,,
"SPI","enable",3.2558422,9.99999997e-08,,
"SPI","disable",3.2560797,1e-07,,
"SPI","enable",3.2563049,9.99999997e-08,,
"SPI","disable",3.2565293,9.99999997e-08,,
"SPI","enable",3.2567659,9.99999997e-08,,
"SPI","disable",3.2569913,9.99999997e-08,,
"SPI","enable",3.2572289,1e-07,,
"SPI","disable",3.2574659,9.99999997e-08,,
"SPI","enable",3.2577037,9.99999997e-08,,
"SPI","disable",3.2579403,9.99999997e-08,,
"SPI","enable",3.2581715,9.99999997e-08,,
"SPI","disable",3.2584026,9.99999997e-08,,
"SPI","enable",3.2586393,1e-07,,
"SPI","disable",3.2588693,9.99999997e-08,,
"SPI","enable",3.2590998,9.99999997e-08,,
"SPI","disable",3.2593354,1e-07,,
"SPI","enable",3.259571,9.99999997e-08,,
"SPI","disable",3.2598065,1e-07,,
"SPI","enable",3.2600423,1.00000001e-07,,
"SPI","disable",3.2602791,9.99999997e-08,,
"SPI","enable",3.2605151,9.99999997e-08,,
"SPI","disable",3.2607401,9.99999997e-08,,
"SPI","enable",3.2609763,1e-07,,
"SPI","disable",3.2612006,9.99999997e-08,,
"SPI","enable",3.2614379,1e-07,,
"SPI","disable",3.2616738,9.99999997e-08,,
"SPI","enable",3.2618984,1e-07,,
"SPI","disable",3.2621345,9.99999997e-08,,
"SPI","enable",3.2623594,1e-07,,
"SPI","disable",3.2625965,1e-07,,
"SPI","enable",3.2628317,9.99999997e-08,,
"SPI","disable",3.2630614,1.00000001e-07,,
"SPI","enable",3.2632913,9.99999997e-08,,
"SPI","disable",3.2635216,1.00000001e-07,,
"SPI","enable",3.2637526,9.99999997e-08,,
"SPI","disable",3.2639833,1e-07,,
"SPI","enable",3.2642142,1e-07,,
"SPI","disable",3.2644499,1.00000001e-07,,
"SPI","enable",3.2646816,1e-07,,
"SPI","disable",3.2649066,9.99999997e-08,,
"SPI","enable",3.2651428,9.99999997e-08,,
"SPI","disable",3.2653792,1e-07,,
"SPI","enable",3.2656043,1e-07,,
"SPI","disable",3.2658413,9.99999997e-08,,
"SPI","enable",3.2660781,9.99999997e-08,,
"SPI","disable",3.2663027,1e-07,,
"SPI","enable",3.2665381,9.99999997e-08,,
"SPI","disable",3.266774,1e-07,,
"SPI","enable",3.26701,1e-07,,
"SPI","disable",3.2672464,1e-07,,
"SPI","enable",3.2674725,1e-07,,
"SPI","disable",3.2677033,9.99999997e-08,,
"SPI","enable",3.2679392,1e-07,,
"SPI","disable",3.2681698,1e-07,,
"SPI","enable",3.2684015,9.99999997e-08,,
"SPI","disable",3.2686383,9.99999997e-08,,
"SPI","enable",3.2688683,1.00000001e-07,,
"SPI","disable",3.2690996,9.99999997e-08,,
"SPI","enable",3.2693364,1e-07,,
"SPI","disable",3.2695672,9.99999997e-08,,
"SPI","enable",3.2697938,9.99999997e-08,,
"SPI","disable",3.2700194,1e-07,,
"SPI","enable",3.2702556,9.99999997e-08,,
"SPI","disable",3.2704917,9.99999997e-08,,
"SPI","enable",3.2707167,1e-07,,
"SPI","disable",3.2709523,1e-07,,
"SPI","enable",3.2711888,9.99999997e-08,,
"SPI","disable",3.2714252,1e-07,,
"SPI","enable",3.2716624,1.00000001e-07,,
"SPI","disable",3.2718888,9.99999997e-08,,
"SPI","enable",3.2721136,9.99999997e-08,,
"SPI","disable",3.2723448,9.99999997e-08,,
"SPI","enable",3.272581,9.99999997e-08,,
"SPI","disable",3.2728112,9.99999997e-08,,
"SPI","enable",3.2730417,1e-07,,
"SPI","disable",3.2732715,1e-07,,
"SPI","enable",3.2735016,1e-07,,
"SPI","disable",3.2737368,9.99999997e-08,,
"SPI","enable",3.2739718,1e-07,,
"SPI","disable",3.2742025,1e-07,,
"SPI","enable",3.2744335,9.99999997e-08,,
"SPI","disable",3.2746699,9.99999997e-08,,
"SPI","enable",3.2749066,1e-07,,
"SPI","disable",3.2751321,1e-07,,
"SPI","enable",3.2753687,9.99999997e-08,,
"SPI","disable",3.275604,1e-07,,
"SPI","enable",3.2758394,9.99999997e-08,,
"SPI","disable",3.2760752,9.99999997e-08,,
"SPI","enable",3.276299,1e-07,,
"SPI","disable",3.2765339,9.99999997e-08,,
"SPI","enable",3.2767693,9.99999997e-08,,
"SPI","disable",3.2770045,1e-07,,
"SPI","enable",3.2772406,1.00000001e-07,,
"SPI","disable",3.2774765,9.99999997e-08,,
"SPI","enable",3.2777119,1e-07,,
"SPI","disable",3.277947,9.99999997e-08,,
"SPI","enable",3.278184,9.99999997e-08,,
"SPI","disable",3.2784203,9.99999997e-08,,
"SPI","enable",3.2786501,9.99999997e-08,,
"SPI","disable",3.2788801,1e-07,,
"SPI","enable",3.2791101,1e-07,,
"SPI","disable",3.2793394,1e-07,,
"SPI","enable",3.2795749,9.99999997e-08,,
"SPI","disable",3.279809,9.99999997e-08,,
"SPI","enable",3.2800439,1e-07,,
"SPI","disable",3.2802801,1e-07,,
"SPI","enable",3.2805052,1e-07,,
"SPI","disable",3.2807405,1e-07,,
"SPI","enable",3.280965,9.99999997e-08,,
"SPI","disable",3.2812008,9.99999997e-08,,
"SPI","enable",3.2814371,9.99999997e-08,,
"SPI","disable",3.2816734,1.00000001e-07,,
"SPI","enable",3.2819095,1e-07,,
"SPI","disable",3.2821341,1e-07,,
"SPI","enable",3.2823716,1e-07,,
"SPI","disable",3.2826076,9.99999997e-08,,
"SPI","enable",3.2828389,1e-07,,
"SPI","disable",3.2830697,9.99999997e-08,,
"SPI","enable",3.283306,9.99999997e-08,,
"SPI","disable",3.2835372,9.99999997e-08,,
"SPI","enable",3.2837679,9.99999997e-08,,
"SPI","disable",3.2840051,1e-07,,
"SPI","enable",3.2842362,1e-07,,
"SPI","disable",3.2844671,9.99999997e-08,,
"SPI","enable",3.2847045,9.99999997e-08,,
"SPI","disable",3.2849404,9.99999997e-08,,
"SPI","enable",3.2851727,9.99999997e-08,,
"SPI","disable",3.2853963,1e-07,,
"SPI","enable",3.2856319,1e-07,,
"SPI","disable",3.2858563,1e-07,,
"SPI","enable",3.2860921,1e-07,,
"SPI","disable",3.2863169,9.99999997e-08,,
"SPI","enable",3.286553,1e-07,,
"SPI","disable",3.2867899,9.99999997e-08,,
"SPI","enable",3.2870155,1e-07,,
"SPI","disable",3.2872522,9.99999997e-08,,
"SPI","enable",3.2874893,1e-07,,
"SPI","disable",3.2877146,9.99999997e-08,,
"SPI","enable",3.28794,1e-07,,
"SPI","disable",3.2881697,1e-07,,
"SPI","enable",3.2884,9.99999997e-08,,
"SPI","disable",3.2886301,1e-07,,
"SPI","enable",3.2888593,1e-07,,
"SPI","disable",3.2890891,9.99999997e-08,,
"SPI","enable",3.2893208,9.99999997e-08,,
"SPI","disable",3.2895464,1.00000001e-07,,
"SPI","enable",3.289783,1e-07,,
"SPI","disable",3.2900181,9.99999997e-08,,
"SPI","enable",3.2902533,1e-07,,
"SPI","disable",3.2904901,9.99999997e-08,,
"SPI","enable",3.290715,9.99999997e-08,,
"SPI","disable",3.2909514,9.99999997e-08,,
"SPI","enable",3.291188,9.99999997e-08,,
"SPI","disable",3.2914133,1.00000001e-07,,
"SPI","enable",3.2916493,9.99999997e-08,,
"SPI","disable",3.2918856,9.99999997e-08,,
"SPI","enable",3.2921102,9.99999997e-08,,
"SPI","disable",3.2923413,1e-07,,
"SPI","enable",3.2925716,9.99999997e-08,,
"SPI","disable",3.2928018,1.00000001e-07,,
"SPI","enable",3.2930377,9.99999997e-08,,
"SPI","disable",3.293268,1e-07,,
"SPI","enable",3.2934986,9.99999997e-08,,
"SPI","disable",3.2937292,9.99999997e-08,,
"SPI","enable",3.2939608,1e-07,,
"SPI","disable",3.294197,9.99999997e-08,,
"SPI","enable",3.2944335,1.00000001e-07,,
"SPI","disable",3.2946588,9.99999997e-08,,
"SPI","enable",3.2948954,9.99999997e-08,,
"SPI","disable",3.295131,1e-07,,
"SPI","enable",3.2953558,1e-07,,
"SPI","disable",3.2955924,1e-07,,
"SPI","enable",3.2958182,1e-07,,
"SPI","disable",3.2960437,1e-07,,
"SPI","enable",3.2962802,9.99999997e-08,,
"SPI","disable",3.2965168,1e-07,,
"SPI","enable",3.2967424,1.00000001e-07,,
"SPI","disable",3.2969728,1e-07,,
"SPI","enable",3.2972093,9.99999997e-08,,
"SPI","disable",3.2974402,9.99999997e-08,,
"SPI","enable",3.2976715,1e-07,,
"SPI","disable",3.2979074,9.99999997e-08,,
"SPI","enable",3.2981391,9.99999997e-08,,
"SPI","disable",3.2983703,1e-07,,
"SPI","enable",3.2986075,9.99999997e-08,,
"SPI","disable",3.2988438,9.99999997e-08,,
"SPI","enable",3.299075,9.99999997e-08,,
"SPI","disable",3.2992998,1e-07,,
"SPI","enable",3.2995363,9.99999997e-08,,
"SPI","disable",3.2997716,9.99999997e-08,,
"SPI","enable",3.3000074,1e-07,,
"SPI","disable",3.3002438,9.99999997e-08,,
"SPI","enable",3.300469,9.99999997e-08,,
"SPI","disable",3.3007046,9.99999997e-08,,
"SPI","enable",3.3009299,1e-07,,
"SPI","disable",3.3011663,9.99999997e-08,,
"SPI","enable",3.301402,9.99999997e-08,,
"SPI","disable",3.3016272,9.99999997e-08,,
"SPI","enable",3.3018567,9.99999997e-08,,
"SPI","disable",3.302087,9.99999997e-08,,
"SPI","enable",3.3023175,9.99999997e-08,,
"SPI","disable",3.3025538,9.99999997e-08,,
"SPI","enable",3.3027904,9.99999997e-08,,
"SPI","disable",3.303027,9.99999997e-08,,
"SPI","enable",3.3032635,1e-07,,
"SPI","disable",3.3034946,9.99999997e-08,,
"SPI","enable",3.303726,9.99999997e-08,,
"SPI","disable",3.3039625,1e-07,,
"SPI","enable",3.3041991,9.99999997e-08,,
"SPI","disable",3.304424,9.99999997e-08,,
"SPI","enable",3.304662,1e-07,,
"SPI","disable",3.3048987,1e-07,,
"SPI","enable",3.3051246,9.99999997e-08,,
"SPI","disable",3.3053505,1e-07,,
"SPI","enable",3.3055871,1.00000001e-07,,
"SPI","disable",3.3058245,1e-07,,
"SPI","enable",3.3060505,1e-07,,
"SPI","disable",3.3062763,9.99999997e-08,,
"SPI","enable",3.3065069,1e-07,,
"SPI","disable",3.3067428,1e-07,,
"SPI","enable",3.3069745,1e-07,,
"SPI","disable",3.3072051,9.99999997e-08,,
"SPI","enable",3.3074427,9.99999997e-08,,
"SPI","disable",3.3076797,9.99999997e-08,,
"SPI","enable",3.3079118,1e-07,,
"SPI","disable",3.3081374,9.99999997e-08,,
"SPI","enable",3.3083694,9.99999997e-08,,
"SPI","disable",3.3086064,9.99999997e-08,,
"SPI","enable",3.3088422,9.99999997e-08,,
"SPI","disable",3.3090784,9.99999997e-08,,
"SPI","enable",3.3093158,1e-07,,
"SPI","disable",3.3095522,9.99999997e-08,,
"SPI","enable",3.30979,9.99999997e-08,,
"SPI","disable",3.3100154,9.99999997e-08,,
"SPI","enable",3.3102414,1e-07,,
"SPI","disable",3.3104772,1e-07,,
"SPI","enable",3.310714,1e-07,,
"SPI","disable",3.3109399,9.99999997e-08,,
"SPI","enable",3.3111765,1e-07,,
"SPI","disable",3.3114139,1e-07,,
"SPI","enable",3.3116407,1e-07,,
"SPI","disable",3.3118667,1e-07,,
"SPI","enable",3.3120931,1.00000001e-07,,
"SPI","disable",3.3123195,9.99999997e-08,,
"SPI","enable",3.3125511,1.00000001e-07,,
"SPI","disable",3.3127878,9.99999997e-08,,
"SPI","enable",3.3130245,9.99999997e-08,,
"SPI","disable",3.3132562,9.99999997e-08,,
"SPI","enable",3.3134878,1e-07,,
"SPI","disable",3.313725,1e-07,,
"SPI","enable",3.3139614,9.99999997e-08,,
"SPI","disable",3.3141992,9.99999997e-08,,
"SPI","enable",3.3144256,1e-07,,
"SPI","disable",3.3146524,9.99999997e-08,,
"SPI","enable",3.3148788,1e-07,,
"SPI","disable",3.315116,1e-07,,
"SPI","enable",3.3153526,9.99999997e-08,,
"SPI","disable",3.31559,1e-07,,
"SPI","enable",3.3158156,1e-07,,
"SPI","disable",3.3160415,1e-07,,
"SPI","enable",3.3162787,1e-07,,
"SPI","disable",3.3165157,1e-07,,
"SPI","enable",3.3167474,9.99999997e-08,,
"SPI","disable",3.3169736,1e-07,,
"SPI","enable",3.3171995,9.99999997e-08,,
"SPI","disable",3.3174311,1e-07,,
"SPI","enable",3.3176679,9.99999997e-08,,
"SPI","disable",3.3178985,9.99999997e-08,,
"SPI","enable",3.3181246,9.99999997e-08,,
"SPI","disable",3.3183565,9.99999997e-08,,
"SPI","enable",3.3185937,1e-07,,
"SPI","disable",3.3188314,9.99999997e-08,,
"SPI","enable",3.3190693,1e-07,,
"SPI","disable",3.319296,1e-07,,
"SPI","enable",3.3195226,1e-07,,
"SPI","disable",3.3197487,1e-07,,
"SPI","enable",3.3199746,9.99999997e-08,,
"SPI","disable",3.3202126,9.99999997e-08,,
"SPI","enable",3.3204498,9.99999997e-08,,
"SPI","disable",3.320686,1e-07,,
"SPI","enable",3.3209234,1.00000001e-07,,
"SPI","disable",3.3211489,1.00000001e-07,,
"SPI","enable",3.3213796,9.99999997e-08,,
"SPI","disable",3.3216157,9.99999997e-08,,
"SPI","enable",3.3218466,9.99999997e-08,,
"SPI","disable",3.3220777,1e-07,,
"SPI","enable",3.3223141,1.00000001e-07,,
"SPI","disable",3.3225463,9.99999997e-08,,
"SPI","enable",3.3227722,9.99999997e-08,,
"SPI","disable",3.3230038,9.99999997e-08,,
"SPI","enable",3.3232408,1e-07,,
"SPI","disable",3.3234724,9.99999997e-08,,
"SPI","enable",3.3236985,1e-07,,
"SPI","disable",3.323925,9.99999997e-08,,
"SPI","enable",3.3241504,1e-07,,
"SPI","disable",3.3243874,9.99999997e-08,,
"SPI","enable",3.3246243,9.99999997e-08,,
"SPI","disable",3.3248499,1e-07,,
"SPI","enable",3.325076,9.99999997e-08,,
"SPI","disable",3.3253131,1e-07,,
"SPI","enable",3.3255501,9.99999997e-08,,
"SPI","disable",3.3257864,1e-07,,
"SPI","enable",3.3260173,1e-07,,
"SPI","disable",3.3262471,1.00000001e-07,,
"SPI","enable",3.3264773,9.99999997e-08,,
"SPI","disable",3.3267076,9.99999997e-08,,
"SPI","enable",3.3269437,9.99999997e-08,,
"SPI","disable",3.3271793,9.99999997e-08,,
"SPI","enable",3.3274157,9.99999997e-08,,
"SPI","disable",3.3276517,1e-07,,
"SPI","enable",3.3278887,1e-07,,
"SPI","disable",3.3281257,9.99999997e-08,,
"SPI","enable",3.3283571,1e-07,,
"SPI","disable",3.3285823,1e-07,,
"SPI","enable",3.328819,9.99999997e-08,,
"SPI","disable",3.3290559,9.99999997e-08,,
"SPI","enable",3.3292809,9.99999997e-08,,
"SPI","disable",3.3295069,9.99999997e-08,,
"SPI","enable",3.3297445,1e-07,,
"SPI","disable",3.3299812,9.99999997e-08,,
"SPI","enable",3.3302185,9.99999997e-08,,
"SPI","disable",3.3304425,9.99999997e-08,,
"SPI","enable",3.3306777,1e-07,,
"SPI","disable",3.330908,9.99999997e-08,,
"SPI","enable",3.3311385,1.00000001e-07,,
"SPI","disable",3.3313685,9.99999997e-08,,
"SPI","enable",3.3315989,1e-07,,
"SPI","disable",3.3318295,1e-07,,
"SPI","enable",3.3320594,1e-07,,
"SPI","disable",3.3322963,1e-07,,
"SPI","enable",3.3325273,9.99999997e-08,,
"SPI","disable",3.3327575,9.99999997e-08,,
"SPI","enable",3.332994,1e-07,,
"SPI","disable",3.3332301,9.99999997e-08,,
"SPI","enable",3.3334543,1e-07,,
"SPI","disable",3.3336895,9.99999997e-08,,
"SPI","enable",3.3339143,9.99999997e-08,,
"SPI","disable",3.3341514,9.99999997e-08,,
"SPI","enable",3.3343772,1e-07,,
"SPI","disable",3.334603,9.99999997e-08,,
"SPI","enable",3.3348392,1e-07,,
"SPI","disable",3.3350763,1.00000001e-07,,
"SPI","enable",3.3353022,9.99999997e-08,,
"SPI","disable",3.3355338,1.00000001e-07,,
"SPI","enable",3.3357706,1e-07,,
"SPI","disable",3.3360067,9.99999997e-08,,
"SPI","enable",3.3362383,9.99999997e-08,,
"SPI","disable",3.3364695,9.99999997e-08,,
"SPI","enable",3.3367052,1e-07,,
"SPI","disable",3.3369368,1e-07,,
"SPI","enable",3.3371629,9.99999997e-08,,
"SPI","disable",3.3373935,9.99999997e-08,,
"SPI","enable",3.3376296,9.99999997e-08,,
"SPI","disable",3.3378666,1e-07,,
"SPI","enable",3.3381052,9.99999997e-08,,
"SPI","disable",3.3383422,9.99999997e-08,,
"SPI","enable",3.3385808,1.00000001e-07,,
"SPI","disable",3.3388181,1e-07,,
"SPI","enable",3.3390554,1.00000001e-07,,
"SPI","disable",3.3392821,9.99999997e-08,,
"SPI","enable",3.3395091,1e-07,,
"SPI","disable",3.3397367,9.99999997e-08,,
"SPI","enable",3.3399634,1.00000001e-07,,
"SPI","disable",3.3401892,9.99999997e-08,,
"SPI","enable",3.3404162,9.99999997e-08,,
"SPI","disable",3.3406415,1e-07,,
"SPI","enable",3.3408737,9.99999997e-08,,
"SPI","disable",3.3411119,1e-07,,
"SPI","enable",3.341351,9.99999997e-08,,
"SPI","disable",3.3415888,1e-07,,
"SPI","enable",3.3418261,9.99999997e-08,,
"SPI","disable",3.3420631,1e-07,,
"SPI","enable",3.3422943,1e-07,,
"SPI","disable",3.3425201,9.99999997e-08,,
"SPI","enable",3.3427459,9.99999997e-08,,
"SPI","disable",3.3429826,1e-07,,
"SPI","enable",3.3432194,1e-07,,
"SPI","disable",3.3434446,9.99999997e-08,,
"SPI","enable",3.3436816,1e-07,,
"SPI","disable",3.3439184,1e-07,,
"SPI","enable",3.3441546,9.99999997e-08,,
"SPI","disable",3.3443915,9.99999997e-08,,
"SPI","enable",3.3446277,1e-07,,
"SPI","disable",3.3448644,9.99999997e-08,,
"SPI","enable",3.3450899,9.99999997e-08,,
"SPI","disable",3.3453268,1e-07,,
"SPI","enable",3.3455633,1e-07,,
"SPI","disable",3.3457895,9.99999997e-08,,
"SPI","enable",3.3460164,1e-07,,
"SPI","disable",3.3462426,9.99999997e-08,,
"SPI","enable",3.3464734,1e-07,,
"SPI","disable",3.3467099,1e-07,,
"SPI","enable",3.3469407,9.99999997e-08,,
"SPI","disable",3.3471716,1e-07,,
"SPI","enable",3.3474088,9.99999997e-08,,
"SPI","disable",3.34764,9.99999997e-08,,
"SPI","enable",3.3478655,9.99999997e-08,,
"SPI","disable",3.3481027,1e-07,,
"SPI","enable",3.3483404,9.99999997e-08,,
"SPI","disable",3.3485773,1e-07,,
"SPI","enable",3.3488142,9.99999997e-08,,
"SPI","disable",3.3490399,9.99999997e-08,,
"SPI","enable",3.3492771,9.99999997e-08,,
"SPI","disable",3.3495141,1e-07,,
"SPI","enable",3.349751,1.00000001e-07,,
"SPI","disable",3.3499763,1e-07,,
"SPI","enable",3.3502135,9.99999997e-08,,
"SPI","disable",3.3504508,9.99999997e-08,,
"SPI","enable",3.3506875,1e-07,,
"SPI","disable",3.3509194,1e-07,,
"SPI","enable",3.3511456,9.99999997e-08,,
"SPI","disable",3.3513762,1e-07,,
"SPI","enable",3.351613,9.99999997e-08,,
"SPI","disable",3.3518435,9.99999997e-08,,
"SPI","enable",3.3520746,1e-07,,
"SPI","disable",3.3523103,9.99999997e-08,,
"SPI","enable",3.3525412,9.99999997e-08,,
"SPI","disable",3.3527719,9.99999997e-08,,
"SPI","enable",3.3530091,1e-07,,
"SPI","disable",3.3532458,1e-07,,
"SPI","enable",3.353472,9.99999997e-08,,
"SPI","disable",3.3537097,9.99999997e-08,,
"SPI","enable",3.353948,1e-07,,
"SPI","disable",3.3541854,9.99999997e-08,,
"SPI","enable",3.3544234,9.99999997e-08,,
"SPI","disable",3.3546599,9.99999997e-08,,
"SPI","enable",3.3548861,1.00000001e-07,,
"SPI","disable",3.3551122,1e-07,,
"SPI","enable",3.3553496,1e-07,,
"SPI","disable",3.355586,9.99999997e-08,,
"SPI","enable",3.3558239,1e-07,,
"SPI","disable",3.3560505,1e-07,,
"SPI","enable",3.3562769,9.99999997e-08,,
"SPI","disable",3.3565042,1e-07,,
"SPI","enable",3.3567305,1.00000001e-07,,
"SPI","disable",3.3569558,9.99999997e-08,,
"SPI","enable",3.3571874,1e-07,,
"SPI","disable",3.357425,9.99999997e-08,,
"SPI","enable",3.3576572,1e-07,,
"SPI","disable",3.3578827,9.99999997e-08,,
"SPI","enable",3.3581095,1e-07,,
"SPI","disable",3.3583361,1e-07,,
"SPI","enable",3.3585616,1e-07,,
"SPI","disable",3.3587992,9.99999997e-08,,
"SPI","enable",3.359036,9.99999997e-08,,
"SPI","disable",3.3592721,9.99999997e-08,,
"SPI","enable",3.3594977,1e-07,,
"SPI","disable",3.3597349,1e-07,,
"SPI","enable",3.3599724,9.99999997e-08,,
"SPI","disable",3.3602086,9.99999997e-08,,
"SPI","enable",3.3604343,1e-07,,
"SPI","disable",3.3606652,1e-07,,
"SPI","enable",3.3609018,9.99999997e-08,,
"SPI","disable",3.3611338,9.99999997e-08,,
"SPI","enable",3.361365,9.99999997e-08,,
"SPI","disable",3.3616024,9.99999997e-08,,
"SPI","enable",3.3618396,9.99999997e-08,,
"SPI","disable",3.3620694,9.99999997e-08,,
"SPI","enable",3.3622998,9.99999997e-08,,
"SPI","disable",3.3625366,1e-07,,
"SPI","enable",3.362767,1e-07,,
"SPI","disable",3.3629934,9.99999997e-08,,
"SPI","enable",3.36323,1e-07,,
"SPI","disable",3.3634665,1e-07,,
"SPI","enable",3.3636922,9.99999997e-08,,
"SPI","disable",3.3639286,1.00000001e-07,,
"SPI","enable",3.3641653,1e-07,,
"SPI","disable",3.3643911,9.99999997e-08,,
"SPI","enable",3.3646165,1e-07,,
"SPI","disable",3.3648527,9.99999997e-08,,
"SPI","enable",3.3650901,9.99999997e-08,,
"SPI","disable",3.3653149,1e-07,,
"SPI","enable",3.3655461,9.99999997e-08,,
"SPI","disable",3.3657827,9.99999997e-08,,
"SPI","enable",3.3660143,1e-07,,
"SPI","disable",3.3662404,9.99999997e-08,,
"SPI","enable",3.3664714,9.99999997e-08,,
"SPI","disable",3.366708,9.99999997e-08,,
"SPI","enable",3.3669385,1e-07,,
"SPI","disable",3.3671688,9.99999997e-08,,
"SPI","enable",3.367406,1e-07,,
"SPI","disable",3.3676372,1.00000001e-07,,
"SPI","enable",3.3678621,1e-07,,
"SPI","disable",3.3680982,1e-07,,
"SPI","enable",3.3683338,1e-07,,
"SPI","disable",3.3685693,1.00000001e-07,,
"SPI","enable",3.368806,1e-07,,
"SPI","disable",3.3690302,9.99999997e-08,,
"SPI","enable",3.3692668,9.99999997e-08,,
"SPI","disable",3.3694921,9.99999997e-08,,
"SPI","enable",3.3697279,9.99999997e-08,,
"SPI","disable",3.3699652,9.99999997e-08,,
"SPI","enable",3.3701907,9.99999997e-08,,
"SPI","disable",3.3704164,1e-07,,
"SPI","enable",3.3706472,1e-07,,
"SPI","disable",3.3708839,1e-07,,
"SPI","enable",3.3711149,1.00000001e-07,,
"SPI","disable",3.3713455,1e-07,,
"SPI","enable",3.3715814,1e-07,,
"SPI","disable",3.3718171,1e-07,,
"SPI","enable",3.3720532,1e-07,,
"SPI","disable",3.3722881,9.99999997e-08,,
"SPI","enable",3.3725234,9.99999997e-08,,
"SPI","disable",3.3727594,1e-07,,
"SPI","enable",3.3729955,9.99999997e-08,,
"SPI","disable",3.3732305,9.99999997e-08,,
"SPI","enable",3.3734669,1e-07,,
"SPI","disable",3.3737039,1e-07,,
"SPI","enable",3.3739287,9.99999997e-08,,
"SPI","disable",3.3741644,9.99999997e-08,,
"SPI","enable",3.3744005,9.99999997e-08,,
"SPI","disable",3.3746257,9.99999997e-08,,
"SPI","enable",3.3748625,1.00000001e-07,,
"SPI","disable",3.3750878,9.99999997e-08,,
"SPI","enable",3.3753124,1e-07,,
"SPI","disable",3.375544,9.99999997e-08,,
"SPI","enable",3.3757744,9.99999997e-08,,
"SPI","disable",3.3760045,9.99999997e-08,,
"SPI","enable",3.3762403,1e-07,,
"SPI","disable",3.3764771,1.00000001e-07,,
"SPI","enable",3.3767146,9.99999997e-08,,
"SPI","disable",3.3769517,1.00000001e-07,,
"SPI","enable",3.3771876,9.99999997e-08,,
"SPI","disable",3.3774228,9.99999997e-08,,
"SPI","enable",3.3776584,9.99999997e-08,,
"SPI","disable",3.3778954,1e-07,,
"SPI","enable",3.3781327,9.99999997e-08,,
"SPI","disable",3.378369,9.99999997e-08,,
"SPI","enable",3.3786065,1e-07,,
"SPI","disable",3.3788324,1e-07,,
"SPI","enable",3.3790693,1.00000001e-07,,
"SPI","disable",3.379306,9.99999997e-08,,
"SPI","enable",3.3795425,1e-07,,
"SPI","disable",3.3797681,9.99999997e-08,,
"SPI","enable",3.3800052,1.00000001e-07,,
"SPI","disable",3.3802421,1e-07,,
"SPI","enable",3.3804674,9.99999997e-08,,
"SPI","disable",3.3806922,1e-07,,
"SPI","enable",3.3809247,9.99999997e-08,,
"SPI","disable",3.3811614,1e-07,,
"SPI","enable",3.3813924,9.99999997e-08,,
"SPI","disable",3.381623,1e-07,,
"SPI","enable",3.3818592,1e-07,,
"SPI","disable",3.3820898,9.99999997e-08,,
"SPI","enable",3.3823211,9.99999997e-08,,
"SPI","disable",3.3825576,9.99999997e-08,,
"SPI","enable",3.3827882,1e-07,,
"SPI","disable",3.3830178,9.99999997e-08,,
"SPI","enable",3.3832539,9.99999997e-08,,
"SPI","disable",3.3834784,9.99999997e-08,,
"SPI","enable",3.3837151,1e-07,,
"SPI","disable",3.3839524,9.99999997e-08,,
"SPI","enable",3.3841776,9.99999997e-08,,
"SPI","disable",3.3844141,1e-07,,
"SPI","enable",3.3846518,1e-07,,
"SPI","disable",3.3848769,9.99999997e-08,,
"SPI","enable",3.3851026,9.99999997e-08,,
"SPI","disable",3.3853391,1e-07,,
"SPI","enable",3.3855764,9.99999997e-08,,
"SPI","disable",3.3858082,9.99999997e-08,,
"SPI","enable",3.3860339,9.99999997e-08,,
"SPI","disable",3.386265,1e-07,,
"SPI","enable",3.3865012,9.99999997e-08,,
"SPI","disable",3.3867326,9.99999997e-08,,
"SPI","enable",3.3869581,9.99999997e-08,,
"SPI","disable",3.387189,1e-07,,
"SPI","enable",3.3874251,9.99999997e-08,,
"SPI","disable",3.3876612,1e-07,,
"SPI","enable",3.387899,9.99999997e-08,,
"SPI","disable",3.388136,1e-07,,
"SPI","enable",3.388373,9.99999997e-08,,
"SPI","disable",3.3885983,9.99999997e-08,,
"SPI","enable",3.3888349,1e-07,,
"SPI","disable",3.3890713,1e-07,,
"SPI","enable",3.3892959,9.99999997e-08,,
"SPI","disable",3.3895311,9.99999997e-08,,
"SPI","enable",3.3897669,9.99999997e-08,,
"SPI","disable",3.3900025,9.99999997e-08,,
"SPI","enable",3.3902378,9.99999997e-08,,
"SPI","disable",3.3904737,1e-07,,
"SPI","enable",3.3907108,1e-07,,
"SPI","disable",3.3909368,9.99999997e-08,,
"SPI","enable",3.3911668,1e-07,,
"SPI","disable",3.3914027,9.99999997e-08,,
"SPI","enable",3.3916391,1e-07,,
"SPI","disable",3.3918759,9.99999997e-08,,
"SPI","enable",3.3921127,9.99999997e-08,,
"SPI","disable",3.3923434,9.99999997e-08,,
"SPI","enable",3.3925751,1e-07,,
"SPI","disable",3.392812,9.99999997e-08,,
"SPI","enable",3.3930437,9.99999997e-08,,
"SPI","disable",3.3932687,9.99999997e-08,,
"SPI","enable",3.3934937,9.99999997e-08,,
"SPI","disable",3.3937296,1e-07,,
"SPI","enable",3.3939552,9.99999997e-08,,
"SPI","disable",3.3941924,1e-07,,
"SPI","enable",3.3944299,9.99999997e-08,,
"SPI","disable",3.3946662,9.99999997e-08,,
"SPI","enable",3.3948925,1e-07,,
"SPI","disable",3.3951187,1e-07,,
"SPI","enable",3.3953561,1e-07,,
"SPI","disable",3.3955926,9.99999997e-08,,
"SPI","enable",3.3958297,9.99999997e-08,,
"SPI","disable",3.3960606,9.99999997e-08,,
"SPI","enable",3.3962916,9.99999997e-08,,
"SPI","disable",3.3965282,9.99999997e-08,,
"SPI","enable",3.3967589,1e-07,,
"SPI","disable",3.3969898,9.99999997e-08,,
"SPI","enable",3.3972258,9.99999997e-08,,
"SPI","disable",3.3974569,1.00000001e-07,,
"SPI","enable",3.3976876,1e-07,,
"SPI","disable",3.397924,1e-07,,
"SPI","enable",3.3981544,9.99999997e-08,,
"SPI","disable",3.398379,1e-07,,
"SPI","enable",3.3986158,9.99999997e-08,,
"SPI","disable",3.3988412,9.99999997e-08,,
"SPI","enable",3.3990671,1e-07,,
"SPI","disable",3.3993037,1e-07,,
"SPI","enable",3.3995409,1e-07,,
"SPI","disable",3.3997658,9.99999997e-08,,
"SPI","enable",3.4000016,9.99999997e-08,,
"SPI","disable",3.4002374,9.99999997e-08,,
"SPI","enable",3.4004742,9.99999997e-08,,
"SPI","disable",3.4007103,9.99999997e-08,,
"SPI","enable",3.4009356,1e-07,,
"SPI","disable",3.4011675,9.99999997e-08,,
"SPI","enable",3.401405,9.99999997e-08,,
"SPI","disable",3.4016413,9.99999997e-08,,
"SPI","enable",3.4018726,1.00000001e-07,,
"SPI","disable",3.4021042,9.99999997e-08,,
"SPI","enable",3.4023412,9.99999997e-08,,
"SPI","disable",3.402579,1e-07,,
"SPI","enable",3.4028161,1e-07,,
"SPI","disable",3.4030471,9.99999997e-08,,
"SPI","enable",3.4032784,9.99999997e-08,,
"SPI","disable",3.4035159,1e-07,,
"SPI","enable",3.4037537,9.99999997e-08,,
"SPI","disable",3.4039908,1e-07,,
"SPI","enable",3.4042275,1e-07,,
"SPI","disable",3.4044534,9.99999997e-08,,
"SPI","enable",3.4046898,1e-07,,
"SPI","disable",3.404926,1e-07,,
"SPI","enable",3.4051518,9.99999997e-08,,
"SPI","disable",3.405389,9.99999997e-08,,
"SPI","enable",3.4056263,9.99999997e-08,,
"SPI","disable",3.4058637,1e-07,,
"SPI","enable",3.4060889,1e-07,,
"SPI","disable",3.4063141,1e-07,,
"SPI","enable",3.4065452,9.99999997e-08,,
"SPI","disable",3.4067821,9.99999997e-08,,
"SPI","enable",3.4070129,1e-07,,
"SPI","disable",3.4072446,1e-07,,
"SPI","enable",3.4074819,9.99999997e-08,,
"SPI","disable",3.4077184,1e-07,,
"SPI","enable",3.4079494,1e-07,,
"SPI","disable",3.4081814,1e-07,,
"SPI","enable",3.4084192,1e-07,,
"SPI","disable",3.4086559,1e-07,,
"SPI","enable",3.4088885,1e-07,,
"SPI","disable",3.4091151,1e-07,,
"SPI","enable",3.4093408,1e-07,,
"SPI","disable",3.4095659,9.99999997e-08,,
"SPI","enable",3.4098035,1e-07,,
"SPI","disable",3.4100406,1e-07,,
"SPI","enable",3.4102779,9.99999997e-08,,
"SPI","disable",3.4105032,9.99999997e-08,,
"SPI","enable",3.4107284,9.99999997e-08,,
"SPI","disable",3.4109647,9.99999997e-08,,
"SPI","enable",3.4112014,1e-07,,
"SPI","disable",3.4114378,1.00000001e-07,,
"SPI","enable",3.4116744,1e-07,,
"SPI","disable",3.4119114,1e-07,,
"SPI","enable",3.4121429,9.99999997e-08,,
"SPI","disable",3.4123746,9.99999997e-08,,
"SPI","enable",3.412612,9.99999997e-08,,
"SPI","disable",3.4128489,1e-07,,
"SPI","enable",3.4130799,9.99999997e-08,,
"SPI","disable",3.4133115,1e-07,,
"SPI","enable",3.4135493,9.99999997e-08,,
"SPI","disable",3.4137869,1e-07,,
"SPI","enable",3.4140243,1e-07,,
"SPI","disable",3.414256,9.99999997e-08,,
"SPI","enable",3.414482,9.99999997e-08,,
"SPI","disable",3.4147078,9.99999997e-08,,
"SPI","enable",3.4149327,1e-07,,
"SPI","disable",3.4151702,1e-07,,
"SPI","enable",3.4154064,9.99999997e-08,,
"SPI","disable",3.4156319,9.99999997e-08,,
"SPI","enable",3.415869,1e-07,,
"SPI","disable",3.4161063,9.99999997e-08,,
"SPI","enable",3.4163321,9.99999997e-08,,
"SPI","disable",3.4165569,1.00000001e-07,,
"SPI","enable",3.4167887,9.99999997e-08,,
"SPI","disable",3.4170261,9.99999997e-08,,
"SPI","enable",3.4172582,9.99999997e-08,,
"SPI","disable",3.4174837,9.99999997e-08,,
"SPI","enable",3.4177154,9.99999997e-08,,
"SPI","disable",3.4179524,1.00000001e-07,,
"SPI","enable",3.4181897,1e-07,,
"SPI","disable",3.4184262,1e-07,,
"SPI","enable",3.418659,1e-07,,
"SPI","disable",3.4188847,9.99999997e-08,,
"SPI","enable",3.4191103,1e-07,,
"SPI","disable",3.4193478,1e-07,,
"SPI","enable",3.4195864,9.99999997e-08,,
"SPI","disable",3.4198241,1e-07,,
"SPI","enable",3.4200602,9.99999997e-08,,
"SPI","disable",3.4202968,9.99999997e-08,,
"SPI","enable",3.4205349,1.00000001e-07,,
"SPI","disable",3.4207723,1e-07,,
"SPI","enable",3.4210103,1e-07,,
"SPI","disable",3.4212475,9.99999997e-08,,
"SPI","enable",3.4214843,1e-07,,
"SPI","disable",3.42171,9.99999997e-08,,
"SPI","enable",3.4219473,1e-07,,
"SPI","disable",3.4221842,1e-07,,
"SPI","enable",3.4224204,9.99999997e-08,,
"SPI","disable",3.4226505,9.99999997e-08,,
"SPI","enable",3.4228809,9.99999997e-08,,
"SPI","disable",3.423113,1e-07,,
"SPI","enable",3.4233387,1e-07,,
"SPI","disable",3.4235688,9.99999997e-08,,
"SPI","enable",3.4237994,1e-07,,
"SPI","disable",3.4240307,1e-07,,
"SPI","enable",3.4242678,9.99999997e-08,,
"SPI","disable",3.4245047,9.99999997e-08,,
"SPI","enable",3.424736,1e-07,,
"SPI","disable",3.4249604,1e-07,,
"SPI","enable",3.4251965,1e-07,,
"SPI","disable",3.4254327,1e-07,,
"SPI","enable",3.425658,1e-07,,
"SPI","disable",3.4258936,9.99999997e-08,,
"SPI","enable",3.4261188,1e-07,,
"SPI","disable",3.4263559,1e-07,,
"SPI","enable",3.4265921,9.99999997e-08,,
"SPI","disable",3.4268173,9.99999997e-08,,
"SPI","enable",3.4270473,1.00000001e-07,,
"SPI","disable",3.4272829,1e-07,,
"SPI","enable",3.4275196,9.99999997e-08,,
"SPI","disable",3.4277556,1e-07,,
"SPI","enable",3.4279862,1e-07,,
"SPI","disable",3.4282166,1e-07,,
"SPI","enable",3.4284527,1e-07,,
"SPI","disable",3.4286886,9.99999997e-08,,
"SPI","enable",3.4289238,1e-07,,
"SPI","disable",3.4291585,1e-07,,
"SPI","enable",3.4293871,9.99999997e-08,,
"SPI","disable",3.4296104,9.99999997e-08,,
"SPI","enable",3.4298446,9.99999997e-08,,
"SPI","disable",3.4300808,1e-07,,
"SPI","enable",3.430306,1e-07,,
"SPI","disable",3.4305424,9.99999997e-08,,
"SPI","enable",3.4307785,9.99999997e-08,,
"SPI","disable",3.4310034,1.00000001e-07,,
"SPI","enable",3.4312392,1e-07,,
"SPI","disable",3.4314636,1e-07,,
"SPI","enable",3.4316999,1e-07,,
"SPI","disable",3.4319362,9.99999997e-08,,
"SPI","enable",3.432173,9.99999997e-08,,
"SPI","disable",3.4324105,9.99999997e-08,,
"SPI","enable",3.4326483,1e-07,,
"SPI","disable",3.4328803,1e-07,,
"SPI","enable",3.4331063,9.99999997e-08,,
"SPI","disable",3.4333312,9.99999997e-08,,
"SPI","enable",3.4335634,1e-07,,
"SPI","disable",3.4338002,1.00000001e-07,,
"SPI","enable",3.4340309,9.99999997e-08,,
"SPI","disable",3.4342613,9.99999997e-08,,
"SPI","enable",3.4344983,9.99999997e-08,,
"SPI","disable",3.4347343,9.99999997e-08,,
"SPI","enable",3.4349598,9.99999997e-08,,
"SPI","disable",3.4351967,9.99999997e-08,,
"SPI","enable",3.4354336,9.99999997e-08,,
"SPI","disable",3.4356589,9.99999997e-08,,
"SPI","enable",3.4358953,1.00000001e-07,,
"SPI","disable",3.4361321,1e-07,,
"SPI","enable",3.4363585,1e-07,,
"SPI","disable",3.4365847,1e-07,,
"SPI","enable",3.4368107,9.99999997e-08,,
"SPI","disable",3.4370414,9.99999997e-08,,
"SPI","enable",3.4372782,9.99999997e-08,,
"SPI","disable",3.4375094,9.99999997e-08,,
"SPI","enable",3.4377409,9.99999997e-08,,
"SPI","disable",3.4379783,9.99999997e-08,,
"SPI","enable",3.4382156,1e-07,,
"SPI","disable",3.4384476,1e-07,,
"SPI","enable",3.4386729,1e-07,,
"SPI","disable",3.4389046,1e-07,,
"SPI","enable",3.4391416,1e-07,,
"SPI","disable",3.439378,9.99999997e-08,,
"SPI","enable",3.4396156,9.99999997e-08,,
"SPI","disable",3.4398419,1e-07,,
"SPI","enable",3.4400675,9.99999997e-08,,
"SPI","disable",3.4403044,9.99999997e-08,,
"SPI","enable",3.4405411,1e-07,,
"SPI","disable",3.4407664,1e-07,,
"SPI","enable",3.4409925,9.99999997e-08,,
"SPI","disable",3.4412296,9.99999997e-08,,
"SPI","enable",3.4414667,1e-07,,
"SPI","disable",3.4416912,9.99999997e-08,,
"SPI","enable",3.4419214,9.99999997e-08,,
"SPI","disable",3.4421579,9.99999997e-08,,
"SPI","enable",3.4423883,9.99999997e-08,,
"SPI","disable",3.4426187,1e-07,,
"SPI","enable",3.4428553,9.99999997e-08,,
"SPI","disable",3.4430909,9.99999997e-08,,
"SPI","enable",3.4433273,9.99999997e-08,,
"SPI","disable",3.4435586,1e-07,,
"SPI","enable",3.4437901,9.99999997e-08,,
"SPI","disable",3.4440266,1e-07,,
"SPI","enable",3.4442627,1e-07,,
"SPI","disable",3.4444991,1e-07,,
"SPI","enable",3.4447354,1e-07,,
"SPI","disable",3.444972,1.00000001e-07,,
"SPI","enable",3.4451986,1.00000001e-07,,
"SPI","disable",3.4454244,1e-07,,
"SPI","enable",3.4456605,1e-07,,
"SPI","disable",3.4458968,1e-07,,
"SPI","enable",3.4461227,1e-07,,
"SPI","disable",3.4463603,1e-07,,
"SPI","enable",3.4465968,1e-07,,
"SPI","disable",3.4468334,9.99999997e-08,,
"SPI","enable",3.4470586,9.99999997e-08,,
"SPI","disable",3.4472893,9.99999997e-08,,
"SPI","enable",3.4475251,1e-07,,
"SPI","disable",3.4477611,9.99999997e-08,,
"SPI","enable",3.4479981,1e-07,,
"SPI","disable",3.4482285,1.00000001e-07,,
"SPI","enable",3.4484592,1e-07,,
"SPI","disable",3.4486959,9.99999997e-08,,
"SPI","enable",3.4489274,9.99999997e-08,,
"SPI","disable",3.4491535,9.99999997e-08,,
"SPI","enable",3.4493792,9.99999997e-08,,
"SPI","disable",3.4496153,9.99999997e-08,,
"SPI","enable",3.449852,1e-07,,
"SPI","disable",3.4500776,9.99999997e-08,,
"SPI","enable",3.4503142,9.99999997e-08,,
"SPI","disable",3.4505503,9.99999997e-08,,
"SPI","enable",3.4507757,1.00000001e-07,,
"SPI","disable",3.4510116,9.99999997e-08,,
"SPI","enable",3.451248,9.99999997e-08,,
"SPI","disable",3.4514734,1e-07,,
"SPI","enable",3.45171,1e-07,,
"SPI","disable",3.4519472,1e-07,,
"SPI","enable",3.4521779,9.99999997e-08,,
"SPI","disable",3.4524082,1e-07,,
"SPI","enable",3.4526449,9.99999997e-08,,
"SPI","disable",3.4528762,9.99999997e-08,,
"SPI","enable",3.4531074,1e-07,,
"SPI","disable",3.4533439,9.99999997e-08,,
"SPI","enable",3.4535757,1e-07,,
"SPI","disable",3.4538007,1e-07,,
"SPI","enable",3.4540314,1e-07,,
"SPI","disable",3.4542685,9.99999997e-08,,
"SPI","enable",3.4545055,1e-07,,
"SPI","disable",3.4547311,9.99999997e-08,,
"SPI","enable",3.4549566,9.99999997e-08,,
"SPI","disable",3.4551934,9.99999997e-08,,
"SPI","enable",3.4554292,1e-07,,
"SPI","disable",3.4556541,1e-07,,
"SPI","enable",3.4558912,1e-07,,
"SPI","disable",3.4561172,9.99999997e-08,,
"SPI","enable",3.4563435,9.99999997e-08,,
"SPI","disable",3.4565743,9.99999997e-08,,
"SPI","enable",3.4568111,1e-07,,
"SPI","disable",3.457043,9.99999997e-08,,
"SPI","enable",3.4572693,1e-07,,
"SPI","disable",3.4574959,1e-07,,
"SPI","enable",3.4577216,9.99999997e-08,,
"SPI","disable",3.457953,1e-07,,
"SPI","enable",3.4581899,1e-07,,
"SPI","disable",3.4584211,1e-07,,
"SPI","enable",3.4586488,9.99999997e-08,,
"SPI","disable",3.4588757,9.99999997e-08,,
"SPI","enable",3.4591024,1e-07,,
"SPI","disable",3.4593294,9.99999997e-08,,
"SPI","enable",3.4595563,9.99999997e-08,,
"SPI","disable",3.4597839,9.99999997e-08,,
"SPI","enable",3.4600118,9.99999997e-08,,
"SPI","disable",3.4602383,1e-07,,
"SPI","enable",3.4604647,1e-07,,
"SPI","disable",3.4606907,1e-07,,
"SPI","enable",3.4609176,9.99999997e-08,,
"SPI","disable",3.46115,9.99999997e-08,,
"SPI","enable",3.4613873,9.99999997e-08,,
"SPI","disable",3.4616251,9.99999997e-08,,
"SPI","enable",3.4618615,1e-07,,
"SPI","disable",3.4620932,1e-07,,
"SPI","enable",3.4623199,1e-07,,
"SPI","disable",3.4625457,9.99999997e-08,,
"SPI","enable",3.4627711,1e-07,,
"SPI","disable",3.4630081,9.99999997e-08,,
"SPI","enable",3.4632439,1e-07,,
"SPI","disable",3.463469,1e-07,,
"SPI","enable",3.463705,9.99999997e-08,,
"SPI","disable",3.46393,9.99999997e-08,,
"SPI","enable",3.4641663,1e-07,,
"SPI","disable",3.4644023,9.99999997e-08,,
"SPI","enable",3.4646274,1e-07,,
"SPI","disable",3.4648586,1e-07,,
"SPI","enable",3.4650946,9.99999997e-08,,
"SPI","disable",3.4653248,1e-07,,
"SPI","enable",3.4655557,1e-07,,
"SPI","disable",3.465788,1e-07,,
"SPI","enable",3.4660138,1e-07,,
"SPI","disable",3.4662389,1e-07,,
"SPI","enable",3.4664705,1e-07,,
"SPI","disable",3.4667067,9.99999997e-08,,
"SPI","enable",3.4669429,1e-07,,
"SPI","disable",3.4671796,1e-07,,
"SPI","enable",3.467417,9.99999997e-08,,
"SPI","disable",3.4676536,1e-07,,
"SPI","enable",3.467879,1e-07,,
"SPI","disable",3.4681159,1e-07,,
"SPI","enable",3.468353,9.99999997e-08,,
"SPI","disable",3.4685898,9.99999997e-08,,
"SPI","enable",3.4688157,9.99999997e-08,,
"SPI","disable",3.4690539,1e-07,,
"SPI","enable",3.4692914,1e-07,,
"SPI","disable",3.4695281,1e-07,,
"SPI","enable",3.4697653,1e-07,,
"SPI","disable",3.469996,9.99999997e-08,,
"SPI","enable",3.470227,9.99999997e-08,,
"SPI","disable",3.4704632,9.99999997e-08,,
"SPI","enable",3.4706942,1e-07,,
"SPI","disable",3.4709254,9.99999997e-08,,
"SPI","enable",3.4711623,9.99999997e-08,,
"SPI","disable",3.4713932,9.99999997e-08,,
"SPI","enable",3.4716183,1.00000001e-07,,
"SPI","disable",3.4718495,1e-07,,
"SPI","enable",3.4720868,9.99999997e-08,,
"SPI","disable",3.4723183,9.99999997e-08,,
"SPI","enable",3.4725447,1e-07,,
"SPI","disable",3.4727825,9.99999997e-08,,
"SPI","enable",3.4730209,1e-07,,
"SPI","disable",3.4732593,9.99999997e-08,,
"SPI","enable",3.4734964,1e-07,,
"SPI","disable",3.4737333,9.99999997e-08,,
"SPI","enable",3.4739711,1e-07,,
"SPI","disable",3.4741962,9.99999997e-08,,
"SPI","enable",3.4744216,1.00000001e-07,,
"SPI","disable",3.474658,1e-07,,
"SPI","enable",3.4748947,9.99999997e-08,,
"SPI","disable",3.47512,9.99999997e-08,,
"SPI","enable",3.4753507,1e-07,,
"SPI","disable",3.475587,9.99999997e-08,,
"SPI","enable",3.4758185,1e-07,,
"SPI","disable",3.476049,1e-07,,
"SPI","enable",3.4762858,1.00000001e-07,,
"SPI","disable",3.4765181,1e-07,,
"SPI","enable",3.4767445,9.99999997e-08,,
"SPI","disable",3.4769758,9.99999997e-08,,
"SPI","enable",3.4772124,9.99999997e-08,,
"SPI","disable",3.4774499,1e-07,,
"SPI","enable",3.4776874,9.99999997e-08,,
"SPI","disable",3.4779136,1e-07,,
"SPI","enable",3.4781408,1e-07,,
"SPI","disable",3.4783666,9.99999997e-08,,
"SPI","enable",3.4785931,1e-07,,
"SPI","disable",3.4788304,9.99999997e-08,,
"SPI","enable",3.4790672,1e-07,,
"SPI","disable",3.4793035,1e-07,,
"SPI","enable",3.4795294,1e-07,,
"SPI","disable",3.479766,9.99999997e-08,,
"SPI","enable",3.4800029,1e-07,,
"SPI","disable",3.480235,9.99999997e-08,,
"SPI","enable",3.4804604,1e-07,,
"SPI","disable",3.4806915,1e-07,,
"SPI","enable",3.4809289,1e-07,,
"SPI","disable",3.4811604,1e-07,,
"SPI","enable",3.4813861,1.00000001e-07,,
"SPI","disable",3.4816174,9.99999997e-08,,
"SPI","enable",3.4818549,9.99999997e-08,,
"SPI","disable",3.4820927,1e-07,,
"SPI","enable",3.4823291,1e-07,,
"SPI","disable",3.4825647,9.99999997e-08,,
"SPI","enable",3.4828018,1e-07,,
"SPI","disable",3.4830385,9.99999997e-08,,
"SPI","enable",3.4832635,9.99999997e-08,,
"SPI","disable",3.4834996,9.99999997e-08,,
"SPI","enable",3.4837371,1e-07,,
"SPI","disable",3.4839625,9.99999997e-08,,
"SPI","enable",3.4841887,1e-07,,
"SPI","disable",3.484426,9.99999997e-08,,
"SPI","enable",3.4846628,9.99999997e-08,,
"SPI","disable",3.4848992,9.99999997e-08,,
"SPI","enable",3.485124,1e-07,,
"SPI","disable",3.4853548,9.99999997e-08,,
"SPI","enable",3.4855911,9.99999997e-08,,
"SPI","disable",3.4858283,9.99999997e-08,,
"SPI","enable",3.4860654,9.99999997e-08,,
"SPI","disable",3.4863026,1e-07,,
"SPI","enable",3.4865345,1e-07,,
"SPI","disable",3.4867604,9.99999997e-08,,
"SPI","enable",3.4869868,9.99999997e-08,,
"SPI","disable",3.4872183,1e-07,,
"SPI","enable",3.487454,9.99999997e-08,,
"SPI","disable",3.4876897,1e-07,,
"SPI","enable",3.487914,1e-07,,
"SPI","disable",3.4881504,1e-07,,
"SPI","enable",3.4883757,9.99999997e-08,,
"SPI","disable",3.4886132,9.99999997e-08,,
"SPI","enable",3.4888505,1e-07,,
"SPI","disable",3.4890886,9.99999997e-08,,
"SPI","enable",3.4893142,1e-07,,
"SPI","disable",3.4895393,1e-07,,
"SPI","enable",3.4897761,1e-07,,
"SPI","disable",3.4900132,1e-07,,
"SPI","enable",3.4902445,9.99999997e-08,,
"SPI","disable",3.4904695,9.99999997e-08,,
"SPI","enable",3.4907011,1e-07,,
"SPI","disable",3.4909382,9.99999997e-08,,
"SPI","enable",3.4911704,1e-07,,
"SPI","disable",3.4913963,1e-07,,
"SPI","enable",3.4916232,1e-07,,
"SPI","disable",3.4918556,1e-07,,
"SPI","enable",3.4920935,9.99999997e-08,,
"SPI","disable",3.4923314,1e-07,,
"SPI","enable",3.4925684,9.99999997e-08,,
"SPI","disable",3.4928049,1e-07,,
"SPI","enable",3.493042,9.99999997e-08,,
"SPI","disable",3.493267,1e-07,,
"SPI","enable",3.4935025,9.99999997e-08,,
"SPI","disable",3.4937376,9.99999997e-08,,
"SPI","enable",3.4939731,1e-07,,
"SPI","disable",3.494197,9.99999997e-08,,
"SPI","enable",3.4944312,1e-07,,
"SPI","disable",3.4946662,9.99999997e-08,,
"SPI","enable",3.4949016,1e-07,,
"SPI","disable",3.4951381,9.99999997e-08,,
"SPI","enable",3.4953763,9.99999997e-08,,
"SPI","disable",3.4956075,9.99999997e-08,,
"SPI","enable",3.4958326,1e-07,,
"SPI","disable",3.4960632,9.99999997e-08,,
"SPI","enable",3.496299,9.99999997e-08,,
"SPI","disable",3.4965358,9.99999997e-08,,
"SPI","enable",3.4967716,1e-07,,
"SPI","disable",3.4970028,9.99999997e-08,,
"SPI","enable",3.4972293,1e-07,,
"SPI","disable",3.4974604,9.99999997e-08,,
"SPI","enable",3.4976977,1e-07,,
"SPI","disable",3.497935,9.99999997e-08,,
"SPI","enable",3.4981607,1e-07,,
"SPI","disable",3.4983866,1e-07,,
"SPI","enable",3.4986238,1e-07,,
"SPI","disable",3.4988602,9.99999997e-08,,
"SPI","enable",3.4990967,9.99999997e-08,,
"SPI","disable",3.4993211,9.99999997e-08,,
"SPI","enable",3.4995559,1e-07,,
"SPI","disable",3.499793,1e-07,,
"SPI","enable",3.5000294,1e-07,,
"SPI","disable",3.5002666,1e-07,,
"SPI","enable",3.5004921,9.99999997e-08,,
"SPI","disable",3.5007229,1e-07,,
"SPI","enable",3.50096,9.99999997e-08,,
"SPI","disable",3.5011905,1.00000001e-07,,
"SPI","enable",3.5014169,9.99999997e-08,,
"SPI","disable",3.5016484,9.99999997e-08,,
"SPI","enable",3.5018866,9.99999997e-08,,
"SPI","disable",3.5021239,9.99999997e-08,,
"SPI","enable",3.5023615,1e-07,,
"SPI","disable",3.5025931,1e-07,,
"SPI","enable",3.5028193,9.99999997e-08,,
"SPI","disable",3.5030455,1e-07,,
"SPI","enable",3.5032838,9.99999997e-08,,
"SPI","disable",3.5035228,1e-07,,
"SPI","enable",3.5037615,9.99999997e-08,,
"SPI","disable",3.5039995,1e-07,,
"SPI","enable",3.5042369,9.99999997e-08,,
"SPI","disable",3.5044739,1e-07,,
"SPI","enable",3.5047106,9.99999997e-08,,
"SPI","disable",3.5049359,9.99999997e-08,,
"SPI","enable",3.5051619,9.99999997e-08,,
"SPI","disable",3.5053982,9.99999997e-08,,
"SPI","enable",3.5056349,9.99999997e-08,,
"SPI","disable",3.5058596,1e-07,,
"SPI","enable",3.50609,1e-07,,
"SPI","disable",3.5063272,1e-07,,
"SPI","enable",3.5065583,9.99999997e-08,,
"SPI","disable",3.5067895,1e-07,,
"SPI","enable",3.507027,1e-07,,
"SPI","disable",3.5072591,9.99999997e-08,,
"SPI","enable",3.5074863,9.99999997e-08,,
"SPI","disable",3.5077131,1e-07,,
"SPI","enable",3.5079397,1e-07,,
"SPI","disable",3.5081658,9.99999997e-08,,
"SPI","enable",3.5083907,1e-07,,
"SPI","disable",3.5086265,9.99999997e-08,,
"SPI","enable",3.508863,1e-07,,
"SPI","disable",3.5090891,9.99999997e-08,,
"SPI","enable",3.5093269,9.99999997e-08,,
"SPI","disable",3.5095647,1e-07,,
"SPI","enable",3.5098027,1e-07,,
"SPI","disable",3.5100401,1.00000001e-07,,
"SPI","enable",3.5102778,1e-07,,
"SPI","disable",3.5105027,9.99999997e-08,,
"SPI","enable",3.5107287,9.99999997e-08,,
"SPI","disable",3.510959,9.99999997e-08,,
"SPI","enable",3.5111961,1.00000001e-07,,
"SPI","disable",3.5114271,9.99999997e-08,,
"SPI","enable",3.5116587,1e-07,,
"SPI","disable",3.5118965,9.99999997e-08,,
"SPI","enable",3.5121338,9.99999997e-08,,
"SPI","disable",3.5123649,9.99999997e-08,,
"SPI","enable",3.5125963,1e-07,,
"SPI","disable",3.5128328,9.99999997e-08,,
"SPI","enable",3.5130715,9.99999997e-08,,
"SPI","disable",3.5133083,1e-07,,
"SPI","enable",3.513546,1e-07,,
"SPI","disable",3.513773,9.99999997e-08,,
"SPI","enable",3.5139996,9.99999997e-08,,
"SPI","disable",3.5142258,9.99999997e-08,,
"SPI","enable",3.5144517,9.99999997e-08,,
"SPI","disable",3.5146894,1e-07,,
"SPI","enable",3.5149272,1.00000001e-07,,
"SPI","disable",3.5151656,1e-07,,
"SPI","enable",3.5154035,9.99999997e-08,,
"SPI","disable",3.515641,9.99999997e-08,,
"SPI","enable",3.5158785,1e-07,,
"SPI","disable",3.5161105,1e-07,,
"SPI","enable",3.5163368,1e-07,,
"SPI","disable",3.5165639,9.99999997e-08,,
"SPI","enable",3.51679,1e-07,,
"SPI","disable",3.5170212,1.00000001e-07,,
"SPI","enable",3.5172581,1e-07,,
"SPI","disable",3.5174898,1e-07,,
"SPI","enable",3.5177157,9.99999997e-08,,
"SPI","disable",3.517941,1e-07,,
"SPI","enable",3.5181777,1e-07,,
"SPI","disable",3.5184153,9.99999997e-08,,
"SPI","enable",3.5186411,1e-07,,
"SPI","disable",3.5188677,1e-07,,
"SPI","enable",3.5190942,9.99999997e-08,,
"SPI","disable",3.5193199,1e-07,,
"SPI","enable",3.5195565,9.99999997e-08,,
"SPI","disable",3.5197931,1e-07,,
"SPI","enable",3.520019,9.99999997e-08,,
"SPI","disable",3.5202508,1e-07,,
"SPI","enable",3.5204879,9.99999997e-08,,
"SPI","disable",3.5207254,1e-07,,
"SPI","enable",3.5209634,1.00000001e-07,,
"SPI","disable",3.5211961,9.99999997e-08,,
"SPI","enable",3.5214218,9.99999997e-08,,
"SPI","disable",3.5216484,9.99999997e-08,,
"SPI","enable",3.5218751,1.00000001e-07,,
"SPI","disable",3.5221017,1.00000001e-07,,
"SPI","enable",3.522328,1e-07,,
"SPI","disable",3.522566,1e-07,,
"SPI","enable",3.5228043,9.99999997e-08,,
"SPI","disable",3.5230424,1e-07,,
"SPI","enable",3.5232807,1e-07,,
"SPI","disable",3.5235186,1e-07,,
"SPI","enable",3.5237562,1e-07,,
"SPI","disable",3.5239936,1e-07,,
"SPI","enable",3.5242191,1e-07,,
"SPI","disable",3.5244442,9.99999997e-08,,
"SPI","enable",3.5246814,9.99999997e-08,,
"SPI","disable",3.5249197,1e-07,,
"SPI","enable",3.5251573,1e-07,,
"SPI","disable",3.5253828,1e-07,,
"SPI","enable",3.5256089,1.00000001e-07,,
"SPI","disable",3.5258355,1.00000001e-07,,
"SPI","enable",3.526067,1e-07,,
"SPI","disable",3.526304,9.99999997e-08,,
"SPI","enable",3.5265432,1e-07,,
"SPI","disable",3.5267806,1e-07,,
"SPI","enable",3.5270177,1e-07,,
"SPI","disable",3.5272485,1e-07,,
"SPI","enable",3.5274802,1e-07,,
"SPI","disable",3.5277173,1e-07,,
"SPI","enable",3.5279548,1e-07,,
"SPI","disable",3.5281923,9.99999997e-08,,
"SPI","enable",3.5284176,9.99999997e-08,,
"SPI","disable",3.5286431,9.99999997e-08,,
"SPI","enable",3.52888,9.99999997e-08,,
"SPI","disable",3.5291163,9.99999997e-08,,
"SPI","enable",3.5293426,1e-07,,
"SPI","disable",3.5295689,9.99999997e-08,,
"SPI","enable",3.5298069,9.99999997e-08,,
"SPI","disable",3.5300448,9.99999997e-08,,
"SPI","enable",3.5302828,1e-07,,
"SPI","disable",3.5305196,1e-07,,
"SPI","enable",3.5307519,1e-07,,
"SPI","disable",3.5309772,9.99999997e-08,,
"SPI","enable",3.5312038,9.99999997e-08,,
"SPI","disable",3.5314354,1e-07,,
"SPI","enable",3.5316728,9.99999997e-08,,
"SPI","disable",3.5319114,1e-07,,
"SPI","enable",3.532149,9.99999997e-08,,
"SPI","disable",3.5323862,1e-07,,
"SPI","enable",3.5326176,9.99999997e-08,,
"SPI","disable",3.532849,9.99999997e-08,,
"SPI","enable",3.5330862,9.99999997e-08,,
"SPI","disable",3.5333233,1e-07,,
"SPI","enable",3.5335599,9.99999997e-08,,
"SPI","disable",3.5337857,9.99999997e-08,,
"SPI","enable",3.5340114,1e-07,,
"SPI","disable",3.5342481,9.99999997e-08,,
"SPI","enable",3.5344859,9.99999997e-08,,
"SPI","disable",3.5347109,1e-07,,
"SPI","enable",3.5349359,1e-07,,
"SPI","disable",3.535172,1e-07,,
"SPI","enable",3.5354081,9.99999997e-08,,
"SPI","disable",3.5356436,9.99999997e-08,,
"SPI","enable",3.5358798,9.99999997e-08,,
"SPI","disable",3.5361155,9.99999997e-08,,
"SPI","enable",3.5363513,9.99999997e-08,,
"SPI","disable",3.5365874,9.99999997e-08,,
"SPI","enable",3.5368243,9.99999997e-08,,
"SPI","disable",3.53706,1e-07,,
"SPI","enable",3.5372977,1e-07,,
"SPI","disable",3.5375353,9.99999997e-08,,
"SPI","enable",3.5377727,9.99999997e-08,,
"SPI","disable",3.5380112,1e-07,,
"SPI","enable",3.5382489,9.99999997e-08,,
"SPI","disable",3.5384816,1e-07,,
"SPI","enable",3.5387077,1e-07,,
"SPI","disable",3.5389335,9.99999997e-08,,
"SPI","enable",3.5391602,1e-07,,
"SPI","disable",3.5393865,9.99999997e-08,,
"SPI","enable",3.5396252,1e-07,,
"SPI","disable",3.539864,9.99999997e-08,,
"SPI","enable",3.5401031,9.99999997e-08,,
"SPI","disable",3.5403294,9.99999997e-08,,
"SPI","enable",3.5405567,1e-07,,
"SPI","disable",3.5407833,9.99999997e-08,,
"SPI","enable",3.5410099,1e-07,,
"SPI","disable",3.5412417,9.99999997e-08,,
"SPI","enable",3.5414788,9.99999997e-08,,
"SPI","disable",3.541716,1e-07,,
"SPI","enable",3.5419479,1.00000001e-07,,
"SPI","disable",3.5421744,9.99999997e-08,,
"SPI","enable",3.5424016,1e-07,,
"SPI","disable",3.5426282,1e-07,,
"SPI","enable",3.5428579,9.99999997e-08,,
"SPI","disable",3.543094,9.99999997e-08,,
"SPI","enable",3.5433299,1e-07,,
"SPI","disable",3.5435543,1e-07,,
"SPI","enable",3.5437901,1e-07,,
"SPI","disable",3.544015,1e-07,,
"SPI","enable",3.5442509,1e-07,,
"SPI","disable",3.5444755,1e-07,,
"SPI","enable",3.5447121,1.00000001e-07,,
"SPI","disable",3.544949,1e-07,,
"SPI","enable",3.5451754,9.99999997e-08,,
"SPI","disable",3.5454022,1e-07,,
"SPI","enable",3.5456272,9.99999997e-08,,
"SPI","disable",3.5458585,1e-07,,
"SPI","enable",3.5460904,1e-07,,
"SPI","disable",3.5463173,9.99999997e-08,,
"SPI","enable",3.5465451,1e-07,,
"SPI","disable",3.546772,1e-07,,
"SPI","enable",3.5470001,9.99999997e-08,,
"SPI","disable",3.5472264,9.99999997e-08,,
"SPI","enable",3.5474638,9.99999997e-08,,
"SPI","disable",3.5476899,9.99999997e-08,,
"SPI","enable",3.5479162,9.99999997e-08,,
"SPI","disable",3.5481428,1e-07,,
"SPI","enable",3.5483703,1e-07,,
"SPI","disable",3.548597,9.99999997e-08,,
"SPI","enable",3.5488241,1e-07,,
"SPI","disable",3.5490508,1e-07,,
"SPI","enable",3.549282,1e-07,,
"SPI","disable",3.5495196,9.99999997e-08,,
"SPI","enable",3.5497566,1e-07,,
"SPI","disable",3.5499887,1e-07,,
"SPI","enable",3.5502165,1e-07,,
"SPI","disable",3.5504434,1.00000001e-07,,
"SPI","enable",3.5506693,9.99999997e-08,,
"SPI","disable",3.5508945,1e-07,,
"SPI","enable",3.5511218,9.99999997e-08,,
"SPI","disable",3.5513597,1e-07,,
"SPI","enable",3.5515978,9.99999997e-08,,
"SPI","disable",3.5518344,9.99999997e-08,,
"SPI","enable",3.5520729,9.99999997e-08,,
"SPI","disable",3.5522996,1e-07,,
"SPI","enable",3.5525268,1e-07,,
"SPI","disable",3.5527526,1e-07,,
"SPI","enable",3.5529795,9.99999997e-08,,
"SPI","disable",3.5532057,1e-07,,
"SPI","enable",3.5534323,1e-07,,
"SPI","disable",3.5536587,1e-07,,
"SPI","enable",3.5538907,9.99999997e-08,,
"SPI","disable",3.5541287,9.99999997e-08,,
"SPI","enable",3.5543662,9.99999997e-08,,
"SPI","disable",3.5546037,1e-07,,
"SPI","enable",3.5548419,9.99999997e-08,,
"SPI","disable",3.5550745,1.00000001e-07,,
"SPI","enable",3.5553012,9.99999997e-08,,
"SPI","disable",3.5555273,9.99999997e-08,,
"SPI","enable",3.5557531,9.99999997e-08,,
"SPI","disable",3.5559786,9.99999997e-08,,
"SPI","enable",3.5562158,1e-07,,
"SPI","disable",3.5564537,9.99999997e-08,,
"SPI","enable",3.5566919,9.99999997e-08,,
"SPI","disable",3.556919,9.99999997e-08,,
"SPI","enable",3.5571565,9.99999997e-08,,
"SPI","disable",3.5573833,1e-07,,
"SPI","enable",3.5576099,1e-07,,
"SPI","disable",3.5578358,1e-07,,
"SPI","enable",3.5580617,9.99999997e-08,,
"SPI","disable",3.558294,1e-07,,
"SPI","enable",3.5585314,9.99999997e-08,,
"SPI","disable",3.5587688,9.99999997e-08,,
"SPI","enable",3.5590016,1e-07,,
"SPI","disable",3.5592346,1e-07,,
"SPI","enable",3.5594717,9.99999997e-08,,
"SPI","disable",3.559704,9.99999997e-08,,
"SPI","enable",3.5599312,1e-07,,
"SPI","disable",3.560158,1e-07,,
"SPI","enable",3.5603849,1e-07,,
"SPI","disable",3.5606115,1e-07,,
"SPI","enable",3.5608383,1e-07,,
"SPI","disable",3.561065,9.99999997e-08,,
"SPI","enable",3.5612912,1.00000001e-07,,
"SPI","disable",3.5615297,1e-07,,
"SPI","enable",3.5617679,1e-07,,
"SPI","disable",3.5620069,9.99999997e-08,,
"SPI","enable",3.5622348,9.99999997e-08,,
"SPI","disable",3.5624628,9.99999997e-08,,
"SPI","enable",3.5626901,9.99999997e-08,,
"SPI","disable",3.5629176,9.99999997e-08,,
"SPI","enable",3.56315,1.00000001e-07,,
"SPI","disable",3.5633879,1.00000001e-07,,
"SPI","enable",3.563626,9.99999997e-08,,
"SPI","disable",3.5638589,9.99999997e-08,,
"SPI","enable",3.5640862,9.99999997e-08,,
"SPI","disable",3.5643182,9.99999997e-08,,
"SPI","enable",3.5645568,9.99999997e-08,,
"SPI","disable",3.5647825,9.99999997e-08,,
"SPI","enable",3.565009,1e-07,,
"SPI","disable",3.5652361,1e-07,,
"SPI","enable",3.5654626,1e-07,,
"SPI","disable",3.565689,1e-07,,
"SPI","enable",3.5659153,1e-07,,
"SPI","disable",3.5661533,1e-07,,
"SPI","enable",3.5663906,9.99999997e-08,,
"SPI","disable",3.5666278,9.99999997e-08,,
"SPI","enable",3.5668655,1e-07,,
"SPI","disable",3.5670983,9.99999997e-08,,
"SPI","enable",3.5673258,1e-07,,
"SPI","disable",3.5675532,1e-07,,
"SPI","enable",3.5677806,1e-07,,
"SPI","disable",3.5680132,9.99999997e-08,,
"SPI","enable",3.5682522,1e-07,,
"SPI","disable",3.5684903,1e-07,,
"SPI","enable",3.568728,9.99999997e-08,,
"SPI","disable",3.5689664,1e-07,,
"SPI","enable",3.5692049,1.00000001e-07,,
"SPI","disable",3.5694423,9.99999997e-08,,
"SPI","enable",3.5696795,1.00000001e-07,,
"SPI","disable",3.5699052,9.99999997e-08,,
"SPI","enable",3.5701433,1e-07,,
"SPI","disable",3.5703814,9.99999997e-08,,
"SPI","enable",3.5706185,9.99999997e-08,,
"SPI","disable",3.5708557,9.99999997e-08,,
"SPI","enable",3.5710928,9.99999997e-08,,
"SPI","disable",3.5713192,9.99999997e-08,,
"SPI","enable",3.5715461,9.99999997e-08,,
"SPI","disable",3.5717733,1e-07,,
"SPI","enable",3.5720007,1.00000001e-07,,
"SPI","disable",3.5722268,9.99999997e-08,,
"SPI","enable",3.5724529,9.99999997e-08,,
"SPI","disable",3.5726852,9.99999997e-08,,
"SPI","enable",3.5729233,1e-07,,
"SPI","disable",3.5731618,1e-07,,
"SPI","enable",3.5734004,1e-07,,
"SPI","disable",3.5736374,9.99999997e-08,,
"SPI","enable",3.5738753,9.99999997e-08,,
"SPI","disable",3.5741129,1.00000001e-07,,
"SPI","enable",3.5743439,9.99999997e-08,,
"SPI","disable",3.5745698,1.00000001e-07,,
"SPI","enable",3.5747965,9.99999997e-08,,
"SPI","disable",3.5750232,9.99999997e-08,,
"SPI","enable",3.5752602,9.99999997e-08,,
"SPI","disable",3.5754966,1e-07,,
"SPI","enable",3.5757344,1e-07,,
"SPI","disable",3.5759611,1e-07,,
"SPI","enable",3.5761879,1e-07,,
"SPI","disable",3.5764144,9.99999997e-08,,
"SPI","enable",3.5766411,1e-07,,
"SPI","disable",3.5768727,9.99999997e-08,,
"SPI","enable",3.5771111,9.99999997e-08,,
"SPI","disable",3.5773494,9.99999997e-08,,
"SPI","enable",3.5775875,1e-07,,
"SPI","disable",3.5778252,1.00000001e-07,,
"SPI","enable",3.5780636,1e-07,,
"SPI","disable",3.5783028,1e-07,,
"SPI","enable",3.5785412,9.99999997e-08,,
"SPI","disable",3.5787787,9.99999997e-08,,
"SPI","enable",3.5790174,9.99999997e-08,,
"SPI","disable",3.5792557,9.99999997e-08,,
"SPI","enable",3.5794946,1e-07,,
"SPI","disable",3.5797331,1e-07,,
"SPI","enable",3.5799722,1e-07,,
"SPI","disable",3.5802045,1e-07,,
"SPI","enable",3.5804372,9.99999997e-08,,
"SPI","disable",3.5806754,9.99999997e-08,,
"SPI","enable",3.5809138,1e-07,,
"SPI","disable",3.5811516,9.99999997e-08,,
"SPI","enable",3.5813904,9.99999997e-08,,
"SPI","disable",3.5816288,1e-07,,
"SPI","enable",3.5818663,9.99999997e-08,,
"SPI","disable",3.5821046,9.99999997e-08,,
"SPI","enable",3.5823429,9.99999997e-08,,
"SPI","disable",3.58258,1e-07,,
"SPI","enable",3.5828185,9.99999997e-08,,
"SPI","disable",3.5830573,1e-07,,
"SPI","enable",3.5832949,1e-07,,
"SPI","disable",3.5835328,9.99999997e-08,,
"SPI","enable",3.5837695,1e-07,,
"SPI","disable",3.5839975,1e-07,,
"SPI","enable",3.5842246,1e-07,,
"SPI","disable",3.5844523,1e-07,,
"SPI","enable",3.5846784,9.99999997e-08,,
"SPI","disable",3.5849049,1e-07,,
"SPI","enable",3.5851313,9.99999997e-08,,
"SPI","disable",3.5853579,9.99999997e-08,,
"SPI","enable",3.5855894,1e-07,,
"SPI","disable",3.5858258,1.00000001e-07,,
"SPI","enable",3.5860631,1e-07,,
"SPI","disable",3.5862948,9.99999997e-08,,
"SPI","enable",3.5865209,9.99999997e-08,,
"SPI","disable",3.5867477,1e-07,,
"SPI","enable",3.586985,1.00000001e-07,,
"SPI","disable",3.587222,9.99999997e-08,,
"SPI","enable",3.5874591,1.00000001e-07,,
"SPI","disable",3.5876964,1e-07,,
"SPI","enable",3.5879229,9.99999997e-08,,
"SPI","disable",3.5881495,9.99999997e-08,,
"SPI","enable",3.5883758,9.99999997e-08,,
"SPI","disable",3.5886128,1e-07,,
"SPI","enable",3.5888497,1.00000001e-07,,
"SPI","disable",3.5890887,9.99999997e-08,,
"SPI","enable",3.5893157,9.99999997e-08,,
"SPI","disable",3.5895428,1e-07,,
"SPI","enable",3.5897756,1e-07,,
"SPI","disable",3.5900133,1e-07,,
"SPI","enable",3.5902458,1e-07,,
"SPI","disable",3.5904712,9.99999997e-08,,
"SPI","enable",3.5906967,9.99999997e-08,,
"SPI","disable",3.5909294,1e-07,,
"SPI","enable",3.5911664,9.99999997e-08,,
"SPI","disable",3.5914033,9.99999997e-08,,
"SPI","enable",3.5916398,1e-07,,
"SPI","disable",3.5918651,1e-07,,
"SPI","enable",3.5921028,9.99999997e-08,,
"SPI","disable",3.5923399,1e-07,,
"SPI","enable",3.5925772,9.99999997e-08,,
"SPI","disable",3.5928031,1.00000001e-07,,
"SPI","enable",3.5930302,1e-07,,
"SPI","disable",3.5932572,9.99999997e-08,,
"SPI","enable",3.5934843,9.99999997e-08,,
"SPI","disable",3.5937105,1e-07,,
"SPI","enable",3.5939422,1e-07,,
"SPI","disable",3.5941786,1e-07,,
"SPI","enable",3.5944141,1e-07,,
"SPI","disable",3.5946498,9.99999997e-08,,
"SPI","enable",3.594885,9.99999997e-08,,
"SPI","disable",3.595121,1.00000001e-07,,
"SPI","enable",3.5953567,1e-07,,
"SPI","disable",3.5955938,9.99999997e-08,,
"SPI","enable",3.5958301,9.99999997e-08,,
"SPI","disable",3.596061,9.99999997e-08,,
"SPI","enable",3.5962913,1e-07,,
"SPI","disable",3.5965294,1e-07,,
"SPI","enable",3.596766,9.99999997e-08,,
"SPI","disable",3.5970031,1e-07,,
"SPI","enable",3.5972285,1e-07,,
"SPI","disable",3.5974551,1e-07,,
"SPI","enable",3.5976931,1e-07,,
"SPI","disable",3.5979301,9.99999997e-08,,
"SPI","enable",3.5981674,1e-07,,
"SPI","disable",3.5984046,1e-07,,
"SPI","enable",3.5986299,9.99999997e-08,,
"SPI","disable",3.5988659,1e-07,,
"SPI","enable",3.5991029,9.99999997e-08,,
"SPI","disable",3.5993287,9.99999997e-08,,
"SPI","enable",3.5995593,9.99999997e-08,,
"SPI","disable",3.5997965,1e-07,,
"SPI","enable",3.600029,1e-07,,
"SPI","disable",3.6002548,9.99999997e-08,,
"SPI","enable",3.6004804,1e-07,,
"SPI","disable",3.6007115,1e-07,,
"SPI","enable",3.6009487,9.99999997e-08,,
"SPI","disable",3.601181,9.99999997e-08,,
"SPI","enable",3.6014068,1.00000001e-07,,
"SPI","disable",3.6016339,9.99999997e-08,,
"SPI","enable",3.6018602,9.99999997e-08,,
"SPI","disable",3.6020862,9.99999997e-08,,
"SPI","enable",3.6023228,9.99999997e-08,,
"SPI","disable",3.6025601,1e-07,,
"SPI","enable",3.6027977,9.99999997e-08,,
"SPI","disable",3.6030253,9.99999997e-08,,
"SPI","enable",3.6032523,1.00000001e-07,,
"SPI","disable",3.6034786,1e-07,,
"SPI","enable",3.6037058,9.99999997e-08,,
"SPI","disable",3.6039323,1e-07,,
"SPI","enable",3.6041596,9.99999997e-08,,
"SPI","disable",3.6043871,1e-07,,
"SPI","enable",3.6046142,1e-07,,
"SPI","disable",3.6048412,9.99999997e-08,,
"SPI","enable",3.6050684,9.99999997e-08,,
"SPI","disable",3.6052957,9.99999997e-08,,
"SPI","enable",3.6055228,9.99999997e-08,,
"SPI","disable",3.6057497,1e-07,,
"SPI","enable",3.6059881,1e-07,,
"SPI","disable",3.6062155,1e-07,,
"SPI","enable",3.6064539,9.99999997e-08,,
"SPI","disable",3.6066916,9.99999997e-08,,
"SPI","enable",3.6069297,1e-07,,
"SPI","disable",3.6071563,9.99999997e-08,,
"SPI","enable",3.6073829,9.99999997e-08,,
"SPI","disable",3.6076091,1e-07,,
"SPI","enable",3.6078366,9.99999997e-08,,
"SPI","disable",3.6080638,1e-07,,
"SPI","enable",3.608291,1.00000001e-07,,
"SPI","disable",3.6085166,9.99999997e-08,,
"SPI","enable",3.6087436,1.00000001e-07,,
"SPI","disable",3.6089704,9.99999997e-08,,
"SPI","enable",3.6091976,1e-07,,
"SPI","disable",3.6094235,9.99999997e-08,,
"SPI","enable",3.6096604,9.99999997e-08,,
"SPI","disable",3.6098981,1e-07,,
"SPI","enable",3.6101358,9.99999997e-08,,
"SPI","disable",3.6103617,1e-07,,
"SPI","enable",3.6105882,9.99999997e-08,,
"SPI","disable",3.6108151,1e-07,,
"SPI","enable",3.6110419,9.99999997e-08,,
"SPI","disable",3.6112681,9.99999997e-08,,
"SPI","enable",3.6115003,1.00000001e-07,,
"SPI","disable",3.6117376,1e-07,,
"SPI","enable",3.6119746,1e-07,,
"SPI","disable",3.6122106,1e-07,,
"SPI","enable",3.6124468,1e-07,,
"SPI","disable",3.6126838,9.99999997e-08,,
"SPI","enable",3.6129143,1e-07,,
"SPI","disable",3.6131461,1e-07,,
"SPI","enable",3.6133843,1.00000001e-07,,
"SPI","disable",3.6136232,1e-07,,
"SPI","enable",3.6138605,1e-07,,
"SPI","disable",3.6140977,1e-07,,
"SPI","enable",3.6143352,1e-07,,
"SPI","disable",3.6145721,9.99999997e-08,,
"SPI","enable",3.6147982,9.99999997e-08,,
"SPI","disable",3.615025,9.99999997e-08,,
"SPI","enable",3.6152509,1e-07,,
"SPI","disable",3.6154875,9.99999997e-08,,
"SPI","enable",3.6157236,1e-07,,
"SPI","disable",3.615949,9.99999997e-08,,
"SPI","enable",3.6161867,9.99999997e-08,,
"SPI","disable",3.6164238,1e-07,,
"SPI","enable",3.6166609,1e-07,,
"SPI","disable",3.6168859,9.99999997e-08,,
"SPI","enable",3.6171181,1.00000001e-07,,
"SPI","disable",3.617355,1e-07,,
"SPI","enable",3.6175931,9.99999997e-08,,
"SPI","disable",3.6178263,1.00000001e-07,,
"SPI","enable",3.6180578,1e-07,,
"SPI","disable",3.6182955,1.00000001e-07,,
"SPI","enable",3.6185274,9.99999997e-08,,
"SPI","disable",3.6187537,9.99999997e-08,,
"SPI","enable",3.6189799,1e-07,,
"SPI","disable",3.6192055,9.99999997e-08,,
"SPI","enable",3.6194427,9.99999997e-08,,
"SPI","disable",3.6196802,1e-07,,
"SPI","enable",3.6199065,1e-07,,
"SPI","disable",3.6201331,1e-07,,
"SPI","enable",3.6203591,1e-07,,
"SPI","disable",3.6205971,1e-07,,
"SPI","enable",3.620835,9.99999997e-08,,
"SPI","disable",3.621072,1.00000001e-07,,
"SPI","enable",3.6213102,1e-07,,
"SPI","disable",3.6215473,9.99999997e-08,,
"SPI","enable",3.6217849,9.99999997e-08,,
"SPI","disable",3.6220109,1e-07,,
"SPI","enable",3.6222372,1e-07,,
"SPI","disable",3.622468,1e-07,,
"SPI","enable",3.6227044,1e-07,,
"SPI","disable",3.6229364,9.99999997e-08,,
"SPI","enable",3.6231623,1e-07,,
"SPI","disable",3.6233938,9.99999997e-08,,
"SPI","enable",3.6236312,9.99999997e-08,,
"SPI","disable",3.6238675,1e-07,,
"SPI","enable",3.6240982,9.99999997e-08,,
"SPI","disable",3.6243233,1e-07,,
"SPI","enable",3.6245609,9.99999997e-08,,
"SPI","disable",3.6247963,1e-07,,
"SPI","enable",3.6250221,1e-07,,
"SPI","result",3.6250774,3.9e-06,0b00000000,0b00000000
"SPI","result",3.625082,3.9e-06,0b00000000,0b00000000
"SPI","disable",3.6250859,1e-07,,
"SPI","enable",3.625105,9.99999997e-08,,
"SPI","result",3.6251073,3.9e-06,0b00000000,0b00000000
"SPI","result",3.625112,3.9e-06,0b00000110,0b00000000
"SPI","result",3.6251198,3.9e-06,0b00000101,0b00000000
"SPI","result",3.6251244,4e-06,0b00000111,0b00000000
"SPI","result",3.6251322,4e-06,0b00000101,0b00000000
"SPI","result",3.6251369,3.9e-06,0b00001010,0b00000000
"SPI","result",3.6251447,3.9e-06,0b00000101,0b00000000
"SPI","result",3.6251494,3.9e-06,0b00000010,0b00000000
"SPI","result",3.6251572,3.9e-06,0b00000100,0b00000000
"SPI","result",3.6251618,3.9e-06,0b00000110,0b00000000
"SPI","disable",3.6251671,9.99999997e-08,,
"SPI","enable",3.6251746,1e-07,,
"SPI","result",3.6251768,3.9e-06,0b00000000,0b00000000
"SPI","result",3.6251815,3.9e-06,0b00000001,0b00000000
"SPI","result",3.6251893,3.9e-06,0b00000100,0b00000000
"SPI","result",3.6251939,3.9e-06,0b00000010,0b00000000
"SPI","disable",3.6251992,9.99999997e-08,,
"SPI","enable",3.625207,1e-07,,
"SPI","result",3.6252092,3.9e-06,0b00000000,0b00000000
"SPI","result",3.6252138,4e-06,0b00000010,0b00000000
"SPI","result",3.6252216,4e-06,0b00000000,0b00000000
"SPI","result",3.6252263,3.9e-06,0b00000000,0b00000000
"SPI","disable",3.6252316,1e-07,,
"SPI","enable",3.6252394,1e-07,,
"SPI","result",3.6252415,4e-06,0b00000000,0b00000000
"SPI","result",3.6252462,3.9e-06,0b00000011,0b00000000
"SPI","result",3.625254,3.9e-06,0b00000011,0b00000000
"SPI","result",3.6252587,3.9e-06,0b00001111,0b00000000
"SPI","disable",3.625264,9.99999997e-08,,
"SPI","enable",3.6252717,1e-07,,
"SPI","result",3.6252739,3.9e-06,0b00000000,0b00000000
"SPI","result",3.6252786,3.9e-06,0b00000100,0b00000000
"SPI","result",3.6252864,3.9e-06,0b00000000,0b00000000
"SPI","result",3.6252911,3.9e-06,0b00000000,0b00000000
"SPI","disable",3.6252964,1e-07,,
"SPI","enable",3.6253113,1e-07,,
"SPI","result",3.6253135,3.9e-06,0b00000000,0b00000000
"SPI","result",3.6253182,3.8e-06,0b00000111,0b00000000
"SPI","result",3.625326,3.8e-06,0b00000000,0b00000000
"SPI","result",3.6253306,3.9e-06,0b00000000,0b00000000
"SPI","disable",3.6253359,9.99999997e-08,,
"SPI","enable",3.6253436,1.00000001e-07,,
"SPI","result",3.6253459,3.9e-06,0b00000000,0b00000000
"SPI","result",3.6253505,3.9e-06,0b00001000,0b00000000
"SPI","result",3.6253583,3.9e-06,0b00000000,0b00000000
"SPI","result",3.625363,3.9e-06,0b00000000,0b00000000
"SPI","disable",3.6253683,1e-07,,
"SPI","enable",3.625376,9.99999997e-08,,
"SPI","result",3.6253782,3.9e-06,0b00000000,0b00000000
"SPI","result",3.6253829,3.9e-06,0b00001001,0b00000000
"SPI","result",3.6253907,3.9e-06,0b00000000,0b00000000
"SPI","result",3.6253954,3.6e-06,0b00000000,0b00000000
"SPI","disable",3.6253992,1e-07,,
"SPI","enable",3.6254148,1e-07,,
"SPI","result",3.6254152,4e-06,0b00001010,0b00000000
"SPI","result",3.625423,4e-06,0b00000000,0b00000000
"SPI","result",3.6254277,3.9e-06,0b00000000,0b00000000
"SPI","disable",3.625433,9.99999997e-08,,
"SPI","enable",3.6254408,1e-07,,
"SPI","result",3.6254429,4e-06,0b00000000,0b00000000
"SPI","result",3.6254476,3.9e-06,0b00001011,0b00000000
"SPI","result",3.6254554,3.9e-06,0b00000000,0b00000000
"SPI","result",3.6254601,3.9e-06,0b00000001,0b00000000
"SPI","disable",3.6254654,9.99999997e-08,,
"SPI","enable",3.6254731,1e-07,,
"SPI","result",3.6254753,3.9e-06,0b00000000,0b00000000
"SPI","result",3.62548,3.9e-06,0b00001100,0b00000000
"SPI","result",3.6254878,3.9e-06,0b00000001,0b00000000
"SPI","result",3.6254924,4e-06,0b00000000,0b00000000
"SPI","disable",3.6254977,1e-07,,
"SPI","enable",3.6255055,9.99999997e-08,,
"SPI","result",3.6255077,3.9e-06,0b00000000,0b00000000
"SPI","result",3.6255124,3.9e-06,0b00001101,0b00000000
"SPI","result",3.6255201,4e-06,0b00000000,0b00000000
"SPI","result",3.6255248,3.9e-06,0b00000101,0b00000000
"SPI","disable",3.6255301,9.99999997e-08,,
"SPI","enable",3.6255379,1e-07,,
"SPI","result",3.62554,4e-06,0b00000000,0b00000000
"SPI","result",3.6255447,3.9e-06,0b00001110,0b00000000
"SPI","result",3.6255525,3.9e-06,0b00000000,0b00000000
"SPI","result",3.6255572,3.9e-06,0b00000000,0b00000000
"SPI","disable",3.6255625,9.99999997e-08,,
"SPI","enable",3.6255702,1.00000001e-07,,
"SPI","result",3.6255724,3.9e-06,0b00000000,0b00000000
"SPI","result",3.6255771,3.9e-06,0b00001111,0b00000000
"SPI","result",3.6255849,3.9e-06,0b00000000,0b00000000
"SPI","result",3.6255896,3.9e-06,0b00000000,0b00000000
"SPI","disable",3.6255948,1e-07,,
"SPI","enable",3.6256026,9.99999997e-08,,
"SPI","result",3.6256048,3.9e-06,0b00000001,0b00000000
"SPI","result",3.6256095,3.9e-06,0b00000000,0b00000000
"SPI","result",3.6256173,3.9e-06,0b00001001,0b00000000
"SPI","result",3.625622,3.8e-06,0b00001110,0b00000000
"SPI","disable",3.6256272,1e-07,,
"SPI","enable",3.625635,1.00000001e-07,,
"SPI","result",3.6256372,3.9e-06,0b00000001,0b00000000
"SPI","result",3.6256418,4e-06,0b00000001,0b00000000
"SPI","result",3.6256496,4e-06,0b00000100,0b00000000
"SPI","result",3.6256543,3.9e-06,0b00001011,0b00000000
"SPI","disable",3.6256596,1e-07,,
"SPI","enable",3.6256674,9.99999997e-08,,
"SPI","result",3.6256695,4e-06,0b00000001,0b00000000
"SPI","result",3.6256742,3.9e-06,0b00000010,0b00000000
"SPI","result",3.625682,3.9e-06,0b00000000,0b00000000
"SPI","result",3.6256867,3.9e-06,0b00000000,0b00000000
"SPI","disable",3.625692,1e-07,,
"SPI","enable",3.6256997,9.99999997e-08,,
"SPI","result",3.6257019,3.9e-06,0b00000001,0b00000000
"SPI","result",3.6257066,3.9e-06,0b00000011,0b00000000
"SPI","result",3.6257144,3.9e-06,0b00000000,0b00000000
"SPI","result",3.625719,4e-06,0b00000010,0b00000000
"SPI","disable",3.6257243,1e-07,,
"SPI","enable",3.6257321,9.99999997e-08,,
"SPI","result",3.6257343,3.9e-06,0b00000001,0b00000000
"SPI","result",3.6257389,4e-06,0b00000100,0b00000000
"SPI","result",3.6257467,4e-06,0b00000001,0b00000000
"SPI","result",3.6257514,3.9e-06,0b00000110,0b00000000
"SPI","disable",3.6257567,9.99999997e-08,,
"SPI","enable",3.6257645,1e-07,,
"SPI","result",3.6257667,3.9e-06,0b00000001,0b00000000
"SPI","result",3.6257713,3.9e-06,0b00000101,0b00000000
"SPI","result",3.6257791,3.9e-06,0b00000010,0b00000000
"SPI","result",3.6257838,3.9e-06,0b00001011,0b00000000
"SPI","disable",3.6257891,9.99999997e-08,,
"SPI","enable",3.6257968,1.00000001e-07,,
"SPI","result",3.625799,3.9e-06,0b00000001,0b00000000
"SPI","result",3.6258037,3.9e-06,0b00000110,0b00000000
"SPI","result",3.6258115,3.9e-06,0b00000001,0b00000000
"SPI","result",3.6258161,4e-06,0b00000010,0b00000000
"SPI","disable",3.6258214,1e-07,,
"SPI","enable",3.6258292,9.99999997e-08,,
"SPI","result",3.6258314,3.9e-06,0b00000001,0b00000000
"SPI","result",3.6258361,3.9e-06,0b00000111,0b00000000
"SPI","result",3.6258439,3.9e-06,0b00000100,0b00000000
"SPI","result",3.6258485,3.9e-06,0b00000000,0b00000000
"SPI","disable",3.6258538,1e-07,,
"SPI","enable",3.6258616,1.00000001e-07,,
"SPI","result",3.6258638,3.9e-06,0b00000001,0b00000000
"SPI","result",3.6258685,3.9e-06,0b00001000,0b00000000
"SPI","result",3.6258762,4e-06,0b00000110,0b00000000
"SPI","result",3.6258809,3.9e-06,0b00000010,0b00000000
"SPI","disable",3.6258862,1e-07,,
"SPI","enable",3.625894,9.99999997e-08,,
"SPI","result",3.6258961,4e-06,0b00000001,0b00000000
"SPI","result",3.6259008,3.9e-06,0b00001001,0b00000000
"SPI","result",3.6259086,3.9e-06,0b00001000,0b00000000
"SPI","result",3.6259133,3.9e-06,0b00000000,0b00000000
"SPI","disable",3.6259186,1e-07,,
"SPI","enable",3.6259263,9.99999997e-08,,
"SPI","result",3.6259285,3.9e-06,0b00000001,0b00000000
"SPI","result",3.6259332,3.9e-06,0b00001010,0b00000000
"SPI","result",3.625941,3.9e-06,0b00001000,0b00000000
"SPI","result",3.6259456,4e-06,0b00000000,0b00000000
"SPI","disable",3.6259509,1e-07,,
"SPI","enable",3.6259587,9.99999997e-08,,
"SPI","result",3.6259609,3.9e-06,0b00000001,0b00000000
"SPI","result",3.6259656,3.9e-06,0b00001011,0b00000000
"SPI","result",3.6259733,4e-06,0b00000000,0b00000000
"SPI","result",3.625978,3.9e-06,0b00000000,0b00000000
"SPI","disable",3.6259833,9.99999997e-08,,
"SPI","enable",3.6259911,1e-07,,
"SPI","result",3.6259933,3.9e-06,0b00000001,0b00000000
"SPI","result",3.6259979,3.9e-06,0b00001100,0b00000000
"SPI","result",3.6260057,3.9e-06,0b00000000,0b00000000
"SPI","result",3.6260104,3.9e-06,0b00001010,0b00000000
"SPI","disable",3.6260157,9.99999997e-08,,
"SPI","enable",3.6260234,1.00000001e-07,,
"SPI","result",3.6260256,3.9e-06,0b00000001,0b00000000
"SPI","result",3.6260303,3.9e-06,0b00001101,0b00000000
"SPI","result",3.6260381,3.9e-06,0b00000011,0b00000000
"SPI","result",3.6260427,4e-06,0b00000010,0b00000000
"SPI","disable",3.626048,1.00000001e-07,,
"SPI","enable",3.6260558,9.99999997e-08,,
"SPI","result",3.626058,3.9e-06,0b00000001,0b00000000
"SPI","result",3.6260627,3.9e-06,0b00001110,0b00000000
"SPI","result",3.6260705,3.9e-06,0b00001100,0b00000000
"SPI","result",3.6260751,3.9e-06,0b00000011,0b00000000
"SPI","disable",3.6260804,9.99999997e-08,,
"SPI","enable",3.6260882,1.00000001e-07,,
"SPI","result",3.6260903,4e-06,0b00000001,0b00000000
"SPI","result",3.6260951,3.9e-06,0b00001111,0b00000000
"SPI","result",3.6261028,4e-06,0b00000000,0b00000000
"SPI","result",3.6261075,3.9e-06,0b00000111,0b00000000
"SPI","disable",3.6261128,1e-07,,
"SPI","enable",3.6261206,9.99999997e-08,,
"SPI","result",3.6261227,4e-06,0b00000010,0b00000000
"SPI","result",3.6261274,3.9e-06,0b00000000,0b00000000
"SPI","result",3.6261352,3.9e-06,0b00000001,0b00000000
"SPI","result",3.6261399,3.9e-06,0b00000110,0b00000000
"SPI","disable",3.6261451,9.99999997e-08,,
"SPI","enable",3.6261529,9.99999997e-08,,
"SPI","result",3.6261551,3.9e-06,0b00000010,0b00000000
"SPI","result",3.6261598,3.9e-06,0b00000001,0b00000000
"SPI","result",3.6261676,3.9e-06,0b00000000,0b00000000
"SPI","result",3.6261722,4e-06,0b00000000,0b00000000
"SPI","disable",3.6261775,1e-07,,
"SPI","enable",3.6261853,9.99999997e-08,,
"SPI","result",3.6261875,3.9e-06,0b00000010,0b00000000
"SPI","result",3.6261921,4e-06,0b00000010,0b00000000
"SPI","result",3.6262,3.9e-06,0b00000000,0b00000000
"SPI","result",3.6262046,3.9e-06,0b00000000,0b00000000
"SPI","disable",3.6262099,9.99999997e-08,,
"SPI","enable",3.6262221,1e-07,,
"SPI","result",3.6262243,3.9e-06,0b00000010,0b00000000
"SPI","result",3.6262289,3.9e-06,0b00000100,0b00000000
"SPI","result",3.6262367,3.9e-06,0b00000000,0b00000000
"SPI","result",3.6262414,3.9e-06,0b00000000,0b00000000
"SPI","disable",3.6262467,1e-07,,
"SPI","enable",3.6262544,9.99999997e-08,,
"SPI","result",3.6262566,3.9e-06,0b00000010,0b00000000
"SPI","result",3.6262613,3.9e-06,0b00000101,0b00000000
"SPI","result",3.6262691,3.9e-06,0b00000000,0b00000000
"SPI","result",3.6262738,3.9e-06,0b00000000,0b00000000
"SPI","disable",3.626279,1e-07,,
"SPI","enable",3.6262868,1e-07,,
"SPI","result",3.626289,3.9e-06,0b00000010,0b00000000
"SPI","result",3.6262937,3.9e-06,0b00000110,0b00000000
"SPI","result",3.6263015,3.9e-06,0b00000011,0b00000000
"SPI","result",3.6263061,3.9e-06,0b00001011,0b00000000
"SPI","disable",3.6263114,9.99999997e-08,,
"SPI","enable",3.6263192,9.99999997e-08,,
"SPI","result",3.6263213,4e-06,0b00000010,0b00000000
"SPI","result",3.626326,3.9e-06,0b00000111,0b00000000
"SPI","result",3.6263338,3.9e-06,0b00000000,0b00000000
"SPI","result",3.6263385,3.9e-06,0b00000000,0b00000000
"SPI","disable",3.6263438,1e-07,,
"SPI","enable",3.6263515,9.99999997e-08,,
"SPI","result",3.6263537,4e-06,0b00000010,0b00000000
"SPI","result",3.6263584,3.9e-06,0b00001000,0b00000000
"SPI","result",3.6263662,3.9e-06,0b00000001,0b00000000
"SPI","result",3.6263709,3.9e-06,0b00000111,0b00000000
"SPI","disable",3.6263762,9.99999997e-08,,
"SPI","enable",3.6263839,1e-07,,
"SPI","result",3.6263861,3.9e-06,0b00000010,0b00000000
"SPI","result",3.6263908,3.9e-06,0b00001001,0b00000000
"SPI","result",3.6263986,3.9e-06,0b00000100,0b00000000
"SPI","result",3.6264032,3.9e-06,0b00000111,0b00000000
"SPI","disable",3.6264085,1e-07,,
"SPI","enable",3.6264163,1e-07,,
"SPI","result",3.6264184,4e-06,0b00000010,0b00000000
"SPI","result",3.6264232,3.9e-06,0b00001010,0b00000000
"SPI","result",3.626431,3.9e-06,0b00001000,0b00000000
"SPI","result",3.6264356,3.9e-06,0b00000000,0b00000000
"SPI","disable",3.6264409,9.99999997e-08,,
"SPI","enable",3.6264487,1e-07,,
"SPI","result",3.6264508,4e-06,0b00000010,0b00000000
"SPI","result",3.6264555,3.9e-06,0b00001011,0b00000000
"SPI","result",3.6264633,3.9e-06,0b00000000,0b00000000
"SPI","result",3.626468,3.9e-06,0b00000011,0b00000000
"SPI","disable",3.6264733,1e-07,,
"SPI","enable",3.626481,9.99999997e-08,,
"SPI","result",3.6264832,3.9e-06,0b00000010,0b00000000
"SPI","result",3.6264879,3.9e-06,0b00001100,0b00000000
"SPI","result",3.6264957,3.9e-06,0b00000000,0b00000000
"SPI","result",3.6265003,3.9e-06,0b00000001,0b00000000
"SPI","disable",3.6265056,9.99999997e-08,,
"SPI","enable",3.6265134,1e-07,,
"SPI","result",3.6265156,3.9e-06,0b00000010,0b00000000
"SPI","result",3.6265203,3.9e-06,0b00001101,0b00000000
"SPI","result",3.626528,4e-06,0b00000100,0b00000000
"SPI","result",3.6265327,3.9e-06,0b00000101,0b00000000
"SPI","disable",3.626538,9.99999997e-08,,
"SPI","enable",3.6265458,9.99999997e-08,,
"SPI","result",3.6265479,4e-06,0b00000010,0b00000000
"SPI","result",3.6265526,3.9e-06,0b00001110,0b00000000
"SPI","result",3.6265604,3.9e-06,0b00000001,0b00000000
"SPI","result",3.6265651,3.9e-06,0b00001000,0b00000000
"SPI","disable",3.6265703,1e-07,,
"SPI","enable",3.6265781,9.99999997e-08,,
"SPI","result",3.6265803,3.9e-06,0b00000010,0b00000000
"SPI","result",3.626585,3.9e-06,0b00001111,0b00000000
"SPI","result",3.6265928,3.9e-06,0b00000000,0b00000000
"SPI","result",3.6265974,4e-06,0b00000000,0b00000000
"SPI","disable",3.6266027,1e-07,,
"SPI","enable",3.6266105,1e-07,,
"SPI","result",3.6266127,3.9e-06,0b00000011,0b00000000
"SPI","result",3.6266173,4e-06,0b00000000,0b00000000
"SPI","result",3.6266252,3.9e-06,0b00000000,0b00000000
"SPI","result",3.6266298,3.9e-06,0b00000001,0b00000000
"SPI","disable",3.6266351,1e-07,,
"SPI","enable",3.6266429,1e-07,,
"SPI","result",3.626645,4e-06,0b00000011,0b00000000
"SPI","result",3.6266497,3.9e-06,0b00000001,0b00000000
"SPI","result",3.6266575,3.9e-06,0b00000000,0b00000000
"SPI","result",3.6266622,3.9e-06,0b00001111,0b00000000
"SPI","disable",3.6266675,1e-07,,
"SPI","enable",3.6266729,9.99999997e-08,,
"SPI","result",3.6266738,4e-06,0b00001011,0b00000000
"SPI","disable",3.6266781,1e-07,,
"SPI","enable",3.6266813,9.99999997e-08,,
"SPI","result",3.6266835,3.9e-06,0b00000000,0b00000000
"SPI","result",3.6266882,3.9e-06,0b00000010,0b00000000
"SPI","result",3.626696,3.9e-06,0b00000000,0b00000000
"SPI","result",3.6267006,4e-06,0b00000001,0b00000000
"SPI","disable",3.6267059,1e-07,,
"SPI","enable",3.6267119,9.99999997e-08,,
"SPI","result",3.6267144,4e-06,0b00000100,0b00000000
"SPI","result",3.6267191,3.9e-06,0b00000010,0b00000000
"SPI","result",3.6267264,3.6e-06,0b00000000,0b00000000
"SPI","result",3.6267307,3.6e-06,0b00000001,0b00000000
"SPI","disable",3.6267362,1e-07,,
"SPI","enable",3.6267433,1e-07,,
"SPI","result",3.6267458,4e-06,0b00000100,0b00000000
"SPI","result",3.6267505,3.9e-06,0b00000010,0b00000000
"SPI","result",3.6267578,3.6e-06,0b00000000,0b00000000
"SPI","result",3.6267621,3.6e-06,0b00000001,0b00000000
"SPI","disable",3.6267676,9.99999997e-08,,
"SPI","enable",3.6267747,1e-07,,
"SPI","result",3.6267772,3.9e-06,0b00000100,0b00000000
"SPI","result",3.6267819,3.9e-06,0b00000010,0b00000000
"SPI","result",3.6267891,3.7e-06,0b00000000,0b00000000
"SPI","result",3.6267935,3.6e-06,0b00000001,0b00000000
"SPI","disable",3.6267989,1e-07,,
"SPI","enable",3.6268061,9.99999997e-08,,
"SPI","result",3.6268086,3.9e-06,0b00000100,0b00000000
"SPI","result",3.6268133,3.9e-06,0b00000010,0b00000000
"SPI","result",3.6268205,3.7e-06,0b00000000,0b00000000
"SPI","result",3.6268248,3.7e-06,0b00000001,0b00000000
"SPI","disable",3.6268303,9.99999997e-08,,
"SPI","enable",3.6268374,1e-07,,
"SPI","result",3.62684,3.9e-06,0b00000100,0b00000000
"SPI","result",3.6268446,4e-06,0b00000010,0b00000000
"SPI","result",3.6268519,3.7e-06,0b00000000,0b00000000
"SPI","result",3.6268562,3.7e-06,0b00000001,0b00000000
"SPI","disable",3.6268617,1e-07,,
"SPI","enable",3.6268688,9.99999997e-08,,
"SPI","result",3.6268714,3.9e-06,0b00000100,0b00000000
"SPI","result",3.626876,4e-06,0b00000010,0b00000000
"SPI","result",3.6268833,3.7e-06,0b00000000,0b00000000
"SPI","result",3.6268876,3.7e-06,0b00000000,0b00000000
"SPI","disable",3.6268931,9.99999997e-08,,
"SPI","enable",3.6268959,9.99999997e-08,,
"SPI","result",3.6268984,4e-06,0b00000110,0b00000000
"SPI","result",3.6269031,3.9e-06,0b00000010,0b00000000
"SPI","result",3.6269104,3.6e-06,0b00000000,0b00000000
"SPI","result",3.6269147,3.6e-06,0b00000101,0b00000000
"SPI","disable",3.6269202,1e-07,,
"SPI","enable",3.626923,9.99999997e-08,,
"SPI","result",3.6269252,3.9e-06,0b00000010,0b00000000
"SPI","result",3.6269298,4e-06,0b00000100,0b00000000
"SPI","result",3.6269376,4e-06,0b00000001,0b00000000
"SPI","result",3.6269423,3.9e-06,0b00000011,0b00000000
"SPI","disable",3.6269476,1e-07,,
"SPI","enable",3.6269499,9.99999997e-08,,
"SPI","result",3.6269521,3.9e-06,0b00000010,0b00000000
"SPI","result",3.6269567,4e-06,0b00000110,0b00000000
"SPI","result",3.6269645,4e-06,0b00000011,0b00000000
"SPI","result",3.6269692,3.9e-06,0b00001011,0b00000000
"SPI","disable",3.6269745,9.99999997e-08,,
"SPI","enable",3.6269768,9.99999997e-08,,
"SPI","result",3.626979,3.9e-06,0b00000000,0b00000000
"SPI","result",3.6269837,3.9e-06,0b00001111,0b00000000
"SPI","result",3.6269914,4e-06,0b00000000,0b00000000
"SPI","result",3.6269961,3.9e-06,0b00000000,0b00000000
"SPI","disable",3.6270014,9.99999997e-08,,
"SPI","enable",3.6270037,1e-07,,
"SPI","result",3.6270059,3.9e-06,0b00000000,0b00000000
"SPI","result",3.6270105,4e-06,0b00000010,0b00000000
"SPI","result",3.6270183,4e-06,0b00000000,0b00000000
"SPI","result",3.627023,3.9e-06,0b00000010,0b00000000
"SPI","disable",3.6270283,1e-07,,
"SPI","enable",3.6270343,9.99999997e-08,,
"SPI","result",3.6270368,3.9e-06,0b00000100,0b00000000
"SPI","result",3.6270415,3.9e-06,0b00000010,0b00000000
"SPI","result",3.6270487,3.7e-06,0b00000000,0b00000000
"SPI","result",3.627053,3.7e-06,0b00000010,0b00000000
"SPI","disable",3.6270585,9.99999997e-08,,
"SPI","enable",3.6270656,1e-07,,
"SPI","result",3.6270682,3.9e-06,0b00000100,0b00000000
"SPI","result",3.6270728,4e-06,0b00000010,0b00000000
"SPI","result",3.6270801,3.7e-06,0b00000000,0b00000000
"SPI","result",3.6270844,3.7e-06,0b00000010,0b00000000
"SPI","disable",3.6270899,1e-07,,
"SPI","enable",3.627097,9.99999997e-08,,
"SPI","result",3.6270996,3.9e-06,0b00000100,0b00000000
"SPI","result",3.6271042,4e-06,0b00000010,0b00000000
"SPI","result",3.6271115,3.6e-06,0b00000000,0b00000000
"SPI","result",3.6271158,3.7e-06,0b00000000,0b00000000
"SPI","disable",3.6271213,9.99999997e-08,,
"SPI","enable",3.6271241,9.99999997e-08,,
"SPI","result",3.6271266,4e-06,0b00000110,0b00000000
"SPI","result",3.6271313,3.9e-06,0b00000101,0b00000000
"SPI","result",3.6271386,3.6e-06,0b00000001,0b00000000
"SPI","result",3.6271429,3.6e-06,0b00000100,0b00000000
"SPI","disable",3.6271484,1e-07,,
"SPI","enable",3.627153,1e-07,,
"SPI","result",3.6271551,4e-06,0b00000000,0b00000000
"SPI","result",3.6271598,3.9e-06,0b00001111,0b00000000
"SPI","result",3.6271676,3.9e-06,0b00001010,0b00000000
"SPI","result",3.6271723,3.9e-06,0b00000000,0b00000000
"SPI","disable",3.6271776,9.99999997e-08,,
"SPI","enable",3.6271799,1.00000001e-07,,
"SPI","result",3.6271821,3.9e-06,0b00000000,0b00000000
"SPI","result",3.6271867,3.9e-06,0b00000010,0b00000000
"SPI","result",3.6271945,3.9e-06,0b00000000,0b00000000
"SPI","result",3.6271992,3.9e-06,0b00000010,0b00000000
"SPI","disable",3.6272045,9.99999997e-08,,
"SPI","enable",3.6272104,9.99999997e-08,,
"SPI","result",3.627213,3.9e-06,0b00000100,0b00000000
"SPI","result",3.6272176,4e-06,0b00000010,0b00000000
"SPI","result",3.6272249,3.7e-06,0b00000000,0b00000000
"SPI","result",3.6272292,3.7e-06,0b00000010,0b00000000
"SPI","disable",3.6272347,1e-07,,
"SPI","enable",3.6272418,9.99999997e-08,,
"SPI","result",3.6272444,3.9e-06,0b00000100,0b00000000
"SPI","result",3.627249,4e-06,0b00000010,0b00000000
"SPI","result",3.6272563,3.7e-06,0b00000000,0b00000000
"SPI","result",3.6272606,3.7e-06,0b00000010,0b00000000
"SPI","disable",3.6272661,1e-07,,
"SPI","enable",3.6272732,1e-07,,
"SPI","result",3.6272757,4e-06,0b00000100,0b00000000
"SPI","result",3.6272804,3.9e-06,0b00000010,0b00000000
"SPI","result",3.6272877,3.6e-06,0b00000000,0b00000000
"SPI","result",3.627292,3.6e-06,0b00000000,0b00000000
"SPI","disable",3.6272975,9.99999997e-08,,
"SPI","enable",3.6273003,1e-07,,
"SPI","result",3.6273028,4e-06,0b00000110,0b00000000
"SPI","result",3.6273075,3.9e-06,0b00000101,0b00000000
"SPI","result",3.6273148,3.6e-06,0b00000001,0b00000000
"SPI","result",3.6273191,3.6e-06,0b00000100,0b00000000
"SPI","disable",3.6273246,1e-07,,
"SPI","enable",3.6273335,9.99999997e-08,,
"SPI","result",3.6273356,4e-06,0b00000010,0b00000000
"SPI","result",3.6273403,3.9e-06,0b00000101,0b00000000
"SPI","result",3.6273481,3.9e-06,0b00000000,0b00000000
"SPI","result",3.6273528,3.9e-06,0b00001100,0b00000000
"SPI","disable",3.6273581,1e-07,,
"SPI","enable",3.6275987,9.99999997e-08,,
"SPI","result",3.6275997,3.8e-06,0b00001010,0b00000000
"SPI","disable",3.6276038,9.99999997e-08,,
"SPI","enable",3.6276068,9.99999997e-08,,
"SPI","result",3.6276089,4e-06,0b00000010,0b00000000
"SPI","result",3.6276136,3.9e-06,0b00001000,0b00000000
"SPI","result",3.6276214,3.9e-06,0b00000001,0b00000000
"SPI","result",3.6276261,3.9e-06,0b00001111,0b00000000
"SPI","disable",3.6276314,1e-07,,
"SPI","enable",3.6276337,1e-07,,
"SPI","result",3.6276358,4e-06,0b00000000,0b00000000
"SPI","result",3.6276405,3.9e-06,0b00001110,0b00000000
"SPI","result",3.6276483,3.9e-06,0b00000000,0b00000000
"SPI","result",3.627653,3.9e-06,0b00000001,0b00000000
"SPI","disable",3.6276583,1.00000001e-07,,
"SPI","enable",3.6276606,9.99999997e-08,,
"SPI","result",3.6276627,4e-06,0b00000000,0b00000000
"SPI","result",3.6276674,3.9e-06,0b00000001,0b00000000
"SPI","result",3.6276752,3.9e-06,0b00000110,0b00000000
"SPI","result",3.6276799,3.9e-06,0b00000010,0b00000000
"SPI","disable",3.6276851,1.00000001e-07,,
"SPI","enable",3.6276875,9.99999997e-08,,
"SPI","result",3.6276896,4e-06,0b00000001,0b00000000
"SPI","result",3.6276943,3.9e-06,0b00001111,0b00000000
"SPI","result",3.6277021,3.9e-06,0b00000000,0b00000000
"SPI","result",3.6277068,3.9e-06,0b00001111,0b00000000
"SPI","disable",3.6277121,9.99999997e-08,,
"SPI","enable",3.6277159,9.99999997e-08,,
"SPI","result",3.6277181,3.9e-06,0b00000000,0b00000000
"SPI","result",3.6277228,3.9e-06,0b00001111,0b00000000
"SPI","result",3.6277305,4e-06,0b00000000,0b00000000
"SPI","result",3.6277352,3.9e-06,0b00000100,0b00000000
"SPI","disable",3.6277405,1e-07,,
"SPI","enable",3.6277428,9.99999997e-08,,
"SPI","result",3.627745,3.9e-06,0b00000000,0b00000000
"SPI","result",3.6277497,3.9e-06,0b00001011,0b00000000
"SPI","result",3.6277574,4e-06,0b00000000,0b00000000
"SPI","result",3.6277621,3.9e-06,0b00000001,0b00000000
"SPI","disable",3.6277674,9.99999997e-08,,
"SPI","enable",3.6277697,1e-07,,
"SPI","result",3.6277718,4e-06,0b00000000,0b00000000
"SPI","result",3.6277765,4e-06,0b00000011,0b00000000
"SPI","result",3.6277843,4e-06,0b00000000,0b00000000
"SPI","result",3.627789,3.9e-06,0b00001111,0b00000000
"SPI","disable",3.6277943,9.99999997e-08,,
"SPI","enable",3.6280023,1e-07,,
"SPI","result",3.6280032,3.9e-06,0b00001010,0b00000000
"SPI","disable",3.6280074,9.99999997e-08,,
"SPI","enable",3.6280103,1e-07,,
"SPI","result",3.6280112,3.9e-06,0b00001110,0b00000000
"SPI","disable",3.6280154,1e-07,,
"SPI","enable",3.6280172,1e-07,,
"SPI","result",3.6280195,3.9e-06,0b00000000,0b00000000
"SPI","result",3.6280242,3.9e-06,0b00000101,0b00000000
"SPI","result",3.6280343,3.9e-06,0b00000100,0b00000000
"SPI","result",3.628039,3.9e-06,0b00000011,0b00000000
"SPI","result",3.6280498,4e-06,0b00000010,0b00000000
"SPI","result",3.6280545,3.9e-06,0b00000000,0b00000000
"SPI","result",3.6280654,3.9e-06,0b00000010,0b00000000
"SPI","result",3.62807,3.9e-06,0b00000001,0b00000000
"SPI","result",3.6280809,3.9e-06,0b00000110,0b00000000
"SPI","result",3.6280855,3.9e-06,0b00000100,0b00000000
"SPI","result",3.6280964,3.9e-06,0b00000010,0b00000000
"SPI","result",3.628101,3.9e-06,0b00000001,0b00000000
"SPI","result",3.6281119,3.9e-06,0b00000011,0b00000000
"SPI","result",3.6281165,4e-06,0b00000100,0b00000000
"SPI","result",3.6281274,3.9e-06,0b00000010,0b00000000
"SPI","result",3.628132,4e-06,0b00000001,0b00000000
"SPI","result",3.6281429,3.9e-06,0b00000001,0b00000000
"SPI","result",3.6281476,3.9e-06,0b00000100,0b00000000
"SPI","result",3.6281584,3.9e-06,0b00000010,0b00000000
"SPI","result",3.6281631,3.9e-06,0b00001100,0b00000000
"SPI","result",3.6281739,3.9e-06,0b00000001,0b00000000
"SPI","result",3.6281786,3.9e-06,0b00000100,0b00000000
"SPI","result",3.6281894,4e-06,0b00000010,0b00000000
"SPI","result",3.6281941,3.9e-06,0b00001100,0b00000000
"SPI","result",3.628205,3.9e-06,0b00000001,0b00000000
"SPI","result",3.6282096,3.9e-06,0b00000100,0b00000000
"SPI","result",3.6282205,3.9e-06,0b00000010,0b00000000
"SPI","result",3.6282252,3.8e-06,0b00001100,0b00000000
"SPI","result",3.628236,3.9e-06,0b00000001,0b00000000
"SPI","result",3.6282406,4e-06,0b00000100,0b00000000
"SPI","result",3.6282515,3.9e-06,0b00000010,0b00000000
"SPI","result",3.6282561,4e-06,0b00000001,0b00000000
"SPI","result",3.628267,3.9e-06,0b00000000,0b00000000
"SPI","result",3.6282717,3.9e-06,0b00000000,0b00000000
"SPI","disable",3.6282797,1e-07,,
"SPI","enable",3.6282819,1e-07,,
"SPI","result",3.6282829,3.9e-06,0b00001101,0b00000000
"SPI","disable",3.6282871,9.99999997e-08,,
"SPI","enable",6.044532,9.99999993e-08,,
"SPI","result",6.0445329,3.9e-06,0b00001010,0b00000000
"SPI","disable",6.0445371,9.99999993e-08,,
"SPI","enable",6.04454,1e-07,,
"SPI","result",6.0445422,3.9e-06,0b00000010,0b00000000
"SPI","result",6.0445469,3.9e-06,0b00001000,0b00000000
"SPI","result",6.0445547,3.9e-06,0b00000001,0b00000000
"SPI","result",6.0445594,3.9e-06,0b00001111,0b00000000
"SPI","disable",6.0445647,1e-07,,
"SPI","enable",6.0445669,9.99999993e-08,,
"SPI","result",6.0445691,4e-06,0b00000000,0b00000000
"SPI","result",6.0445738,3.9e-06,0b00001110,0b00000000
"SPI","result",6.0445816,3.9e-06,0b00000000,0b00000000
"SPI","result",6.0445863,3.9e-06,0b00000001,0b00000000
"SPI","disable",6.0445916,9.99999993e-08,,
"SPI","enable",6.0445938,9.99999993e-08,,
"SPI","result",6.044596,4e-06,0b00000000,0b00000000
"SPI","result",6.0446007,3.9e-06,0b00000001,0b00000000
"SPI","result",6.0446085,3.9e-06,0b00000110,0b00000000
"SPI","result",6.0446132,3.9e-06,0b00000010,0b00000000
"SPI","disable",6.0446184,1e-07,,
"SPI","enable",6.0446207,9.99999993e-08,,
"SPI","result",6.0446229,4e-06,0b00000001,0b00000000
"SPI","result",6.0446276,3.9e-06,0b00001111,0b00000000
"SPI","result",6.0446354,3.9e-06,0b00000000,0b00000000
"SPI","result",6.0446401,3.9e-06,0b00001111,0b00000000
"SPI","disable",6.0446454,9.99999993e-08,,
"SPI","enable",6.0446492,1e-07,,
"SPI","result",6.0446513,4e-06,0b00000000,0b00000000
"SPI","result",6.044656,3.9e-06,0b00001111,0b00000000
"SPI","result",6.0446638,3.9e-06,0b00000000,0b00000000
"SPI","result",6.0446685,3.9e-06,0b00000100,0b00000000
"SPI","disable",6.0446738,1.00000001e-07,,
"SPI","enable",6.0446761,9.99999993e-08,,
"SPI","result",6.0446783,3.9e-06,0b00000000,0b00000000
"SPI","result",6.044683,3.8e-06,0b00001011,0b00000000
"SPI","result",6.0446907,3.9e-06,0b00000000,0b00000000
"SPI","result",6.0446954,3.9e-06,0b00000001,0b00000000
"SPI","disable",6.0447007,1e-07,,
"SPI","enable",6.044703,1e-07,,
"SPI","result",6.0447051,4e-06,0b00000000,0b00000000
"SPI","result",6.0447098,3.9e-06,0b00000011,0b00000000
"SPI","result",6.0447176,3.9e-06,0b00000000,0b00000000
"SPI","result",6.0447223,3.9e-06,0b00001111,0b00000000
"SPI","disable",6.0447276,1e-07,,
"SPI","enable",6.0449356,1e-07,,
"SPI","result",6.0449365,3.9e-06,0b00001010,0b00000000
"SPI","disable",6.0449407,1e-07,,
"SPI","enable",6.0449436,1e-07,,
"SPI","result",6.0449445,3.9e-06,0b00001110,0b00000000
"SPI","disable",6.0449487,1e-07,,
"SPI","enable",6.0449505,1e-07,,
"SPI","result",6.0449528,4e-06,0b00000000,0b00000000
"SPI","result",6.0449575,3.9e-06,0b00000101,0b00000000
"SPI","result",6.0449676,4e-06,0b00000100,0b00000000
"SPI","result",6.0449723,3.9e-06,0b00000010,0b00000000
"SPI","result",6.0449832,3.9e-06,0b00000010,0b00000000
"SPI","result",6.0449878,3.9e-06,0b00000000,0b00000000
"SPI","result",6.0449987,3.9e-06,0b00000010,0b00000000
"SPI","result",6.0450033,4e-06,0b00000001,0b00000000
"SPI","result",6.0450142,3.9e-06,0b00000110,0b00000000
"SPI","result",6.0450188,4e-06,0b00000100,0b00000000
"SPI","result",6.0450297,3.9e-06,0b00000010,0b00000000
"SPI","result",6.0450344,3.9e-06,0b00000001,0b00000000
"SPI","result",6.0450452,3.9e-06,0b00000011,0b00000000
"SPI","result",6.0450499,3.9e-06,0b00000100,0b00000000
"SPI","result",6.0450607,4e-06,0b00000010,0b00000000
"SPI","result",6.0450654,3.9e-06,0b00000001,0b00000000
"SPI","result",6.0450762,4e-06,0b00000001,0b00000000
"SPI","result",6.0450809,3.9e-06,0b00000100,0b00000000
"SPI","result",6.0450918,3.9e-06,0b00000010,0b00000000
"SPI","result",6.0450965,3.9e-06,0b00001100,0b00000000
"SPI","result",6.0451073,3.9e-06,0b00000001,0b00000000
"SPI","result",6.0451119,4e-06,0b00000100,0b00000000
"SPI","result",6.0451228,3.9e-06,0b00000010,0b00000000
"SPI","result",6.0451275,3.9e-06,0b00001100,0b00000000
"SPI","result",6.0451383,3.9e-06,0b00000001,0b00000000
"SPI","result",6.045143,3.9e-06,0b00000100,0b00000000
"SPI","result",6.0451538,4e-06,0b00000010,0b00000000
"SPI","result",6.0451585,3.9e-06,0b00001100,0b00000000
"SPI","result",6.0451694,3.9e-06,0b00000001,0b00000000
"SPI","result",6.045174,3.9e-06,0b00000100,0b00000000
"SPI","result",6.0451849,3.9e-06,0b00000010,0b00000000
"SPI","result",6.0451895,4e-06,0b00000001,0b00000000
"SPI","result",6.0452004,3.9e-06,0b00000000,0b00000000
"SPI","result",6.0452051,3.9e-06,0b00000000,0b00000000
"SPI","disable",6.0452131,1e-07,,
"SPI","enable",6.0452153,1e-07,,
"SPI","result",6.0452163,3.9e-06,0b00001101,0b00000000
"SPI","disable",6.0452205,1e-07,,
"SPI","enable",6.0821697,1e-07,,
"SPI","result",6.0821706,3.9e-06,0b00001010,0b00000000
"SPI","disable",6.0821748,1e-07,,
"SPI","enable",6.0821777,1e-07,,
"SPI","result",6.0821799,4e-06,0b00000010,0b00000000
"SPI","result",6.0821846,3.9e-06,0b00001000,0b00000000
"SPI","result",6.0821924,3.9e-06,0b00000001,0b00000000
"SPI","result",6.0821971,3.9e-06,0b00001111,0b00000000
"SPI","disable",6.0822024,1e-07,,
"SPI","enable",6.0822046,1e-07,,
"SPI","result",6.0822068,4e-06,0b00000000,0b00000000
"SPI","result",6.0822115,3.9e-06,0b00001110,0b00000000
"SPI","result",6.0822193,3.9e-06,0b00000000,0b00000000
"SPI","result",6.082224,3.9e-06,0b00000001,0b00000000
"SPI","disable",6.0822293,1e-07,,
"SPI","enable",6.0822315,1e-07,,
"SPI","result",6.0822337,4e-06,0b00000000,0b00000000
"SPI","result",6.0822384,3.9e-06,0b00000001,0b00000000
"SPI","result",6.0822462,3.9e-06,0b00000110,0b00000000
"SPI","result",6.0822509,3.9e-06,0b00000010,0b00000000
"SPI","disable",6.0822561,9.99999993e-08,,
"SPI","enable",6.0822585,1e-07,,
"SPI","result",6.0822606,4e-06,0b00000001,0b00000000
"SPI","result",6.0822653,3.9e-06,0b00001111,0b00000000
"SPI","result",6.0822731,3.9e-06,0b00000000,0b00000000
"SPI","result",6.0822778,3.9e-06,0b00001111,0b00000000
"SPI","disable",6.0822831,1e-07,,
"SPI","enable",6.0822869,1e-07,,
"SPI","result",6.0822891,3.9e-06,0b00000000,0b00000000
"SPI","result",6.0822938,3.9e-06,0b00001111,0b00000000
"SPI","result",6.0823015,4e-06,0b00000000,0b00000000
"SPI","result",6.0823062,3.9e-06,0b00000100,0b00000000
"SPI","disable",6.0823115,9.99999993e-08,,
"SPI","enable",6.0823138,1e-07,,
"SPI","result",6.082316,3.9e-06,0b00000000,0b00000000
"SPI","result",6.0823207,3.9e-06,0b00001011,0b00000000
"SPI","result",6.0823284,4e-06,0b00000000,0b00000000
"SPI","result",6.0823331,3.9e-06,0b00000001,0b00000000
"SPI","disable",6.0823384,9.99999993e-08,,
"SPI","enable",6.0823407,1e-07,,
"SPI","result",6.0823429,3.9e-06,0b00000000,0b00000000
"SPI","result",6.0823475,4e-06,0b00000011,0b00000000
"SPI","result",6.0823553,4e-06,0b00000000,0b00000000
"SPI","result",6.08236,3.9e-06,0b00001111,0b00000000
"SPI","disable",6.0823653,9.99999993e-08,,
"SPI","enable",6.0825733,1e-07,,
"SPI","result",6.0825743,3.9e-06,0b00001010,0b00000000
"SPI","disable",6.0825785,9.99999993e-08,,
"SPI","enable",6.0825813,1e-07,,
"SPI","result",6.0825823,3.9e-06,0b00001110,0b00000000
"SPI","disable",6.0825864,9.99999993e-08,,
"SPI","enable",6.0825882,1e-07,,
"SPI","result",6.0825906,3.9e-06,0b00000000,0b00000000
"SPI","result",6.0825953,3.9e-06,0b00000101,0b00000000
"SPI","result",6.0826054,3.9e-06,0b00000100,0b00000000
"SPI","result",6.08261,4e-06,0b00000010,0b00000000
"SPI","result",6.0826209,3.9e-06,0b00000010,0b00000000
"SPI","result",6.0826256,3.9e-06,0b00000000,0b00000000
"SPI","result",6.0826364,3.9e-06,0b00000010,0b00000000
"SPI","result",6.0826411,3.9e-06,0b00000001,0b00000000
"SPI","result",6.0826519,4e-06,0b00000110,0b00000000
"SPI","result",6.0826566,3.9e-06,0b00000100,0b00000000
"SPI","result",6.0826675,3.9e-06,0b00000010,0b00000000
"SPI","result",6.0826721,3.9e-06,0b00000001,0b00000000
"SPI","result",6.082683,3.9e-06,0b00000011,0b00000000
"SPI","result",6.0826876,4e-06,0b00000100,0b00000000
"SPI","result",6.0826985,3.9e-06,0b00000010,0b00000000
"SPI","result",6.0827031,4e-06,0b00000001,0b00000000
"SPI","result",6.082714,3.9e-06,0b00000001,0b00000000
"SPI","result",6.0827187,3.9e-06,0b00000100,0b00000000
"SPI","result",6.0827295,3.9e-06,0b00000010,0b00000000
"SPI","result",6.0827342,3.9e-06,0b00001100,0b00000000
"SPI","result",6.082745,4e-06,0b00000001,0b00000000
"SPI","result",6.0827497,3.9e-06,0b00000100,0b00000000
"SPI","result",6.0827606,3.9e-06,0b00000010,0b00000000
"SPI","result",6.0827652,3.9e-06,0b00001100,0b00000000
"SPI","result",6.0827761,3.9e-06,0b00000001,0b00000000
"SPI","result",6.0827807,4e-06,0b00000100,0b00000000
"SPI","result",6.0827916,3.9e-06,0b00000010,0b00000000
"SPI","result",6.0827963,3.9e-06,0b00001100,0b00000000
"SPI","result",6.0828071,3.9e-06,0b00000001,0b00000000
"SPI","result",6.0828118,3.9e-06,0b00000100,0b00000000
"SPI","result",6.0828226,3.9e-06,0b00000010,0b00000000
"SPI","result",6.0828273,3.9e-06,0b00000001,0b00000000
"SPI","result",6.0828381,4e-06,0b00000000,0b00000000
"SPI","result",6.0828428,3.9e-06,0b00000000,0b00000000
"SPI","disable",6.0828509,9.99999993e-08,,
"SPI","enable",6.0828531,9.99999993e-08,,
"SPI","result",6.082854,3.9e-06,0b00001101,0b00000000
"SPI","disable",6.0828582,9.99999993e-08,,
"SPI","enable",7.5710831,1e-07,,
"SPI","result",7.571084,3.9e-06,0b00001010,0b00000000
"SPI","disable",7.5710882,1e-07,,
"SPI","enable",7.5710912,1e-07,,
"SPI","result",7.5710933,4e-06,0b00000010,0b00000000
"SPI","result",7.571098,3.9e-06,0b00001000,0b00000000
"SPI","result",7.5711058,3.9e-06,0b00000001,0b00000000
"SPI","result",7.5711105,3.9e-06,0b00001111,0b00000000
"SPI","disable",7.5711158,9.99999993e-08,,
"SPI","enable",7.571118,9.99999993e-08,,
"SPI","result",7.5711202,4e-06,0b00000000,0b00000000
"SPI","result",7.5711249,3.9e-06,0b00001110,0b00000000
"SPI","result",7.5711327,3.9e-06,0b00000000,0b00000000
"SPI","result",7.5711374,3.9e-06,0b00000001,0b00000000
"SPI","disable",7.5711427,9.99999993e-08,,
"SPI","enable",7.5711449,9.99999993e-08,,
"SPI","result",7.5711471,4e-06,0b00000000,0b00000000
"SPI","result",7.5711518,3.9e-06,0b00000001,0b00000000
"SPI","result",7.5711596,3.9e-06,0b00000110,0b00000000
"SPI","result",7.5711642,4e-06,0b00000010,0b00000000
"SPI","disable",7.5711695,1e-07,,
"SPI","enable",7.5711718,1e-07,,
"SPI","result",7.571174,3.9e-06,0b00000001,0b00000000
"SPI","result",7.5711787,3.9e-06,0b00001111,0b00000000
"SPI","result",7.5711865,3.9e-06,0b00000000,0b00000000
"SPI","result",7.5711912,3.9e-06,0b00001111,0b00000000
"SPI","disable",7.5711964,1e-07,,
"SPI","enable",7.5712003,1e-07,,
"SPI","result",7.5712024,4e-06,0b00000000,0b00000000
"SPI","result",7.5712071,3.9e-06,0b00001111,0b00000000
"SPI","result",7.5712149,3.9e-06,0b00000000,0b00000000
"SPI","result",7.5712196,3.9e-06,0b00000100,0b00000000
"SPI","disable",7.5712248,9.99999993e-08,,
"SPI","enable",7.5712272,1e-07,,
"SPI","result",7.5712293,4e-06,0b00000000,0b00000000
"SPI","result",7.571234,3.9e-06,0b00001011,0b00000000
"SPI","result",7.5712418,3.9e-06,0b00000000,0b00000000
"SPI","result",7.5712465,3.9e-06,0b00000001,0b00000000
"SPI","disable",7.5712518,1e-07,,
"SPI","enable",7.571254,1e-07,,
"SPI","result",7.5712562,4e-06,0b00000000,0b00000000
"SPI","result",7.5712609,3.9e-06,0b00000011,0b00000000
"SPI","result",7.5712687,3.9e-06,0b00000000,0b00000000
"SPI","result",7.5712734,3.9e-06,0b00001111,0b00000000
"SPI","disable",7.5712787,1e-07,,
"SPI","enable",7.5714866,1e-07,,
"SPI","result",7.5714875,4e-06,0b00001010,0b00000000
"SPI","disable",7.5714917,1e-07,,
"SPI","enable",7.5714946,9.99999993e-08,,
"SPI","result",7.5714955,3.9e-06,0b00001110,0b00000000
"SPI","disable",7.5714997,9.99999993e-08,,
"SPI","enable",7.5715015,1e-07,,
"SPI","result",7.5715039,3.9e-06,0b00000000,0b00000000
"SPI","result",7.5715085,3.9e-06,0b00000101,0b00000000
"SPI","result",7.5715186,4e-06,0b00000100,0b00000000
"SPI","result",7.5715233,3.9e-06,0b00000011,0b00000000
"SPI","result",7.5715342,3.9e-06,0b00000010,0b00000000
"SPI","result",7.5715388,3.9e-06,0b00000000,0b00000000
"SPI","result",7.5715497,3.9e-06,0b00000010,0b00000000
"SPI","result",7.5715543,4e-06,0b00000001,0b00000000
"SPI","result",7.5715652,3.9e-06,0b00000110,0b00000000
"SPI","result",7.5715698,4e-06,0b00000100,0b00000000
"SPI","result",7.5715807,3.9e-06,0b00000010,0b00000000
"SPI","result",7.5715854,3.9e-06,0b00000001,0b00000000
"SPI","result",7.5715962,3.9e-06,0b00000011,0b00000000
"SPI","result",7.5716009,3.9e-06,0b00000100,0b00000000
"SPI","result",7.5716117,3.9e-06,0b00000010,0b00000000
"SPI","result",7.5716164,3.9e-06,0b00000001,0b00000000
"SPI","result",7.5716272,3.9e-06,0b00000001,0b00000000
"SPI","result",7.5716319,3.9e-06,0b00000100,0b00000000
"SPI","result",7.5716427,4e-06,0b00000010,0b00000000
"SPI","result",7.5716474,3.9e-06,0b00001100,0b00000000
"SPI","result",7.5716583,3.9e-06,0b00000001,0b00000000
"SPI","result",7.5716629,3.9e-06,0b00000100,0b00000000
"SPI","result",7.5716738,3.9e-06,0b00000010,0b00000000
"SPI","result",7.5716785,3.8e-06,0b00001100,0b00000000
"SPI","result",7.5716893,3.9e-06,0b00000001,0b00000000
"SPI","result",7.5716939,4e-06,0b00000100,0b00000000
"SPI","result",7.5717048,3.9e-06,0b00000010,0b00000000
"SPI","result",7.5717095,3.9e-06,0b00001100,0b00000000
"SPI","result",7.5717203,3.9e-06,0b00000001,0b00000000
"SPI","result",7.5717249,4e-06,0b00000100,0b00000000
"SPI","result",7.5717358,3.9e-06,0b00000010,0b00000000
"SPI","result",7.5717405,3.9e-06,0b00000001,0b00000000
"SPI","result",7.5717513,3.9e-06,0b00000000,0b00000000
"SPI","result",7.571756,3.9e-06,0b00000000,0b00000000
"SPI","disable",7.5717641,9.99999993e-08,,
"SPI","enable",7.5717663,9.99999993e-08,,
"SPI","result",7.5717672,3.9e-06,0b00001101,0b00000000
"SPI","disable",7.5717714,9.99999993e-08,,
"SPI","enable",7.609025,1e-07,,
"SPI","result",7.6090259,4e-06,0b00001010,0b00000000
"SPI","disable",7.6090301,1e-07,,
"SPI","enable",7.6090331,9.99999993e-08,,
"SPI","result",7.6090352,4e-06,0b00000010,0b00000000
"SPI","result",7.6090399,3.9e-06,0b00001000,0b00000000
"SPI","result",7.6090477,3.9e-06,0b00000001,0b00000000
"SPI","result",7.6090524,3.9e-06,0b00001111,0b00000000
"SPI","disable",7.6090577,1e-07,,
"SPI","enable",7.60906,9.99999993e-08,,
"SPI","result",7.6090621,4e-06,0b00000000,0b00000000
"SPI","result",7.6090668,3.9e-06,0b00001110,0b00000000
"SPI","result",7.6090746,3.9e-06,0b00000000,0b00000000
"SPI","result",7.6090793,3.9e-06,0b00000001,0b00000000
"SPI","disable",7.6090846,1e-07,,
"SPI","enable",7.6090869,9.99999993e-08,,
"SPI","result",7.609089,4e-06,0b00000000,0b00000000
"SPI","result",7.6090937,3.9e-06,0b00000001,0b00000000
"SPI","result",7.6091015,3.9e-06,0b00000110,0b00000000
"SPI","result",7.6091062,3.9e-06,0b00000010,0b00000000
"SPI","disable",7.6091114,1e-07,,
"SPI","enable",7.6091138,9.99999993e-08,,
"SPI","result",7.6091159,4e-06,0b00000001,0b00000000
"SPI","result",7.6091206,3.9e-06,0b00001111,0b00000000
"SPI","result",7.6091284,3.9e-06,0b00000000,0b00000000
"SPI","result",7.6091331,3.9e-06,0b00001111,0b00000000
"SPI","disable",7.6091384,1e-07,,
"SPI","enable",7.6091422,1e-07,,
"SPI","result",7.6091443,4e-06,0b00000000,0b00000000
"SPI","result",7.609149,3.9e-06,0b00001111,0b00000000
"SPI","result",7.6091568,3.9e-06,0b00000000,0b00000000
"SPI","result",7.6091615,3.9e-06,0b00000100,0b00000000
"SPI","disable",7.6091668,1e-07,,
"SPI","enable",7.6091691,1e-07,,
"SPI","result",7.6091713,3.9e-06,0b00000000,0b00000000
"SPI","result",7.6091759,3.9e-06,0b00001011,0b00000000
"SPI","result",7.6091837,3.9e-06,0b00000000,0b00000000
"SPI","result",7.6091884,3.9e-06,0b00000001,0b00000000
"SPI","disable",7.6091937,1e-07,,
"SPI","enable",7.609196,1e-07,,
"SPI","result",7.6091981,4e-06,0b00000000,0b00000000
"SPI","result",7.6092028,3.9e-06,0b00000011,0b00000000
"SPI","result",7.6092106,3.9e-06,0b00000000,0b00000000
"SPI","result",7.6092153,3.9e-06,0b00001111,0b00000000
"SPI","disable",7.6092206,1e-07,,
"SPI","enable",7.6094285,1e-07,,
"SPI","result",7.6094295,3.9e-06,0b00001010,0b00000000
"SPI","disable",7.6094337,9.99999993e-08,,
"SPI","enable",7.6094365,1e-07,,
"SPI","result",7.6094375,3.9e-06,0b00001110,0b00000000
"SPI","disable",7.6094416,9.99999993e-08,,
"SPI","enable",7.6094434,1e-07,,
"SPI","result",7.6094458,3.9e-06,0b00000000,0b00000000
"SPI","result",7.6094504,4e-06,0b00000101,0b00000000
"SPI","result",7.6094606,3.9e-06,0b00000100,0b00000000
"SPI","result",7.6094652,3.9e-06,0b00000011,0b00000000
"SPI","result",7.6094761,3.9e-06,0b00000010,0b00000000
"SPI","result",7.6094807,4e-06,0b00000000,0b00000000
"SPI","result",7.6094916,3.9e-06,0b00000010,0b00000000
"SPI","result",7.6094962,4e-06,0b00000001,0b00000000
"SPI","result",7.6095071,3.9e-06,0b00000110,0b00000000
"SPI","result",7.6095118,3.9e-06,0b00000100,0b00000000
"SPI","result",7.6095226,3.9e-06,0b00000010,0b00000000
"SPI","result",7.6095273,3.9e-06,0b00000001,0b00000000
"SPI","result",7.6095381,3.9e-06,0b00000011,0b00000000
"SPI","result",7.6095428,3.9e-06,0b00000100,0b00000000
"SPI","result",7.6095536,4e-06,0b00000010,0b00000000
"SPI","result",7.6095583,3.9e-06,0b00000001,0b00000000
"SPI","result",7.6095691,4e-06,0b00000001,0b00000000
"SPI","result",7.6095738,3.9e-06,0b00000100,0b00000000
"SPI","result",7.6095847,3.9e-06,0b00000010,0b00000000
"SPI","result",7.6095893,3.9e-06,0b00001100,0b00000000
"SPI","result",7.6096002,3.9e-06,0b00000001,0b00000000
"SPI","result",7.6096048,3.9e-06,0b00000100,0b00000000
"SPI","result",7.6096157,3.9e-06,0b00000010,0b00000000
"SPI","result",7.6096204,3.9e-06,0b00001100,0b00000000
"SPI","result",7.6096312,3.9e-06,0b00000001,0b00000000
"SPI","result",7.6096358,4e-06,0b00000100,0b00000000
"SPI","result",7.6096467,3.9e-06,0b00000010,0b00000000
"SPI","result",7.6096514,3.9e-06,0b00001100,0b00000000
"SPI","result",7.6096622,3.9e-06,0b00000001,0b00000000
"SPI","result",7.6096669,3.9e-06,0b00000100,0b00000000
"SPI","result",7.6096777,3.9e-06,0b00000010,0b00000000
"SPI","result",7.6096824,3.9e-06,0b00000001,0b00000000
"SPI","result",7.6096932,4e-06,0b00000000,0b00000000
"SPI","result",7.6096979,3.9e-06,0b00000000,0b00000000
"SPI","disable",7.609706,1e-07,,
"SPI","enable",7.6097082,1e-07,,
"SPI","result",7.6097091,3.9e-06,0b00001101,0b00000000
"SPI","disable",7.6097133,1e-07,,
"SPI","enable",10.678642,9.99999993e-08,,
"SPI","result",10.6786429,3.9e-06,0b00001010,0b00000000
"SPI","disable",10.6786471,1.00000001e-07,,
"SPI","enable",10.6786501,9.99999993e-08,,
"SPI","result",10.6786523,3.9e-06,0b00000010,0b00000000
"SPI","result",10.678657,3.8e-06,0b00001000,0b00000000
"SPI","result",10.6786647,3.9e-06,0b00000001,0b00000000
"SPI","result",10.6786694,3.9e-06,0b00001111,0b00000000
"SPI","disable",10.6786747,9.99999993e-08,,
"SPI","enable",10.678677,9.99999993e-08,,
"SPI","result",10.6786791,4e-06,0b00000000,0b00000000
"SPI","result",10.6786838,3.9e-06,0b00001110,0b00000000
"SPI","result",10.6786916,3.9e-06,0b00000000,0b00000000
"SPI","result",10.6786963,3.9e-06,0b00000001,0b00000000
"SPI","disable",10.6787016,9.99999993e-08,,
"SPI","enable",10.6787039,9.99999993e-08,,
"SPI","result",10.678706,4e-06,0b00000000,0b00000000
"SPI","result",10.6787107,3.9e-06,0b00000001,0b00000000
"SPI","result",10.6787185,3.9e-06,0b00000110,0b00000000
"SPI","result",10.6787232,3.9e-06,0b00000010,0b00000000
"SPI","disable",10.6787284,9.99999993e-08,,
"SPI","enable",10.6787308,9.99999993e-08,,
"SPI","result",10.6787329,4e-06,0b00000001,0b00000000
"SPI","result",10.6787376,3.9e-06,0b00001111,0b00000000
"SPI","result",10.6787454,3.9e-06,0b00000000,0b00000000
"SPI","result",10.6787501,3.9e-06,0b00001111,0b00000000
"SPI","disable",10.6787554,9.99999993e-08,,
"SPI","enable",10.6787592,9.99999993e-08,,
"SPI","result",10.6787613,4e-06,0b00000000,0b00000000
"SPI","result",10.6787661,3.8e-06,0b00001111,0b00000000
"SPI","result",10.6787738,3.9e-06,0b00000000,0b00000000
"SPI","result",10.6787785,3.9e-06,0b00000100,0b00000000
"SPI","disable",10.6787838,1.00000001e-07,,
"SPI","enable",10.6787861,9.99999993e-08,,
"SPI","result",10.6787883,3.9e-06,0b00000000,0b00000000
"SPI","result",10.678793,3.8e-06,0b00001011,0b00000000
"SPI","result",10.6788007,3.9e-06,0b00000000,0b00000000
"SPI","result",10.6788054,3.9e-06,0b00000001,0b00000000
"SPI","disable",10.6788107,1.00000001e-07,,
"SPI","enable",10.678813,9.99999993e-08,,
"SPI","result",10.6788151,4e-06,0b00000000,0b00000000
"SPI","result",10.6788198,3.9e-06,0b00000011,0b00000000
"SPI","result",10.6788276,3.9e-06,0b00000000,0b00000000
"SPI","result",10.6788323,3.9e-06,0b00001111,0b00000000
"SPI","disable",10.6788376,1.00000001e-07,,
"SPI","enable",10.6790455,9.99999993e-08,,
"SPI","result",10.6790465,3.9e-06,0b00001010,0b00000000
"SPI","disable",10.6790507,1.00000001e-07,,
"SPI","enable",10.6790535,9.99999993e-08,,
"SPI","result",10.6790545,3.9e-06,0b00001110,0b00000000
"SPI","disable",10.6790586,1.00000001e-07,,
"SPI","enable",10.6790604,1.00000001e-07,,
"SPI","result",10.6790628,3.9e-06,0b00000000,0b00000000
"SPI","result",10.6790674,4e-06,0b00000101,0b00000000
"SPI","result",10.6790776,3.9e-06,0b00000100,0b00000000
"SPI","result",10.6790822,3.9e-06,0b00000011,0b00000000
"SPI","result",10.6790931,3.9e-06,0b00000010,0b00000000
"SPI","result",10.6790977,4e-06,0b00000001,0b00000000
"SPI","result",10.6791086,3.9e-06,0b00000010,0b00000000
"SPI","result",10.6791132,4e-06,0b00000001,0b00000000
"SPI","result",10.6791241,3.9e-06,0b00000110,0b00000000
"SPI","result",10.6791288,3.9e-06,0b00000100,0b00000000
"SPI","result",10.6791396,3.9e-06,0b00000010,0b00000000
"SPI","result",10.6791443,3.9e-06,0b00000001,0b00000000
"SPI","result",10.6791551,3.9e-06,0b00000011,0b00000000
"SPI","result",10.6791598,3.9e-06,0b00000100,0b00000000
"SPI","result",10.6791706,3.9e-06,0b00000010,0b00000000
"SPI","result",10.6791753,3.9e-06,0b00000001,0b00000000
"SPI","result",10.6791861,4e-06,0b00000001,0b00000000
"SPI","result",10.6791908,3.9e-06,0b00000100,0b00000000
"SPI","result",10.6792017,3.9e-06,0b00000010,0b00000000
"SPI","result",10.6792063,3.9e-06,0b00001100,0b00000000
"SPI","result",10.6792172,3.9e-06,0b00000001,0b00000000
"SPI","result",10.6792218,3.9e-06,0b00000100,0b00000000
"SPI","result",10.6792327,3.9e-06,0b00000010,0b00000000
"SPI","result",10.6792374,3.8e-06,0b00001100,0b00000000
"SPI","result",10.6792482,3.9e-06,0b00000001,0b00000000
"SPI","result",10.6792528,4e-06,0b00000100,0b00000000
"SPI","result",10.6792637,3.9e-06,0b00000010,0b00000000
"SPI","result",10.6792684,3.9e-06,0b00001100,0b00000000
"SPI","result",10.6792792,3.9e-06,0b00000001,0b00000000
"SPI","result",10.6792839,3.9e-06,0b00000100,0b00000000
"SPI","result",10.6792947,3.9e-06,0b00000010,0b00000000
"SPI","result",10.6792994,3.9e-06,0b00000001,0b00000000
"SPI","result",10.6793102,3.9e-06,0b00000000,0b00000000
"SPI","result",10.6793149,3.9e-06,0b00000000,0b00000000
"SPI","disable",10.679323,9.99999993e-08,,
"SPI","enable",10.6793251,9.99999993e-08,,
"SPI","result",10.6793261,3.9e-06,0b00001101,0b00000000
"SPI","disable",10.6793303,9.99999993e-08,,
"SPI","enable",10.7165839,9.99999993e-08,,
"SPI","result",10.7165849,3.9e-06,0b00001010,0b00000000
"SPI","disable",10.7165891,9.99999993e-08,,
"SPI","enable",10.716592,9.99999993e-08,,
"SPI","result",10.7165942,3.9e-06,0b00000010,0b00000000
"SPI","result",10.7165989,3.9e-06,0b00001000,0b00000000
"SPI","result",10.7166067,3.9e-06,0b00000001,0b00000000
"SPI","result",10.7166114,3.8e-06,0b00001111,0b00000000
"SPI","disable",10.7166166,9.99999993e-08,,
"SPI","enable",10.7166189,9.99999993e-08,,
"SPI","result",10.7166211,3.9e-06,0b00000000,0b00000000
"SPI","result",10.7166258,3.9e-06,0b00001110,0b00000000
"SPI","result",10.7166336,3.9e-06,0b00000000,0b00000000
"SPI","result",10.7166382,3.9e-06,0b00000001,0b00000000
"SPI","disable",10.7166435,9.99999993e-08,,
"SPI","enable",10.7166458,9.99999993e-08,,
"SPI","result",10.716648,3.9e-06,0b00000000,0b00000000
"SPI","result",10.7166527,3.9e-06,0b00000001,0b00000000
"SPI","result",10.7166605,3.9e-06,0b00000110,0b00000000
"SPI","result",10.7166651,3.9e-06,0b00000010,0b00000000
"SPI","disable",10.7166704,1.00000001e-07,,
"SPI","enable",10.7166727,9.99999993e-08,,
"SPI","result",10.7166749,3.9e-06,0b00000001,0b00000000
"SPI","result",10.7166796,3.9e-06,0b00001111,0b00000000
"SPI","result",10.7166874,3.9e-06,0b00000000,0b00000000
"SPI","result",10.7166921,3.8e-06,0b00001111,0b00000000
"SPI","disable",10.7166973,9.99999993e-08,,
"SPI","enable",10.7167011,9.99999993e-08,,
"SPI","result",10.7167033,3.9e-06,0b00000000,0b00000000
"SPI","result",10.716708,3.9e-06,0b00001111,0b00000000
"SPI","result",10.7167158,3.9e-06,0b00000000,0b00000000
"SPI","result",10.7167205,3.9e-06,0b00000100,0b00000000
"SPI","disable",10.7167257,1.00000001e-07,,
"SPI","enable",10.716728,9.99999993e-08,,
"SPI","result",10.7167302,3.9e-06,0b00000000,0b00000000
"SPI","result",10.7167349,3.9e-06,0b00001011,0b00000000
"SPI","result",10.7167427,3.9e-06,0b00000000,0b00000000
"SPI","result",10.7167474,3.9e-06,0b00000001,0b00000000
"SPI","disable",10.7167527,9.99999993e-08,,
"SPI","enable",10.7167549,9.99999993e-08,,
"SPI","result",10.7167571,3.9e-06,0b00000000,0b00000000
"SPI","result",10.7167618,3.9e-06,0b00000011,0b00000000
"SPI","result",10.7167696,3.9e-06,0b00000000,0b00000000
"SPI","result",10.7167743,3.9e-06,0b00001111,0b00000000
"SPI","disable",10.7167796,9.99999993e-08,,
"SPI","enable",10.7169875,1.00000001e-07,,
"SPI","result",10.7169885,3.9e-06,0b00001010,0b00000000
"SPI","disable",10.7169927,9.99999993e-08,,
"SPI","enable",10.7169955,1.00000001e-07,,
"SPI","result",10.7169965,3.9e-06,0b00001110,0b00000000
"SPI","disable",10.7170006,9.99999993e-08,,
"SPI","enable",10.7170024,9.99999993e-08,,
"SPI","result",10.7170048,3.9e-06,0b00000000,0b00000000
"SPI","result",10.7170095,3.9e-06,0b00000101,0b00000000
"SPI","result",10.7170196,3.9e-06,0b00000100,0b00000000
"SPI","result",10.7170242,4e-06,0b00000011,0b00000000
"SPI","result",10.7170351,3.9e-06,0b00000010,0b00000000
"SPI","result",10.7170397,4e-06,0b00000001,0b00000000
"SPI","result",10.7170506,3.9e-06,0b00000010,0b00000000
"SPI","result",10.7170553,3.9e-06,0b00000001,0b00000000
"SPI","result",10.7170661,3.9e-06,0b00000110,0b00000000
"SPI","result",10.7170708,3.9e-06,0b00000100,0b00000000
"SPI","result",10.7170816,3.9e-06,0b00000010,0b00000000
"SPI","result",10.7170863,3.9e-06,0b00000001,0b00000000
"SPI","result",10.7170971,3.9e-06,0b00000011,0b00000000
"SPI","result",10.7171018,3.9e-06,0b00000100,0b00000000
"SPI","result",10.7171126,4e-06,0b00000010,0b00000000
"SPI","result",10.7171173,3.9e-06,0b00000001,0b00000000
"SPI","result",10.7171281,4e-06,0b00000001,0b00000000
"SPI","result",10.7171328,3.9e-06,0b00000100,0b00000000
"SPI","result",10.7171437,3.9e-06,0b00000010,0b00000000
"SPI","result",10.7171484,3.8e-06,0b00001100,0b00000000
"SPI","result",10.7171592,3.9e-06,0b00000001,0b00000000
"SPI","result",10.7171638,3.9e-06,0b00000100,0b00000000
"SPI","result",10.7171747,3.9e-06,0b00000010,0b00000000
"SPI","result",10.7171794,3.9e-06,0b00001100,0b00000000
"SPI","result",10.7171902,3.9e-06,0b00000001,0b00000000
"SPI","result",10.7171948,4e-06,0b00000100,0b00000000
"SPI","result",10.7172057,3.9e-06,0b00000010,0b00000000
"SPI","result",10.7172104,3.9e-06,0b00001100,0b00000000
"SPI","result",10.7172212,3.9e-06,0b00000001,0b00000000
"SPI","result",10.7172259,3.9e-06,0b00000100,0b00000000
"SPI","result",10.7172367,3.9e-06,0b00000010,0b00000000
"SPI","result",10.7172414,3.9e-06,0b00000001,0b00000000
"SPI","result",10.7172522,4e-06,0b00000000,0b00000000
"SPI","result",10.7172569,3.9e-06,0b00000000,0b00000000
"SPI","disable",10.717265,1.00000001e-07,,
"SPI","enable",10.7172672,9.99999993e-08,,
"SPI","result",10.7172681,3.9e-06,0b00001101,0b00000000
"SPI","disable",10.7172723,1.00000001e-07,,
"SPI","enable",11.0733927,1.00000001e-07,,
"SPI","result",11.0733936,3.9e-06,0b00001010,0b00000000
"SPI","disable",11.0733978,9.99999993e-08,,
"SPI","enable",11.0734007,9.99999993e-08,,
"SPI","result",11.0734029,3.9e-06,0b00000010,0b00000000
"SPI","result",11.0734076,3.9e-06,0b00001000,0b00000000
"SPI","result",11.0734154,3.9e-06,0b00000001,0b00000000
"SPI","result",11.0734201,3.9e-06,0b00001111,0b00000000
"SPI","disable",11.0734254,1.00000001e-07,,
"SPI","enable",11.0734276,9.99999993e-08,,
"SPI","result",11.0734298,3.9e-06,0b00000000,0b00000000
"SPI","result",11.0734345,3.9e-06,0b00001110,0b00000000
"SPI","result",11.0734423,3.9e-06,0b00000000,0b00000000
"SPI","result",11.073447,3.9e-06,0b00000001,0b00000000
"SPI","disable",11.0734523,1.00000001e-07,,
"SPI","enable",11.0734545,9.99999993e-08,,
"SPI","result",11.0734567,3.9e-06,0b00000000,0b00000000
"SPI","result",11.0734614,3.9e-06,0b00000001,0b00000000
"SPI","result",11.0734692,3.9e-06,0b00000110,0b00000000
"SPI","result",11.0734738,4e-06,0b00000010,0b00000000
"SPI","disable",11.0734791,9.99999993e-08,,
"SPI","enable",11.0734814,9.99999993e-08,,
"SPI","result",11.0734836,3.9e-06,0b00000001,0b00000000
"SPI","result",11.0734883,3.9e-06,0b00001111,0b00000000
"SPI","result",11.0734961,3.9e-06,0b00000000,0b00000000
"SPI","result",11.0735008,3.9e-06,0b00001111,0b00000000
"SPI","disable",11.0735061,1.00000001e-07,,
"SPI","enable",11.0735099,1.00000001e-07,,
"SPI","result",11.073512,4e-06,0b00000000,0b00000000
"SPI","result",11.0735167,3.9e-06,0b00001111,0b00000000
"SPI","result",11.0735245,3.9e-06,0b00000000,0b00000000
"SPI","result",11.0735292,3.9e-06,0b00000100,0b00000000
"SPI","disable",11.0735345,1.00000001e-07,,
"SPI","enable",11.0735368,1.00000001e-07,,
"SPI","result",11.073539,3.9e-06,0b00000000,0b00000000
"SPI","result",11.0735437,3.8e-06,0b00001011,0b00000000
"SPI","result",11.0735514,3.9e-06,0b00000000,0b00000000
"SPI","result",11.0735561,3.9e-06,0b00000001,0b00000000
"SPI","disable",11.0735614,9.99999993e-08,,
"SPI","enable",11.0735637,1.00000001e-07,,
"SPI","result",11.0735658,4e-06,0b00000000,0b00000000
"SPI","result",11.0735705,3.9e-06,0b00000011,0b00000000
"SPI","result",11.0735783,3.9e-06,0b00000000,0b00000000
"SPI","result",11.073583,3.9e-06,0b00001111,0b00000000
"SPI","disable",11.0735883,9.99999993e-08,,
"SPI","enable",11.0737963,1.00000001e-07,,
"SPI","result",11.0737972,3.9e-06,0b00001010,0b00000000
"SPI","disable",11.0738014,9.99999993e-08,,
"SPI","enable",11.0738043,9.99999993e-08,,
"SPI","result",11.0738052,3.9e-06,0b00001110,0b00000000
"SPI","disable",11.0738094,9.99999993e-08,,
"SPI","enable",11.0738112,9.99999993e-08,,
"SPI","result",11.0738135,3.9e-06,0b00000000,0b00000000
"SPI","result",11.0738182,3.9e-06,0b00000101,0b00000000
"SPI","result",11.0738283,3.9e-06,0b00000100,0b00000000
"SPI","result",11.073833,3.9e-06,0b00000011,0b00000000
"SPI","result",11.0738438,4e-06,0b00000010,0b00000000
"SPI","result",11.0738485,3.9e-06,0b00000010,0b00000000
"SPI","result",11.0738594,3.9e-06,0b00000010,0b00000000
"SPI","result",11.073864,3.9e-06,0b00000001,0b00000000
"SPI","result",11.0738749,3.9e-06,0b00000110,0b00000000
"SPI","result",11.0738795,3.9e-06,0b00000100,0b00000000
"SPI","result",11.0738904,3.9e-06,0b00000010,0b00000000
"SPI","result",11.073895,4e-06,0b00000001,0b00000000
"SPI","result",11.0739059,3.9e-06,0b00000011,0b00000000
"SPI","result",11.0739106,3.9e-06,0b00000100,0b00000000
"SPI","result",11.0739214,3.9e-06,0b00000010,0b00000000
"SPI","result",11.0739261,3.9e-06,0b00000001,0b00000000
"SPI","result",11.0739369,3.9e-06,0b00000001,0b00000000
"SPI","result",11.0739416,3.9e-06,0b00000100,0b00000000
"SPI","result",11.0739524,4e-06,0b00000010,0b00000000
"SPI","result",11.0739571,3.9e-06,0b00001100,0b00000000
"SPI","result",11.073968,3.9e-06,0b00000001,0b00000000
"SPI","result",11.0739726,3.9e-06,0b00000100,0b00000000
"SPI","result",11.0739835,3.9e-06,0b00000010,0b00000000
"SPI","result",11.0739882,3.9e-06,0b00001100,0b00000000
"SPI","result",11.073999,3.9e-06,0b00000001,0b00000000
"SPI","result",11.0740036,4e-06,0b00000100,0b00000000
"SPI","result",11.0740145,3.9e-06,0b00000010,0b00000000
"SPI","result",11.0740192,3.9e-06,0b00001100,0b00000000
"SPI","result",11.07403,3.9e-06,0b00000001,0b00000000
"SPI","result",11.0740347,3.9e-06,0b00000100,0b00000000
"SPI","result",11.0740455,4e-06,0b00000010,0b00000000
"SPI","result",11.0740502,3.9e-06,0b00000001,0b00000000
"SPI","result",11.074061,4e-06,0b00000000,0b00000000
"SPI","result",11.0740657,3.9e-06,0b00000000,0b00000000
"SPI","disable",11.0740738,9.99999993e-08,,
"SPI","enable",11.074076,9.99999993e-08,,
"SPI","result",11.074077,3.8e-06,0b00001101,0b00000000
"SPI","disable",11.0740811,9.99999993e-08,,
"SPI","enable",11.1111051,1.00000001e-07,,
"SPI","result",11.1111061,3.9e-06,0b00001010,0b00000000
"SPI","disable",11.1111103,9.99999993e-08,,
"SPI","enable",11.1111132,9.99999993e-08,,
"SPI","result",11.1111154,3.9e-06,0b00000010,0b00000000
"SPI","result",11.1111201,3.9e-06,0b00001000,0b00000000
"SPI","result",11.1111279,3.9e-06,0b00000001,0b00000000
"SPI","result",11.1111325,3.9e-06,0b00001111,0b00000000
"SPI","disable",11.1111378,9.99999993e-08,,
"SPI","enable",11.1111401,9.99999993e-08,,
"SPI","result",11.1111423,3.9e-06,0b00000000,0b00000000
"SPI","result",11.111147,3.9e-06,0b00001110,0b00000000
"SPI","result",11.1111547,4e-06,0b00000000,0b00000000
"SPI","result",11.1111594,3.9e-06,0b00000001,0b00000000
"SPI","disable",11.1111647,9.99999993e-08,,
"SPI","enable",11.111167,9.99999993e-08,,
"SPI","result",11.1111692,3.9e-06,0b00000000,0b00000000
"SPI","result",11.1111738,4e-06,0b00000001,0b00000000
"SPI","result",11.1111816,4e-06,0b00000110,0b00000000
"SPI","result",11.1111863,3.9e-06,0b00000010,0b00000000
"SPI","disable",11.1111916,9.99999993e-08,,
"SPI","enable",11.1111939,9.99999993e-08,,
"SPI","result",11.1111961,3.9e-06,0b00000001,0b00000000
"SPI","result",11.1112008,3.9e-06,0b00001111,0b00000000
"SPI","result",11.1112085,4e-06,0b00000000,0b00000000
"SPI","result",11.1112132,3.9e-06,0b00001111,0b00000000
"SPI","disable",11.1112185,1.00000001e-07,,
"SPI","enable",11.1112223,1.00000001e-07,,
"SPI","result",11.1112245,3.9e-06,0b00000000,0b00000000
"SPI","result",11.1112292,3.9e-06,0b00001111,0b00000000
"SPI","result",11.111237,3.9e-06,0b00000000,0b00000000
"SPI","result",11.1112416,3.9e-06,0b00000100,0b00000000
"SPI","disable",11.1112469,1.00000001e-07,,
"SPI","enable",11.1112492,1.00000001e-07,,
"SPI","result",11.1112514,3.9e-06,0b00000000,0b00000000
"SPI","result",11.1112561,3.9e-06,0b00001011,0b00000000
"SPI","result",11.1112639,3.9e-06,0b00000000,0b00000000
"SPI","result",11.1112685,3.9e-06,0b00000001,0b00000000
"SPI","disable",11.1112738,1.00000001e-07,,
"SPI","enable",11.1112761,1.00000001e-07,,
"SPI","result",11.1112783,3.9e-06,0b00000000,0b00000000
"SPI","result",11.111283,3.9e-06,0b00000011,0b00000000
"SPI","result",11.1112908,3.9e-06,0b00000000,0b00000000
"SPI","result",11.1112955,3.8e-06,0b00001111,0b00000000
"SPI","disable",11.1113007,1.00000001e-07,,
"SPI","enable",11.1115087,9.99999993e-08,,
"SPI","result",11.1115096,3.9e-06,0b00001010,0b00000000
"SPI","disable",11.1115138,9.99999993e-08,,
"SPI","enable",11.1115167,1.00000001e-07,,
"SPI","result",11.1115176,3.9e-06,0b00001110,0b00000000
"SPI","disable",11.1115218,9.99999993e-08,,
"SPI","enable",11.1115236,9.99999993e-08,,
"SPI","result",11.1115259,4e-06,0b00000000,0b00000000
"SPI","result",11.1115306,3.9e-06,0b00000101,0b00000000
"SPI","result",11.1115407,4e-06,0b00000100,0b00000000
"SPI","result",11.1115454,3.9e-06,0b00000011,0b00000000
"SPI","result",11.1115562,4e-06,0b00000010,0b00000000
"SPI","result",11.1115609,3.9e-06,0b00000010,0b00000000
"SPI","result",11.1115718,3.9e-06,0b00000010,0b00000000
"SPI","result",11.1115764,3.9e-06,0b00000001,0b00000000
"SPI","result",11.1115873,3.9e-06,0b00000110,0b00000000
"SPI","result",11.1115919,4e-06,0b00000100,0b00000000
"SPI","result",11.1116028,3.9e-06,0b00000010,0b00000000
"SPI","result",11.1116074,4e-06,0b00000001,0b00000000
"SPI","result",11.1116183,3.9e-06,0b00000011,0b00000000
"SPI","result",11.111623,3.9e-06,0b00000100,0b00000000
"SPI","result",11.1116338,3.9e-06,0b00000010,0b00000000
"SPI","result",11.1116385,3.9e-06,0b00000001,0b00000000
"SPI","result",11.1116493,3.9e-06,0b00000001,0b00000000
"SPI","result",11.111654,3.9e-06,0b00000100,0b00000000
"SPI","result",11.1116648,4e-06,0b00000010,0b00000000
"SPI","result",11.1116695,3.9e-06,0b00001100,0b00000000
"SPI","result",11.1116804,3.9e-06,0b00000001,0b00000000
"SPI","result",11.111685,3.9e-06,0b00000100,0b00000000
"SPI","result",11.1116959,3.9e-06,0b00000010,0b00000000
"SPI","result",11.1117006,3.8e-06,0b00001100,0b00000000
"SPI","result",11.1117114,3.9e-06,0b00000001,0b00000000
"SPI","result",11.111716,4e-06,0b00000100,0b00000000
"SPI","result",11.1117269,3.9e-06,0b00000010,0b00000000
"SPI","result",11.1117316,3.9e-06,0b00001100,0b00000000
"SPI","result",11.1117424,3.9e-06,0b00000001,0b00000000
"SPI","result",11.1117471,3.9e-06,0b00000100,0b00000000
"SPI","result",11.1117579,3.9e-06,0b00000010,0b00000000
"SPI","result",11.1117626,3.9e-06,0b00000001,0b00000000
"SPI","result",11.1117734,3.9e-06,0b00000000,0b00000000
"SPI","result",11.1117781,3.9e-06,0b00000000,0b00000000
"SPI","disable",11.1117862,1.00000001e-07,,
"SPI","enable",11.1117884,9.99999993e-08,,
"SPI","result",11.1117893,3.9e-06,0b00001101,0b00000000
"SPI","disable",11.1117935,1.00000001e-07,,
"SPI","enable",11.4662545,9.99999993e-08,,
"SPI","result",11.4662555,3.9e-06,0b00001010,0b00000000
"SPI","disable",11.4662596,9.99999993e-08,,
"SPI","enable",11.4662626,9.99999993e-08,,
"SPI","result",11.4662648,3.9e-06,0b00000010,0b00000000
"SPI","result",11.4662695,3.9e-06,0b00001000,0b00000000
"SPI","result",11.4662772,4e-06,0b00000001,0b00000000
"SPI","result",11.4662819,3.9e-06,0b00001111,0b00000000
"SPI","disable",11.4662872,9.99999993e-08,,
"SPI","enable",11.4662895,9.99999993e-08,,
"SPI","result",11.4662917,3.9e-06,0b00000000,0b00000000
"SPI","result",11.4662964,3.9e-06,0b00001110,0b00000000
"SPI","result",11.4663041,4e-06,0b00000000,0b00000000
"SPI","result",11.4663088,3.9e-06,0b00000001,0b00000000
"SPI","disable",11.4663141,9.99999993e-08,,
"SPI","enable",11.4663164,9.99999993e-08,,
"SPI","result",11.4663185,4e-06,0b00000000,0b00000000
"SPI","result",11.4663232,3.9e-06,0b00000001,0b00000000
"SPI","result",11.466331,3.9e-06,0b00000110,0b00000000
"SPI","result",11.4663357,3.9e-06,0b00000010,0b00000000
"SPI","disable",11.466341,9.99999993e-08,,
"SPI","enable",11.4663433,9.99999993e-08,,
"SPI","result",11.4663455,3.9e-06,0b00000001,0b00000000
"SPI","result",11.4663502,3.8e-06,0b00001111,0b00000000
"SPI","result",11.4663579,3.9e-06,0b00000000,0b00000000
"SPI","result",11.4663626,3.9e-06,0b00001111,0b00000000
"SPI","disable",11.4663679,9.99999993e-08,,
"SPI","enable",11.4663717,9.99999993e-08,,
"SPI","result",11.4663739,3.9e-06,0b00000000,0b00000000
"SPI","result",11.4663786,3.9e-06,0b00001111,0b00000000
"SPI","result",11.4663863,4e-06,0b00000000,0b00000000
"SPI","result",11.466391,3.9e-06,0b00000100,0b00000000
"SPI","disable",11.4663963,1.00000001e-07,,
"SPI","enable",11.4663986,9.99999993e-08,,
"SPI","result",11.4664008,3.9e-06,0b00000000,0b00000000
"SPI","result",11.4664055,3.9e-06,0b00001011,0b00000000
"SPI","result",11.4664132,4e-06,0b00000000,0b00000000
"SPI","result",11.4664179,3.9e-06,0b00000001,0b00000000
"SPI","disable",11.4664232,1.00000001e-07,,
"SPI","enable",11.4664255,1.00000001e-07,,
"SPI","result",11.4664277,3.9e-06,0b00000000,0b00000000
"SPI","result",11.4664323,4e-06,0b00000011,0b00000000
"SPI","result",11.4664401,4e-06,0b00000000,0b00000000
"SPI","result",11.4664448,3.9e-06,0b00001111,0b00000000
"SPI","disable",11.4664501,1.00000001e-07,,
"SPI","enable",11.466658,9.99999993e-08,,
"SPI","result",11.466659,3.9e-06,0b00001010,0b00000000
"SPI","disable",11.4666632,1.00000001e-07,,
"SPI","enable",11.466666,9.99999993e-08,,
"SPI","result",11.466667,3.9e-06,0b00001110,0b00000000
"SPI","disable",11.4666712,9.99999993e-08,,
"SPI","enable",11.4666729,9.99999993e-08,,
"SPI","result",11.4666753,3.9e-06,0b00000000,0b00000000
"SPI","result",11.46668,3.9e-06,0b00000101,0b00000000
"SPI","result",11.4666901,3.9e-06,0b00000100,0b00000000
"SPI","result",11.4666948,3.9e-06,0b00000011,0b00000000
"SPI","result",11.4667056,3.9e-06,0b00000010,0b00000000
"SPI","result",11.4667103,3.9e-06,0b00000011,0b00000000
"SPI","result",11.4667211,3.9e-06,0b00000010,0b00000000
"SPI","result",11.4667258,3.9e-06,0b00000001,0b00000000
"SPI","result",11.4667366,3.9e-06,0b00000110,0b00000000
"SPI","result",11.4667413,3.9e-06,0b00000100,0b00000000
"SPI","result",11.4667521,3.9e-06,0b00000010,0b00000000
"SPI","result",11.4667568,3.9e-06,0b00000001,0b00000000
"SPI","result",11.4667676,4e-06,0b00000011,0b00000000
"SPI","result",11.4667723,3.9e-06,0b00000100,0b00000000
"SPI","result",11.4667832,3.9e-06,0b00000010,0b00000000
"SPI","result",11.4667878,3.9e-06,0b00000001,0b00000000
"SPI","result",11.4667987,3.9e-06,0b00000001,0b00000000
"SPI","result",11.4668033,3.9e-06,0b00000100,0b00000000
"SPI","result",11.4668142,3.9e-06,0b00000010,0b00000000
"SPI","result",11.4668189,3.9e-06,0b00001100,0b00000000
"SPI","result",11.4668297,3.9e-06,0b00000001,0b00000000
"SPI","result",11.4668343,4e-06,0b00000100,0b00000000
"SPI","result",11.4668452,3.9e-06,0b00000010,0b00000000
"SPI","result",11.4668499,3.9e-06,0b00001100,0b00000000
"SPI","result",11.4668607,3.9e-06,0b00000001,0b00000000
"SPI","result",11.4668654,3.9e-06,0b00000100,0b00000000
"SPI","result",11.4668762,3.9e-06,0b00000010,0b00000000
"SPI","result",11.4668809,3.9e-06,0b00001100,0b00000000
"SPI","result",11.4668917,3.9e-06,0b00000001,0b00000000
"SPI","result",11.4668964,3.9e-06,0b00000100,0b00000000
"SPI","result",11.4669072,3.9e-06,0b00000010,0b00000000
"SPI","result",11.4669119,3.9e-06,0b00000001,0b00000000
"SPI","result",11.4669227,4e-06,0b00000000,0b00000000
"SPI","result",11.4669274,3.9e-06,0b00000000,0b00000000
"SPI","disable",11.4669355,9.99999993e-08,,
"SPI","enable",11.4669377,9.99999993e-08,,
"SPI","result",11.4669386,3.9e-06,0b00001101,0b00000000
"SPI","disable",11.4669428,9.99999993e-08,,
"SPI","enable",11.5039632,1.00000001e-07,,
"SPI","result",11.5039642,3.9e-06,0b00001010,0b00000000
"SPI","disable",11.5039683,9.99999993e-08,,
"SPI","enable",11.5039713,9.99999993e-08,,
"SPI","result",11.5039735,3.9e-06,0b00000010,0b00000000
"SPI","result",11.5039782,3.9e-06,0b00001000,0b00000000
"SPI","result",11.5039859,4e-06,0b00000001,0b00000000
"SPI","result",11.5039906,3.9e-06,0b00001111,0b00000000
"SPI","disable",11.5039959,1.00000001e-07,,
"SPI","enable",11.5039982,9.99999993e-08,,
"SPI","result",11.5040004,3.9e-06,0b00000000,0b00000000
"SPI","result",11.5040051,3.9e-06,0b00001110,0b00000000
"SPI","result",11.5040128,4e-06,0b00000000,0b00000000
"SPI","result",11.5040175,3.9e-06,0b00000001,0b00000000
"SPI","disable",11.5040228,1.00000001e-07,,
"SPI","enable",11.5040251,1.00000001e-07,,
"SPI","result",11.5040272,4e-06,0b00000000,0b00000000
"SPI","result",11.5040319,3.9e-06,0b00000001,0b00000000
"SPI","result",11.5040397,3.9e-06,0b00000110,0b00000000
"SPI","result",11.5040444,3.9e-06,0b00000010,0b00000000
"SPI","disable",11.5040497,1.00000001e-07,,
"SPI","enable",11.504052,9.99999993e-08,,
"SPI","result",11.5040542,3.9e-06,0b00000001,0b00000000
"SPI","result",11.5040589,3.8e-06,0b00001111,0b00000000
"SPI","result",11.5040666,3.9e-06,0b00000000,0b00000000
"SPI","result",11.5040713,3.9e-06,0b00001111,0b00000000
"SPI","disable",11.5040766,1.00000001e-07,,
"SPI","enable",11.5040804,1.00000001e-07,,
"SPI","result",11.5040826,3.9e-06,0b00000000,0b00000000
"SPI","result",11.5040873,3.9e-06,0b00001111,0b00000000
"SPI","result",11.504095,4e-06,0b00000000,0b00000000
"SPI","result",11.5040997,3.9e-06,0b00000100,0b00000000
"SPI","disable",11.504105,1.00000001e-07,,
"SPI","enable",11.5041073,1.00000001e-07,,
"SPI","result",11.5041095,3.9e-06,0b00000000,0b00000000
"SPI","result",11.5041142,3.9e-06,0b00001011,0b00000000
"SPI","result",11.5041219,4e-06,0b00000000,0b00000000
"SPI","result",11.5041266,3.9e-06,0b00000001,0b00000000
"SPI","disable",11.5041319,9.99999993e-08,,
"SPI","enable",11.5041342,1.00000001e-07,,
"SPI","result",11.5041364,3.9e-06,0b00000000,0b00000000
"SPI","result",11.504141,4e-06,0b00000011,0b00000000
"SPI","result",11.5041488,4e-06,0b00000000,0b00000000
"SPI","result",11.5041535,3.9e-06,0b00001111,0b00000000
"SPI","disable",11.5041588,9.99999993e-08,,
"SPI","enable",11.5043667,9.99999993e-08,,
"SPI","result",11.5043677,3.9e-06,0b00001010,0b00000000
"SPI","disable",11.5043719,9.99999993e-08,,
"SPI","enable",11.5043747,1.00000001e-07,,
"SPI","result",11.5043757,3.9e-06,0b00001110,0b00000000
"SPI","disable",11.5043799,9.99999993e-08,,
"SPI","enable",11.5043816,9.99999993e-08,,
"SPI","result",11.504384,3.9e-06,0b00000000,0b00000000
"SPI","result",11.5043887,3.9e-06,0b00000101,0b00000000
"SPI","result",11.5043988,3.9e-06,0b00000100,0b00000000
"SPI","result",11.5044035,3.9e-06,0b00000011,0b00000000
"SPI","result",11.5044143,3.9e-06,0b00000010,0b00000000
"SPI","result",11.504419,3.9e-06,0b00000011,0b00000000
"SPI","result",11.5044298,3.9e-06,0b00000010,0b00000000
"SPI","result",11.5044345,3.9e-06,0b00000001,0b00000000
"SPI","result",11.5044453,3.9e-06,0b00000110,0b00000000
"SPI","result",11.50445,3.9e-06,0b00000100,0b00000000
"SPI","result",11.5044609,3.9e-06,0b00000010,0b00000000
"SPI","result",11.5044655,3.9e-06,0b00000001,0b00000000
"SPI","result",11.5044763,4e-06,0b00000011,0b00000000
"SPI","result",11.504481,3.9e-06,0b00000100,0b00000000
"SPI","result",11.5044919,3.9e-06,0b00000010,0b00000000
"SPI","result",11.5044965,3.9e-06,0b00000001,0b00000000
"SPI","result",11.5045074,3.9e-06,0b00000001,0b00000000
"SPI","result",11.504512,4e-06,0b00000100,0b00000000
"SPI","result",11.5045229,3.9e-06,0b00000010,0b00000000
"SPI","result",11.5045276,3.9e-06,0b00001100,0b00000000
"SPI","result",11.5045384,3.9e-06,0b00000001,0b00000000
"SPI","result",11.5045431,3.9e-06,0b00000100,0b00000000
"SPI","result",11.5045539,3.9e-06,0b00000010,0b00000000
"SPI","result",11.5045586,3.9e-06,0b00001100,0b00000000
"SPI","result",11.5045694,3.9e-06,0b00000001,0b00000000
"SPI","result",11.5045741,3.9e-06,0b00000100,0b00000000
"SPI","result",11.5045849,3.9e-06,0b00000010,0b00000000
"SPI","result",11.5045896,3.9e-06,0b00001100,0b00000000
"SPI","result",11.5046004,4e-06,0b00000001,0b00000000
"SPI","result",11.5046051,3.9e-06,0b00000100,0b00000000
"SPI","result",11.504616,3.9e-06,0b00000010,0b00000000
"SPI","result",11.5046206,3.9e-06,0b00000001,0b00000000
"SPI","result",11.5046315,3.9e-06,0b00000000,0b00000000
"SPI","result",11.5046361,3.9e-06,0b00000000,0b00000000
"SPI","disable",11.5046442,1.00000001e-07,,
"SPI","enable",11.5046464,9.99999993e-08,,
"SPI","result",11.5046474,3.8e-06,0b00001101,0b00000000
"SPI","disable",11.5046516,9.99999993e-08,,
"SPI","enable",12.9488243,9.99999993e-08,,
"SPI","result",12.9488253,3.9e-06,0b00001010,0b00000000
"SPI","disable",12.9488295,9.99999993e-08,,
"SPI","enable",12.9488324,9.99999993e-08,,
"SPI","result",12.9488346,3.9e-06,0b00000010,0b00000000
"SPI","result",12.9488393,3.9e-06,0b00001000,0b00000000
"SPI","result",12.9488471,3.9e-06,0b00000001,0b00000000
"SPI","result",12.9488518,3.9e-06,0b00001111,0b00000000
"SPI","disable",12.948857,9.99999993e-08,,
"SPI","enable",12.9488593,9.99999993e-08,,
"SPI","result",12.9488615,3.9e-06,0b00000000,0b00000000
"SPI","result",12.9488662,3.9e-06,0b00001110,0b00000000
"SPI","result",12.948874,3.9e-06,0b00000000,0b00000000
"SPI","result",12.9488786,4e-06,0b00000001,0b00000000
"SPI","disable",12.9488839,9.99999993e-08,,
"SPI","enable",12.9488862,9.99999993e-08,,
"SPI","result",12.9488884,3.9e-06,0b00000000,0b00000000
"SPI","result",12.9488931,3.9e-06,0b00000001,0b00000000
"SPI","result",12.9489009,3.9e-06,0b00000110,0b00000000
"SPI","result",12.9489055,4e-06,0b00000010,0b00000000
"SPI","disable",12.9489108,9.99999993e-08,,
"SPI","enable",12.9489131,9.99999993e-08,,
"SPI","result",12.9489153,3.9e-06,0b00000001,0b00000000
"SPI","result",12.94892,3.9e-06,0b00001111,0b00000000
"SPI","result",12.9489278,3.9e-06,0b00000000,0b00000000
"SPI","result",12.9489325,3.9e-06,0b00001111,0b00000000
"SPI","disable",12.9489377,9.99999993e-08,,
"SPI","enable",12.9489416,1.00000001e-07,,
"SPI","result",12.9489437,4e-06,0b00000000,0b00000000
"SPI","result",12.9489484,3.9e-06,0b00001111,0b00000000
"SPI","result",12.9489562,3.9e-06,0b00000000,0b00000000
"SPI","result",12.9489609,3.9e-06,0b00000100,0b00000000
"SPI","disable",12.9489661,9.99999993e-08,,
"SPI","enable",12.9489685,1.00000001e-07,,
"SPI","result",12.9489706,4e-06,0b00000000,0b00000000
"SPI","result",12.9489753,3.9e-06,0b00001011,0b00000000
"SPI","result",12.9489831,3.9e-06,0b00000000,0b00000000
"SPI","result",12.9489878,3.9e-06,0b00000001,0b00000000
"SPI","disable",12.9489931,1.00000001e-07,,
"SPI","enable",12.9489954,1.00000001e-07,,
"SPI","result",12.9489975,4e-06,0b00000000,0b00000000
"SPI","result",12.9490022,3.9e-06,0b00000011,0b00000000
"SPI","result",12.94901,3.9e-06,0b00000000,0b00000000
"SPI","result",12.9490147,3.9e-06,0b00001111,0b00000000
"SPI","disable",12.94902,9.99999993e-08,,
"SPI","enable",12.949228,9.99999993e-08,,
"SPI","result",12.9492289,3.9e-06,0b00001010,0b00000000
"SPI","disable",12.9492331,9.99999993e-08,,
"SPI","enable",12.9492359,1.00000001e-07,,
"SPI","result",12.9492369,3.9e-06,0b00001110,0b00000000
"SPI","disable",12.9492411,9.99999993e-08,,
"SPI","enable",12.9492429,9.99999993e-08,,
"SPI","result",12.9492452,3.9e-06,0b00000000,0b00000000
"SPI","result",12.9492499,3.9e-06,0b00000101,0b00000000
"SPI","result",12.94926,3.9e-06,0b00000100,0b00000000
"SPI","result",12.9492647,3.9e-06,0b00000011,0b00000000
"SPI","result",12.9492755,3.9e-06,0b00000010,0b00000000
"SPI","result",12.9492802,3.9e-06,0b00000010,0b00000000
"SPI","result",12.949291,4e-06,0b00000010,0b00000000
"SPI","result",12.9492957,3.9e-06,0b00000001,0b00000000
"SPI","result",12.9493065,4e-06,0b00000110,0b00000000
"SPI","result",12.9493112,3.9e-06,0b00000100,0b00000000
"SPI","result",12.9493221,3.9e-06,0b00000010,0b00000000
"SPI","result",12.9493267,3.9e-06,0b00000001,0b00000000
"SPI","result",12.9493376,3.9e-06,0b00000011,0b00000000
"SPI","result",12.9493422,4e-06,0b00000100,0b00000000
"SPI","result",12.9493531,3.9e-06,0b00000010,0b00000000
"SPI","result",12.9493578,3.9e-06,0b00000001,0b00000000
"SPI","result",12.9493686,3.9e-06,0b00000001,0b00000000
"SPI","result",12.9493733,3.9e-06,0b00000100,0b00000000
"SPI","result",12.9493841,3.9e-06,0b00000010,0b00000000
"SPI","result",12.9493888,3.9e-06,0b00001100,0b00000000
"SPI","result",12.9493996,4e-06,0b00000001,0b00000000
"SPI","result",12.9494043,3.9e-06,0b00000100,0b00000000
"SPI","result",12.9494152,3.9e-06,0b00000010,0b00000000
"SPI","result",12.9494198,3.9e-06,0b00001100,0b00000000
"SPI","result",12.9494307,3.9e-06,0b00000001,0b00000000
"SPI","result",12.9494353,3.9e-06,0b00000100,0b00000000
"SPI","result",12.9494462,3.9e-06,0b00000010,0b00000000
"SPI","result",12.9494509,3.9e-06,0b00001100,0b00000000
"SPI","result",12.9494617,3.9e-06,0b00000001,0b00000000
"SPI","result",12.9494663,4e-06,0b00000100,0b00000000
"SPI","result",12.9494772,3.9e-06,0b00000010,0b00000000
"SPI","result",12.9494819,3.9e-06,0b00000001,0b00000000
"SPI","result",12.9494927,3.9e-06,0b00000000,0b00000000
"SPI","result",12.9494974,3.9e-06,0b00000000,0b00000000
"SPI","disable",12.9495055,9.99999993e-08,,
"SPI","enable",12.9495076,9.99999993e-08,,
"SPI","result",12.9495086,3.9e-06,0b00001101,0b00000000
"SPI","disable",12.9495128,9.99999993e-08,,
"SPI","enable",12.9870654,9.99999993e-08,,
"SPI","result",12.9870663,3.9e-06,0b00001010,0b00000000
"SPI","disable",12.9870705,9.99999993e-08,,
"SPI","enable",12.9870734,9.99999993e-08,,
"SPI","result",12.9870756,3.9e-06,0b00000010,0b00000000
"SPI","result",12.9870803,3.9e-06,0b00001000,0b00000000
"SPI","result",12.9870881,3.9e-06,0b00000001,0b00000000
"SPI","result",12.9870928,3.8e-06,0b00001111,0b00000000
"SPI","disable",12.987098,1.00000001e-07,,
"SPI","enable",12.9871003,9.99999993e-08,,
"SPI","result",12.9871025,3.9e-06,0b00000000,0b00000000
"SPI","result",12.9871072,3.9e-06,0b00001110,0b00000000
"SPI","result",12.987115,3.9e-06,0b00000000,0b00000000
"SPI","result",12.9871196,3.9e-06,0b00000001,0b00000000
"SPI","disable",12.9871249,1.00000001e-07,,
"SPI","enable",12.9871272,9.99999993e-08,,
"SPI","result",12.9871294,3.9e-06,0b00000000,0b00000000
"SPI","result",12.9871341,3.9e-06,0b00000001,0b00000000
"SPI","result",12.9871419,3.9e-06,0b00000110,0b00000000
"SPI","result",12.9871465,3.9e-06,0b00000010,0b00000000
"SPI","disable",12.9871518,1.00000001e-07,,
"SPI","enable",12.9871541,1.00000001e-07,,
"SPI","result",12.9871563,3.9e-06,0b00000001,0b00000000
"SPI","result",12.987161,3.9e-06,0b00001111,0b00000000
"SPI","result",12.9871688,3.9e-06,0b00000000,0b00000000
"SPI","result",12.9871735,3.8e-06,0b00001111,0b00000000
"SPI","disable",12.9871787,1.00000001e-07,,
"SPI","enable",12.9871825,1.00000001e-07,,
"SPI","result",12.9871847,3.9e-06,0b00000000,0b00000000
"SPI","result",12.9871894,3.9e-06,0b00001111,0b00000000
"SPI","result",12.9871972,3.9e-06,0b00000000,0b00000000
"SPI","result",12.9872018,4e-06,0b00000100,0b00000000
"SPI","disable",12.9872071,1.00000001e-07,,
"SPI","enable",12.9872094,1.00000001e-07,,
"SPI","result",12.9872116,3.9e-06,0b00000000,0b00000000
"SPI","result",12.9872163,3.9e-06,0b00001011,0b00000000
"SPI","result",12.9872241,3.9e-06,0b00000000,0b00000000
"SPI","result",12.9872287,3.9e-06,0b00000001,0b00000000
"SPI","disable",12.987234,9.99999993e-08,,
"SPI","enable",12.9872363,1.00000001e-07,,
"SPI","result",12.9872385,3.9e-06,0b00000000,0b00000000
"SPI","result",12.9872432,3.9e-06,0b00000011,0b00000000
"SPI","result",12.987251,3.9e-06,0b00000000,0b00000000
"SPI","result",12.9872557,3.8e-06,0b00001111,0b00000000
"SPI","disable",12.9872609,9.99999993e-08,,
"SPI","enable",12.9874689,1.00000001e-07,,
"SPI","result",12.9874698,3.9e-06,0b00001010,0b00000000
"SPI","disable",12.987474,9.99999993e-08,,
"SPI","enable",12.9874769,9.99999993e-08,,
"SPI","result",12.9874778,3.9e-06,0b00001110,0b00000000
"SPI","disable",12.987482,9.99999993e-08,,
"SPI","enable",12.9874838,1.00000001e-07,,
"SPI","result",12.9874861,3.9e-06,0b00000000,0b00000000
"SPI","result",12.9874908,3.9e-06,0b00000101,0b00000000
"SPI","result",12.9875009,3.9e-06,0b00000100,0b00000000
"SPI","result",12.9875056,3.9e-06,0b00000011,0b00000000
"SPI","result",12.9875164,4e-06,0b00000010,0b00000000
"SPI","result",12.9875211,3.9e-06,0b00000010,0b00000000
"SPI","result",12.987532,3.9e-06,0b00000010,0b00000000
"SPI","result",12.9875366,3.9e-06,0b00000001,0b00000000
"SPI","result",12.9875475,3.9e-06,0b00000110,0b00000000
"SPI","result",12.9875521,3.9e-06,0b00000100,0b00000000
"SPI","result",12.987563,3.9e-06,0b00000010,0b00000000
"SPI","result",12.9875676,3.9e-06,0b00000001,0b00000000
"SPI","result",12.9875785,3.9e-06,0b00000011,0b00000000
"SPI","result",12.9875831,4e-06,0b00000100,0b00000000
"SPI","result",12.987594,3.9e-06,0b00000010,0b00000000
"SPI","result",12.9875986,4e-06,0b00000001,0b00000000
"SPI","result",12.9876095,3.9e-06,0b00000001,0b00000000
"SPI","result",12.9876141,4e-06,0b00000100,0b00000000
"SPI","result",12.987625,3.9e-06,0b00000010,0b00000000
"SPI","result",12.9876297,3.9e-06,0b00001100,0b00000000
"SPI","result",12.9876405,3.9e-06,0b00000001,0b00000000
"SPI","result",12.9876452,3.9e-06,0b00000100,0b00000000
"SPI","result",12.987656,3.9e-06,0b00000010,0b00000000
"SPI","result",12.9876607,3.9e-06,0b00001100,0b00000000
"SPI","result",12.9876715,3.9e-06,0b00000001,0b00000000
"SPI","result",12.9876762,3.9e-06,0b00000100,0b00000000
"SPI","result",12.9876871,3.9e-06,0b00000010,0b00000000
"SPI","result",12.9876917,3.9e-06,0b00001100,0b00000000
"SPI","result",12.9877026,3.9e-06,0b00000001,0b00000000
"SPI","result",12.9877072,3.9e-06,0b00000100,0b00000000
"SPI","result",12.9877181,3.9e-06,0b00000010,0b00000000
"SPI","result",12.9877227,3.9e-06,0b00000001,0b00000000
"SPI","result",12.9877336,3.9e-06,0b00000000,0b00000000
"SPI","result",12.9877382,4e-06,0b00000000,0b00000000
"SPI","disable",12.9877463,1.00000001e-07,,
"SPI","enable",12.9877485,9.99999993e-08,,
"SPI","result",12.9877495,3.9e-06,0b00001101,0b00000000
"SPI","disable",12.9877537,9.99999993e-08,,
"SPI","enable",13.305243,9.99999993e-08,,
"SPI","result",13.3052439,3.9e-06,0b00001010,0b00000000
"SPI","disable",13.3052481,9.99999993e-08,,
"SPI","enable",13.305251,9.99999993e-08,,
"SPI","result",13.3052532,3.9e-06,0b00000010,0b00000000
"SPI","result",13.3052579,3.9e-06,0b00001000,0b00000000
"SPI","result",13.3052657,3.9e-06,0b00000001,0b00000000
"SPI","result",13.3052704,3.9e-06,0b00001111,0b00000000
"SPI","disable",13.3052756,1.00000001e-07,,
"SPI","enable",13.3052779,9.99999993e-08,,
"SPI","result",13.3052801,3.9e-06,0b00000000,0b00000000
"SPI","result",13.3052848,3.9e-06,0b00001110,0b00000000
"SPI","result",13.3052926,3.9e-06,0b00000000,0b00000000
"SPI","result",13.3052973,3.9e-06,0b00000001,0b00000000
"SPI","disable",13.3053025,9.99999993e-08,,
"SPI","enable",13.3053048,9.99999993e-08,,
"SPI","result",13.305307,3.9e-06,0b00000000,0b00000000
"SPI","result",13.3053117,3.9e-06,0b00000001,0b00000000
"SPI","result",13.3053195,3.9e-06,0b00000110,0b00000000
"SPI","result",13.3053241,4e-06,0b00000010,0b00000000
"SPI","disable",13.3053294,9.99999993e-08,,
"SPI","enable",13.3053317,9.99999993e-08,,
"SPI","result",13.3053339,3.9e-06,0b00000001,0b00000000
"SPI","result",13.3053386,3.9e-06,0b00001111,0b00000000
"SPI","result",13.3053464,3.9e-06,0b00000000,0b00000000
"SPI","result",13.3053511,3.9e-06,0b00001111,0b00000000
"SPI","disable",13.3053563,1.00000001e-07,,
"SPI","enable",13.3053602,9.99999993e-08,,
"SPI","result",13.3053623,4e-06,0b00000000,0b00000000
"SPI","result",13.305367,3.9e-06,0b00001111,0b00000000
"SPI","result",13.3053748,3.9e-06,0b00000000,0b00000000
"SPI","result",13.3053795,3.9e-06,0b00000100,0b00000000
"SPI","disable",13.3053848,9.99999993e-08,,
"SPI","enable",13.3053871,1.00000001e-07,,
"SPI","result",13.3053892,4e-06,0b00000000,0b00000000
"SPI","result",13.3053939,3.9e-06,0b00001011,0b00000000
"SPI","result",13.3054017,3.9e-06,0b00000000,0b00000000
"SPI","result",13.3054064,3.9e-06,0b00000001,0b00000000
"SPI","disable",13.3054117,9.99999993e-08,,
"SPI","enable",13.305414,9.99999993e-08,,
"SPI","result",13.3054161,4e-06,0b00000000,0b00000000
"SPI","result",13.3054208,3.9e-06,0b00000011,0b00000000
"SPI","result",13.3054286,3.9e-06,0b00000000,0b00000000
"SPI","result",13.3054333,3.9e-06,0b00001111,0b00000000
"SPI","disable",13.3054386,9.99999993e-08,,
"SPI","enable",13.3056466,1.00000001e-07,,
"SPI","result",13.3056475,3.9e-06,0b00001010,0b00000000
"SPI","disable",13.3056517,9.99999993e-08,,
"SPI","enable",13.3056546,9.99999993e-08,,
"SPI","result",13.3056555,3.9e-06,0b00001110,0b00000000
"SPI","disable",13.3056597,1.00000001e-07,,
"SPI","enable",13.3056615,1.00000001e-07,,
"SPI","result",13.3056638,3.9e-06,0b00000000,0b00000000
"SPI","result",13.3056685,3.9e-06,0b00000101,0b00000000
"SPI","result",13.3056786,3.9e-06,0b00000100,0b00000000
"SPI","result",13.3056833,3.9e-06,0b00000011,0b00000000
"SPI","result",13.3056941,4e-06,0b00000010,0b00000000
"SPI","result",13.3056988,3.9e-06,0b00000001,0b00000000
"SPI","result",13.3057097,3.9e-06,0b00000010,0b00000000
"SPI","result",13.3057143,3.9e-06,0b00000001,0b00000000
"SPI","result",13.3057252,3.9e-06,0b00000110,0b00000000
"SPI","result",13.3057298,4e-06,0b00000100,0b00000000
"SPI","result",13.3057407,3.9e-06,0b00000010,0b00000000
"SPI","result",13.3057453,4e-06,0b00000001,0b00000000
"SPI","result",13.3057562,3.9e-06,0b00000011,0b00000000
"SPI","result",13.3057609,3.9e-06,0b00000100,0b00000000
"SPI","result",13.3057717,3.9e-06,0b00000010,0b00000000
"SPI","result",13.3057764,3.9e-06,0b00000001,0b00000000
"SPI","result",13.3057872,3.9e-06,0b00000001,0b00000000
"SPI","result",13.3057919,3.9e-06,0b00000100,0b00000000
"SPI","result",13.3058028,3.9e-06,0b00000010,0b00000000
"SPI","result",13.3058074,3.9e-06,0b00001100,0b00000000
"SPI","result",13.3058183,3.9e-06,0b00000001,0b00000000
"SPI","result",13.3058229,3.9e-06,0b00000100,0b00000000
"SPI","result",13.3058338,3.9e-06,0b00000010,0b00000000
"SPI","result",13.3058385,3.9e-06,0b00001100,0b00000000
"SPI","result",13.3058493,3.9e-06,0b00000001,0b00000000
"SPI","result",13.3058539,4e-06,0b00000100,0b00000000
"SPI","result",13.3058648,3.9e-06,0b00000010,0b00000000
"SPI","result",13.3058695,3.9e-06,0b00001100,0b00000000
"SPI","result",13.3058803,3.9e-06,0b00000001,0b00000000
"SPI","result",13.305885,3.9e-06,0b00000100,0b00000000
"SPI","result",13.3058958,3.9e-06,0b00000010,0b00000000
"SPI","result",13.3059005,3.9e-06,0b00000001,0b00000000
"SPI","result",13.3059113,4e-06,0b00000000,0b00000000
"SPI","result",13.305916,3.9e-06,0b00000000,0b00000000
"SPI","disable",13.3059241,9.99999993e-08,,
"SPI","enable",13.3059263,1.00000001e-07,,
"SPI","result",13.3059272,3.9e-06,0b00001101,0b00000000
"SPI","disable",13.3059314,9.99999993e-08,,
"SPI","enable",13.3428913,9.99999993e-08,,
"SPI","result",13.3428923,3.9e-06,0b00001010,0b00000000
"SPI","disable",13.3428965,9.99999993e-08,,
"SPI","enable",13.3428994,9.99999993e-08,,
"SPI","result",13.3429016,3.9e-06,0b00000010,0b00000000
"SPI","result",13.3429063,3.9e-06,0b00001000,0b00000000
"SPI","result",13.3429141,3.9e-06,0b00000001,0b00000000
"SPI","result",13.3429187,3.9e-06,0b00001111,0b00000000
"SPI","disable",13.342924,9.99999993e-08,,
"SPI","enable",13.3429263,9.99999993e-08,,
"SPI","result",13.3429285,3.9e-06,0b00000000,0b00000000
"SPI","result",13.3429332,3.9e-06,0b00001110,0b00000000
"SPI","result",13.3429409,4e-06,0b00000000,0b00000000
"SPI","result",13.3429456,3.9e-06,0b00000001,0b00000000
"SPI","disable",13.3429509,9.99999993e-08,,
"SPI","enable",13.3429532,9.99999993e-08,,
"SPI","result",13.3429554,3.9e-06,0b00000000,0b00000000
"SPI","result",13.34296,4e-06,0b00000001,0b00000000
"SPI","result",13.3429678,4e-06,0b00000110,0b00000000
"SPI","result",13.3429725,3.9e-06,0b00000010,0b00000000
"SPI","disable",13.3429778,9.99999993e-08,,
"SPI","enable",13.3429801,9.99999993e-08,,
"SPI","result",13.3429823,3.9e-06,0b00000001,0b00000000
"SPI","result",13.342987,3.9e-06,0b00001111,0b00000000
"SPI","result",13.3429947,4e-06,0b00000000,0b00000000
"SPI","result",13.3429994,3.9e-06,0b00001111,0b00000000
"SPI","disable",13.3430047,9.99999993e-08,,
"SPI","enable",13.3430085,9.99999993e-08,,
"SPI","result",13.3430107,3.9e-06,0b00000000,0b00000000
"SPI","result",13.3430154,3.9e-06,0b00001111,0b00000000
"SPI","result",13.3430232,3.9e-06,0b00000000,0b00000000
"SPI","result",13.3430278,4e-06,0b00000100,0b00000000
"SPI","disable",13.3430331,1.00000001e-07,,
"SPI","enable",13.3430354,9.99999993e-08,,
"SPI","result",13.3430376,3.9e-06,0b00000000,0b00000000
"SPI","result",13.3430423,3.9e-06,0b00001011,0b00000000
"SPI","result",13.3430501,3.9e-06,0b00000000,0b00000000
"SPI","result",13.3430547,3.9e-06,0b00000001,0b00000000
"SPI","disable",13.34306,1.00000001e-07,,
"SPI","enable",13.3430623,1.00000001e-07,,
"SPI","result",13.3430645,3.9e-06,0b00000000,0b00000000
"SPI","result",13.3430692,3.9e-06,0b00000011,0b00000000
"SPI","result",13.343077,3.9e-06,0b00000000,0b00000000
"SPI","result",13.3430817,3.8e-06,0b00001111,0b00000000
"SPI","disable",13.3430869,1.00000001e-07,,
"SPI","enable",13.3432949,9.99999993e-08,,
"SPI","result",13.3432958,3.9e-06,0b00001010,0b00000000
"SPI","disable",13.3433,1.00000001e-07,,
"SPI","enable",13.3433029,1.00000001e-07,,
"SPI","result",13.3433038,3.9e-06,0b00001110,0b00000000
"SPI","disable",13.343308,9.99999993e-08,,
"SPI","enable",13.3433098,9.99999993e-08,,
"SPI","result",13.3433121,4e-06,0b00000000,0b00000000
"SPI","result",13.3433168,3.9e-06,0b00000101,0b00000000
"SPI","result",13.3433269,4e-06,0b00000100,0b00000000
"SPI","result",13.3433316,3.9e-06,0b00000011,0b00000000
"SPI","result",13.3433424,4e-06,0b00000010,0b00000000
"SPI","result",13.3433471,3.9e-06,0b00000001,0b00000000
"SPI","result",13.343358,3.9e-06,0b00000010,0b00000000
"SPI","result",13.3433626,3.9e-06,0b00000001,0b00000000
"SPI","result",13.3433735,3.9e-06,0b00000110,0b00000000
"SPI","result",13.3433781,3.9e-06,0b00000100,0b00000000
"SPI","result",13.343389,3.9e-06,0b00000010,0b00000000
"SPI","result",13.3433936,4e-06,0b00000001,0b00000000
"SPI","result",13.3434045,3.9e-06,0b00000011,0b00000000
"SPI","result",13.3434091,4e-06,0b00000100,0b00000000
"SPI","result",13.34342,3.9e-06,0b00000010,0b00000000
"SPI","result",13.3434247,3.9e-06,0b00000001,0b00000000
"SPI","result",13.3434355,3.9e-06,0b00000001,0b00000000
"SPI","result",13.3434402,3.9e-06,0b00000100,0b00000000
"SPI","result",13.343451,3.9e-06,0b00000010,0b00000000
"SPI","result",13.3434557,3.9e-06,0b00001100,0b00000000
"SPI","result",13.3434665,3.9e-06,0b00000001,0b00000000
"SPI","result",13.3434712,3.9e-06,0b00000100,0b00000000
"SPI","result",13.343482,4e-06,0b00000010,0b00000000
"SPI","result",13.3434867,3.9e-06,0b00001100,0b00000000
"SPI","result",13.3434976,3.9e-06,0b00000001,0b00000000
"SPI","result",13.3435022,3.9e-06,0b00000100,0b00000000
"SPI","result",13.3435131,3.9e-06,0b00000010,0b00000000
"SPI","result",13.3435178,3.8e-06,0b00001100,0b00000000
"SPI","result",13.3435286,3.9e-06,0b00000001,0b00000000
"SPI","result",13.3435332,4e-06,0b00000100,0b00000000
"SPI","result",13.3435441,3.9e-06,0b00000010,0b00000000
"SPI","result",13.3435487,4e-06,0b00000001,0b00000000
"SPI","result",13.3435596,3.9e-06,0b00000000,0b00000000
"SPI","result",13.3435643,3.9e-06,0b00000000,0b00000000
"SPI","disable",13.3435723,9.99999993e-08,,
"SPI","enable",13.3435745,9.99999993e-08,,
"SPI","result",13.3435755,3.9e-06,0b00001101,0b00000000
"SPI","disable",13.3435797,1.00000001e-07,,
"SPI","enable",13.6994258,9.99999993e-08,,
"SPI","result",13.6994267,3.9e-06,0b00001010,0b00000000
"SPI","disable",13.6994309,1.00000001e-07,,
"SPI","enable",13.6994338,1.00000001e-07,,
"SPI","result",13.699436,3.9e-06,0b00000010,0b00000000
"SPI","result",13.6994407,3.9e-06,0b00001000,0b00000000
"SPI","result",13.6994485,3.9e-06,0b00000001,0b00000000
"SPI","result",13.6994532,3.9e-06,0b00001111,0b00000000
"SPI","disable",13.6994584,1.00000001e-07,,
"SPI","enable",13.6994607,1.00000001e-07,,
"SPI","result",13.6994629,3.9e-06,0b00000000,0b00000000
"SPI","result",13.6994676,3.9e-06,0b00001110,0b00000000
"SPI","result",13.6994754,3.9e-06,0b00000000,0b00000000
"SPI","result",13.6994801,3.9e-06,0b00000001,0b00000000
"SPI","disable",13.6994854,9.99999993e-08,,
"SPI","enable",13.6994876,1.00000003e-07,,
"SPI","result",13.6994898,3.9e-06,0b00000000,0b00000000
"SPI","result",13.6994945,3.9e-06,0b00000001,0b00000000
"SPI","result",13.6995023,3.9e-06,0b00000110,0b00000000
"SPI","result",13.6995069,4e-06,0b00000010,0b00000000
"SPI","disable",13.6995122,1.00000001e-07,,
"SPI","enable",13.6995145,1.00000001e-07,,
"SPI","result",13.6995167,3.9e-06,0b00000001,0b00000000
"SPI","result",13.6995214,3.9e-06,0b00001111,0b00000000
"SPI","result",13.6995292,3.9e-06,0b00000000,0b00000000
"SPI","result",13.6995339,3.9e-06,0b00001111,0b00000000
"SPI","disable",13.6995392,9.99999993e-08,,
"SPI","enable",13.699543,9.99999993e-08,,
"SPI","result",13.6995451,4e-06,0b00000000,0b00000000
"SPI","result",13.6995498,3.9e-06,0b00001111,0b00000000
"SPI","result",13.6995576,3.9e-06,0b00000000,0b00000000
"SPI","result",13.6995623,3.9e-06,0b00000100,0b00000000
"SPI","disable",13.6995676,9.99999993e-08,,
"SPI","enable",13.6995699,9.99999993e-08,,
"SPI","result",13.6995721,3.9e-06,0b00000000,0b00000000
"SPI","result",13.6995768,3.8e-06,0b00001011,0b00000000
"SPI","result",13.6995845,3.9e-06,0b00000000,0b00000000
"SPI","result",13.6995892,3.9e-06,0b00000001,0b00000000
"SPI","disable",13.6995945,9.99999993e-08,,
"SPI","enable",13.6995968,9.99999993e-08,,
"SPI","result",13.6995989,4e-06,0b00000000,0b00000000
"SPI","result",13.6996036,3.9e-06,0b00000011,0b00000000
"SPI","result",13.6996114,3.9e-06,0b00000000,0b00000000
"SPI","result",13.6996161,3.9e-06,0b00001111,0b00000000
"SPI","disable",13.6996214,9.99999993e-08,,
"SPI","enable",13.6998294,9.99999993e-08,,
"SPI","result",13.6998303,3.9e-06,0b00001010,0b00000000
"SPI","disable",13.6998345,1.00000001e-07,,
"SPI","enable",13.6998373,9.99999993e-08,,
"SPI","result",13.6998383,3.9e-06,0b00001110,0b00000000
"SPI","disable",13.6998425,9.99999993e-08,,
"SPI","enable",13.6998442,1.00000001e-07,,
"SPI","result",13.6998466,3.9e-06,0b00000000,0b00000000
"SPI","result",13.6998513,3.9e-06,0b00000101,0b00000000
"SPI","result",13.6998614,3.9e-06,0b00000100,0b00000000
"SPI","result",13.6998661,3.9e-06,0b00000011,0b00000000
"SPI","result",13.6998769,3.9e-06,0b00000010,0b00000000
"SPI","result",13.6998816,3.9e-06,0b00000000,0b00000000
"SPI","result",13.6998924,4e-06,0b00000010,0b00000000
"SPI","result",13.6998971,3.9e-06,0b00000001,0b00000000
"SPI","result",13.6999079,4e-06,0b00000110,0b00000000
"SPI","result",13.6999126,3.9e-06,0b00000100,0b00000000
"SPI","result",13.6999235,3.9e-06,0b00000010,0b00000000
"SPI","result",13.6999281,3.9e-06,0b00000001,0b00000000
"SPI","result",13.699939,3.9e-06,0b00000011,0b00000000
"SPI","result",13.6999436,4e-06,0b00000100,0b00000000
"SPI","result",13.6999545,3.9e-06,0b00000010,0b00000000
"SPI","result",13.6999591,4e-06,0b00000001,0b00000000
"SPI","result",13.69997,3.9e-06,0b00000001,0b00000000
"SPI","result",13.6999747,3.9e-06,0b00000100,0b00000000
"SPI","result",13.6999855,3.9e-06,0b00000010,0b00000000
"SPI","result",13.6999902,3.9e-06,0b00001100,0b00000000
"SPI","result",13.700001,3.9e-06,0b00000001,0b00000000
"SPI","result",13.7000057,3.9e-06,0b00000100,0b00000000
"SPI","result",13.7000165,4e-06,0b00000010,0b00000000
"SPI","result",13.7000212,3.9e-06,0b00001100,0b00000000
"SPI","result",13.7000321,3.9e-06,0b00000001,0b00000000
"SPI","result",13.7000367,3.9e-06,0b00000100,0b00000000
"SPI","result",13.7000476,3.9e-06,0b00000010,0b00000000
"SPI","result",13.7000523,3.8e-06,0b00001100,0b00000000
"SPI","result",13.7000631,3.9e-06,0b00000001,0b00000000
"SPI","result",13.7000677,4e-06,0b00000100,0b00000000
"SPI","result",13.7000786,3.9e-06,0b00000010,0b00000000
"SPI","result",13.7000833,3.9e-06,0b00000001,0b00000000
"SPI","result",13.7000941,3.9e-06,0b00000000,0b00000000
"SPI","result",13.7000988,3.9e-06,0b00000000,0b00000000
"SPI","disable",13.7001068,9.99999993e-08,,
"SPI","enable",13.700109,1.00000003e-07,,
"SPI","result",13.70011,3.9e-06,0b00001101,0b00000000
"SPI","disable",13.7001142,9.99999993e-08,,
"SPI","enable",13.7370733,9.99999993e-08,,
"SPI","result",13.7370742,3.9e-06,0b00001010,0b00000000
"SPI","disable",13.7370784,1.00000001e-07,,
"SPI","enable",13.7370814,1.00000001e-07,,
"SPI","result",13.7370835,4e-06,0b00000010,0b00000000
"SPI","result",13.7370882,3.9e-06,0b00001000,0b00000000
"SPI","result",13.737096,3.9e-06,0b00000001,0b00000000
"SPI","result",13.7371007,3.9e-06,0b00001111,0b00000000
"SPI","disable",13.737106,9.99999993e-08,,
"SPI","enable",13.7371083,1.00000001e-07,,
"SPI","result",13.7371104,4e-06,0b00000000,0b00000000
"SPI","result",13.7371151,3.9e-06,0b00001110,0b00000000
"SPI","result",13.7371229,3.9e-06,0b00000000,0b00000000
"SPI","result",13.7371276,3.9e-06,0b00000001,0b00000000
"SPI","disable",13.7371329,9.99999993e-08,,
"SPI","enable",13.7371352,9.99999993e-08,,
"SPI","result",13.7371373,4e-06,0b00000000,0b00000000
"SPI","result",13.737142,3.9e-06,0b00000001,0b00000000
"SPI","result",13.7371498,3.9e-06,0b00000110,0b00000000
"SPI","result",13.7371545,3.9e-06,0b00000010,0b00000000
"SPI","disable",13.7371598,9.99999993e-08,,
"SPI","enable",13.7371621,9.99999993e-08,,
"SPI","result",13.7371643,3.9e-06,0b00000001,0b00000000
"SPI","result",13.7371689,3.9e-06,0b00001111,0b00000000
"SPI","result",13.7371767,3.9e-06,0b00000000,0b00000000
"SPI","result",13.7371814,3.9e-06,0b00001111,0b00000000
"SPI","disable",13.7371867,9.99999993e-08,,
"SPI","enable",13.7371905,9.99999993e-08,,
"SPI","result",13.7371927,3.9e-06,0b00000000,0b00000000
"SPI","result",13.7371974,3.9e-06,0b00001111,0b00000000
"SPI","result",13.7372051,4e-06,0b00000000,0b00000000
"SPI","result",13.7372098,3.9e-06,0b00000100,0b00000000
"SPI","disable",13.7372151,9.99999993e-08,,
"SPI","enable",13.7372174,9.99999993e-08,,
"SPI","result",13.7372196,3.9e-06,0b00000000,0b00000000
"SPI","result",13.7372243,3.9e-06,0b00001011,0b00000000
"SPI","result",13.737232,4e-06,0b00000000,0b00000000
"SPI","result",13.7372367,3.9e-06,0b00000001,0b00000000
"SPI","disable",13.737242,9.99999993e-08,,
"SPI","enable",13.7372443,9.99999993e-08,,
"SPI","result",13.7372465,3.9e-06,0b00000000,0b00000000
"SPI","result",13.7372512,3.9e-06,0b00000011,0b00000000
"SPI","result",13.737259,3.9e-06,0b00000000,0b00000000
"SPI","result",13.7372637,3.8e-06,0b00001111,0b00000000
"SPI","disable",13.7372689,9.99999993e-08,,
"SPI","enable",13.7374769,9.99999993e-08,,
"SPI","result",13.7374779,3.9e-06,0b00001010,0b00000000
"SPI","disable",13.737482,9.99999993e-08,,
"SPI","enable",13.7374849,9.99999993e-08,,
"SPI","result",13.7374859,3.9e-06,0b00001110,0b00000000
"SPI","disable",13.73749,1.00000001e-07,,
"SPI","enable",13.7374918,9.99999993e-08,,
"SPI","result",13.7374942,3.9e-06,0b00000000,0b00000000
"SPI","result",13.7374988,4e-06,0b00000101,0b00000000
"SPI","result",13.737509,3.9e-06,0b00000100,0b00000000
"SPI","result",13.7375136,3.9e-06,0b00000011,0b00000000
"SPI","result",13.7375245,3.9e-06,0b00000010,0b00000000
"SPI","result",13.7375291,4e-06,0b00000000,0b00000000
"SPI","result",13.73754,3.9e-06,0b00000010,0b00000000
"SPI","result",13.7375447,3.9e-06,0b00000001,0b00000000
"SPI","result",13.7375555,3.9e-06,0b00000110,0b00000000
"SPI","result",13.7375602,3.9e-06,0b00000100,0b00000000
"SPI","result",13.737571,3.9e-06,0b00000010,0b00000000
"SPI","result",13.7375757,3.9e-06,0b00000001,0b00000000
"SPI","result",13.7375865,4e-06,0b00000011,0b00000000
"SPI","result",13.7375912,3.9e-06,0b00000100,0b00000000
"SPI","result",13.7376021,3.9e-06,0b00000010,0b00000000
"SPI","result",13.7376067,3.9e-06,0b00000001,0b00000000
"SPI","result",13.7376176,3.9e-06,0b00000001,0b00000000
"SPI","result",13.7376222,3.9e-06,0b00000100,0b00000000
"SPI","result",13.7376331,3.9e-06,0b00000010,0b00000000
"SPI","result",13.7376378,3.9e-06,0b00001100,0b00000000
"SPI","result",13.7376486,3.9e-06,0b00000001,0b00000000
"SPI","result",13.7376533,3.9e-06,0b00000100,0b00000000
"SPI","result",13.7376641,3.9e-06,0b00000010,0b00000000
"SPI","result",13.7376688,3.9e-06,0b00001100,0b00000000
"SPI","result",13.7376796,3.9e-06,0b00000001,0b00000000
"SPI","result",13.7376843,3.9e-06,0b00000100,0b00000000
"SPI","result",13.7376951,4e-06,0b00000010,0b00000000
"SPI","result",13.7376998,3.9e-06,0b00001100,0b00000000
"SPI","result",13.7377107,3.9e-06,0b00000001,0b00000000
"SPI","result",13.7377153,3.9e-06,0b00000100,0b00000000
"SPI","result",13.7377262,3.9e-06,0b00000010,0b00000000
"SPI","result",13.7377308,3.9e-06,0b00000001,0b00000000
"SPI","result",13.7377417,3.9e-06,0b00000000,0b00000000
"SPI","result",13.7377463,4e-06,0b00000000,0b00000000
"SPI","disable",13.7377544,9.99999993e-08,,
"SPI","enable",13.7377566,9.99999993e-08,,
"SPI","result",13.7377576,3.9e-06,0b00001101,0b00000000
"SPI","disable",13.7377618,1.00000001e-07,,
"SPI","enable",15.2095579,9.99999993e-08,,
"SPI","result",15.2095589,3.9e-06,0b00001010,0b00000000
"SPI","disable",15.2095631,9.99999993e-08,,
"SPI","enable",15.209566,9.99999993e-08,,
"SPI","result",15.2095682,3.9e-06,0b00000010,0b00000000
"SPI","result",15.2095729,3.9e-06,0b00001000,0b00000000
"SPI","result",15.2095807,3.9e-06,0b00000001,0b00000000
"SPI","result",15.2095854,3.9e-06,0b00001111,0b00000000
"SPI","disable",15.2095906,9.99999993e-08,,
"SPI","enable",15.2095929,1.00000001e-07,,
"SPI","result",15.2095951,3.9e-06,0b00000000,0b00000000
"SPI","result",15.2095998,3.9e-06,0b00001110,0b00000000
"SPI","result",15.2096076,3.9e-06,0b00000000,0b00000000
"SPI","result",15.2096122,4e-06,0b00000001,0b00000000
"SPI","disable",15.2096175,9.99999993e-08,,
"SPI","enable",15.2096198,9.99999993e-08,,
"SPI","result",15.209622,3.9e-06,0b00000000,0b00000000
"SPI","result",15.2096267,3.9e-06,0b00000001,0b00000000
"SPI","result",15.2096345,3.9e-06,0b00000110,0b00000000
"SPI","result",15.2096391,4e-06,0b00000010,0b00000000
"SPI","disable",15.2096444,9.99999993e-08,,
"SPI","enable",15.2096467,9.99999993e-08,,
"SPI","result",15.2096489,3.9e-06,0b00000001,0b00000000
"SPI","result",15.2096536,3.9e-06,0b00001111,0b00000000
"SPI","result",15.2096614,3.9e-06,0b00000000,0b00000000
"SPI","result",15.2096661,3.9e-06,0b00001111,0b00000000
"SPI","disable",15.2096714,1.00000001e-07,,
"SPI","enable",15.2096752,1.00000001e-07,,
"SPI","result",15.2096773,4e-06,0b00000000,0b00000000
"SPI","result",15.209682,3.9e-06,0b00001111,0b00000000
"SPI","result",15.2096898,3.9e-06,0b00000000,0b00000000
"SPI","result",15.2096945,3.9e-06,0b00000100,0b00000000
"SPI","disable",15.2096998,1.00000001e-07,,
"SPI","enable",15.2097021,1.00000001e-07,,
"SPI","result",15.2097043,3.9e-06,0b00000000,0b00000000
"SPI","result",15.209709,3.8e-06,0b00001011,0b00000000
"SPI","result",15.2097167,3.9e-06,0b00000000,0b00000000
"SPI","result",15.2097214,3.9e-06,0b00000001,0b00000000
"SPI","disable",15.2097267,1.00000001e-07,,
"SPI","enable",15.209729,1.00000001e-07,,
"SPI","result",15.2097311,4e-06,0b00000000,0b00000000
"SPI","result",15.2097358,3.9e-06,0b00000011,0b00000000
"SPI","result",15.2097436,4e-06,0b00000000,0b00000000
"SPI","result",15.2097483,3.9e-06,0b00001111,0b00000000
"SPI","disable",15.2097536,1.00000001e-07,,
"SPI","enable",15.2099616,9.99999993e-08,,
"SPI","result",15.2099625,4e-06,0b00001010,0b00000000
"SPI","disable",15.2099667,9.99999993e-08,,
"SPI","enable",15.2099696,9.99999993e-08,,
"SPI","result",15.2099706,3.8e-06,0b00001110,0b00000000
"SPI","disable",15.2099747,9.99999993e-08,,
"SPI","enable",15.2099765,9.99999993e-08,,
"SPI","result",15.2099789,3.9e-06,0b00000000,0b00000000
"SPI","result",15.2099835,3.9e-06,0b00000101,0b00000000
"SPI","result",15.2099937,3.9e-06,0b00000100,0b00000000
"SPI","result",15.2099983,3.9e-06,0b00000011,0b00000000
"SPI","result",15.2100092,3.9e-06,0b00000010,0b00000000
"SPI","result",15.2100138,4e-06,0b00000000,0b00000000
"SPI","result",15.2100247,3.9e-06,0b00000010,0b00000000
"SPI","result",15.2100293,4e-06,0b00000010,0b00000000
"SPI","result",15.2100402,3.9e-06,0b00000110,0b00000000
"SPI","result",15.2100449,3.9e-06,0b00000100,0b00000000
"SPI","result",15.2100557,3.9e-06,0b00000010,0b00000000
"SPI","result",15.2100604,3.9e-06,0b00000001,0b00000000
"SPI","result",15.2100712,3.9e-06,0b00000011,0b00000000
"SPI","result",15.2100759,3.9e-06,0b00000100,0b00000000
"SPI","result",15.2100868,3.9e-06,0b00000010,0b00000000
"SPI","result",15.2100914,3.9e-06,0b00000001,0b00000000
"SPI","result",15.2101023,3.9e-06,0b00000001,0b00000000
"SPI","result",15.2101069,3.9e-06,0b00000100,0b00000000
"SPI","result",15.2101178,3.9e-06,0b00000010,0b00000000
"SPI","result",15.2101225,3.9e-06,0b00001100,0b00000000
"SPI","result",15.2101333,3.9e-06,0b00000001,0b00000000
"SPI","result",15.210138,3.9e-06,0b00000100,0b00000000
"SPI","result",15.2101488,3.9e-06,0b00000010,0b00000000
"SPI","result",15.2101535,3.9e-06,0b00001100,0b00000000
"SPI","result",15.2101643,3.9e-06,0b00000001,0b00000000
"SPI","result",15.210169,3.9e-06,0b00000100,0b00000000
"SPI","result",15.2101798,4e-06,0b00000010,0b00000000
"SPI","result",15.2101845,3.9e-06,0b00001100,0b00000000
"SPI","result",15.2101954,3.9e-06,0b00000001,0b00000000
"SPI","result",15.2102,3.9e-06,0b00000100,0b00000000
"SPI","result",15.2102109,3.9e-06,0b00000010,0b00000000
"SPI","result",15.2102155,3.9e-06,0b00000001,0b00000000
"SPI","result",15.2102264,3.9e-06,0b00000000,0b00000000
"SPI","result",15.2102311,3.9e-06,0b00000000,0b00000000
"SPI","disable",15.2102391,9.99999993e-08,,
"SPI","enable",15.2102413,9.99999993e-08,,
"SPI","result",15.2102423,3.9e-06,0b00001101,0b00000000
"SPI","disable",15.2102465,9.99999993e-08,,
"SPI","enable",15.3911934,9.99999993e-08,,
"SPI","result",15.3911943,3.9e-06,0b00001010,0b00000000
"SPI","disable",15.3911985,9.99999993e-08,,
"SPI","enable",15.3912015,1.00000001e-07,,
"SPI","result",15.3912036,4e-06,0b00000010,0b00000000
"SPI","result",15.3912083,3.9e-06,0b00001000,0b00000000
"SPI","result",15.3912161,3.9e-06,0b00000001,0b00000000
"SPI","result",15.3912208,3.9e-06,0b00001111,0b00000000
"SPI","disable",15.3912261,9.99999993e-08,,
"SPI","enable",15.3912284,1.00000001e-07,,
"SPI","result",15.3912305,4e-06,0b00000000,0b00000000
"SPI","result",15.3912352,3.9e-06,0b00001110,0b00000000
"SPI","result",15.391243,3.9e-06,0b00000000,0b00000000
"SPI","result",15.3912477,3.9e-06,0b00000001,0b00000000
"SPI","disable",15.391253,9.99999993e-08,,
"SPI","enable",15.3912553,1.00000001e-07,,
"SPI","result",15.3912574,4e-06,0b00000000,0b00000000
"SPI","result",15.3912621,3.9e-06,0b00000001,0b00000000
"SPI","result",15.3912699,3.9e-06,0b00000110,0b00000000
"SPI","result",15.3912746,3.9e-06,0b00000010,0b00000000
"SPI","disable",15.3912799,9.99999993e-08,,
"SPI","enable",15.3912822,1.00000001e-07,,
"SPI","result",15.3912844,3.9e-06,0b00000001,0b00000000
"SPI","result",15.391289,3.9e-06,0b00001111,0b00000000
"SPI","result",15.3912968,3.9e-06,0b00000000,0b00000000
"SPI","result",15.3913015,3.9e-06,0b00001111,0b00000000
"SPI","disable",15.3913068,9.99999993e-08,,
"SPI","enable",15.3913106,9.99999993e-08,,
"SPI","result",15.3913128,3.9e-06,0b00000000,0b00000000
"SPI","result",15.3913175,3.9e-06,0b00001111,0b00000000
"SPI","result",15.3913252,4e-06,0b00000000,0b00000000
"SPI","result",15.3913299,3.9e-06,0b00000100,0b00000000
"SPI","disable",15.3913352,9.99999993e-08,,
"SPI","enable",15.3913375,9.99999993e-08,,
"SPI","result",15.3913397,3.9e-06,0b00000000,0b00000000
"SPI","result",15.3913444,3.9e-06,0b00001011,0b00000000
"SPI","result",15.3913521,4e-06,0b00000000,0b00000000
"SPI","result",15.3913568,3.9e-06,0b00000001,0b00000000
"SPI","disable",15.3913621,9.99999993e-08,,
"SPI","enable",15.3913644,9.99999993e-08,,
"SPI","result",15.3913666,3.9e-06,0b00000000,0b00000000
"SPI","result",15.3913712,4e-06,0b00000011,0b00000000
"SPI","result",15.391379,4e-06,0b00000000,0b00000000
"SPI","result",15.3913837,3.9e-06,0b00001111,0b00000000
"SPI","disable",15.391389,9.99999993e-08,,
"SPI","enable",15.391597,9.99999993e-08,,
"SPI","result",15.3915979,3.9e-06,0b00001010,0b00000000
"SPI","disable",15.3916021,9.99999993e-08,,
"SPI","enable",15.391605,9.99999993e-08,,
"SPI","result",15.3916059,3.9e-06,0b00001110,0b00000000
"SPI","disable",15.3916101,1.00000001e-07,,
"SPI","enable",15.3916119,1.00000001e-07,,
"SPI","result",15.3916142,3.9e-06,0b00000000,0b00000000
"SPI","result",15.3916189,3.9e-06,0b00000101,0b00000000
"SPI","result",15.391629,3.9e-06,0b00000100,0b00000000
"SPI","result",15.3916337,3.9e-06,0b00000011,0b00000000
"SPI","result",15.3916445,3.9e-06,0b00000010,0b00000000
"SPI","result",15.3916492,3.9e-06,0b00000000,0b00000000
"SPI","result",15.39166,4e-06,0b00000010,0b00000000
"SPI","result",15.3916647,3.9e-06,0b00000010,0b00000000
"SPI","result",15.3916756,3.9e-06,0b00000110,0b00000000
"SPI","result",15.3916802,3.9e-06,0b00000100,0b00000000
"SPI","result",15.3916911,3.9e-06,0b00000010,0b00000000
"SPI","result",15.3916957,3.9e-06,0b00000001,0b00000000
"SPI","result",15.3917066,3.9e-06,0b00000011,0b00000000
"SPI","result",15.3917112,4e-06,0b00000100,0b00000000
"SPI","result",15.3917221,3.9e-06,0b00000010,0b00000000
"SPI","result",15.3917268,3.9e-06,0b00000001,0b00000000
"SPI","result",15.3917376,3.9e-06,0b00000001,0b00000000
"SPI","result",15.3917423,3.9e-06,0b00000100,0b00000000
"SPI","result",15.3917531,3.9e-06,0b00000010,0b00000000
"SPI","result",15.3917578,3.9e-06,0b00001100,0b00000000
"SPI","result",15.3917686,4e-06,0b00000001,0b00000000
"SPI","result",15.3917733,3.9e-06,0b00000100,0b00000000
"SPI","result",15.3917842,3.9e-06,0b00000010,0b00000000
"SPI","result",15.3917888,3.9e-06,0b00001100,0b00000000
"SPI","result",15.3917997,3.9e-06,0b00000001,0b00000000
"SPI","result",15.3918043,3.9e-06,0b00000100,0b00000000
"SPI","result",15.3918152,3.9e-06,0b00000010,0b00000000
"SPI","result",15.3918199,3.9e-06,0b00001100,0b00000000
"SPI","result",15.3918307,3.9e-06,0b00000001,0b00000000
"SPI","result",15.3918353,4e-06,0b00000100,0b00000000
"SPI","result",15.3918462,3.9e-06,0b00000010,0b00000000
"SPI","result",15.3918509,3.9e-06,0b00000001,0b00000000
"SPI","result",15.3918617,3.9e-06,0b00000000,0b00000000
"SPI","result",15.3918664,3.9e-06,0b00000000,0b00000000
"SPI","disable",15.3918745,9.99999993e-08,,
"SPI","enable",15.3918767,1.00000001e-07,,
"SPI","result",15.3918776,3.9e-06,0b00001101,0b00000000
"SPI","disable",15.3918818,9.99999993e-08,,
"SPI","enable",15.6021145,9.99999993e-08,,
"SPI","result",15.6021155,3.9e-06,0b00001010,0b00000000
"SPI","disable",15.6021197,1.00000001e-07,,
"SPI","enable",15.6021226,1.00000001e-07,,
"SPI","result",15.6021248,3.9e-06,0b00000010,0b00000000
"SPI","result",15.6021295,3.9e-06,0b00001000,0b00000000
"SPI","result",15.6021373,3.9e-06,0b00000001,0b00000000
"SPI","result",15.602142,3.9e-06,0b00001111,0b00000000
"SPI","disable",15.6021472,1.00000001e-07,,
"SPI","enable",15.6021495,1.00000001e-07,,
"SPI","result",15.6021517,3.9e-06,0b00000000,0b00000000
"SPI","result",15.6021564,3.9e-06,0b00001110,0b00000000
"SPI","result",15.6021642,3.9e-06,0b00000000,0b00000000
"SPI","result",15.6021688,4e-06,0b00000001,0b00000000
"SPI","disable",15.6021741,1.00000001e-07,,
"SPI","enable",15.6021764,1.00000001e-07,,
"SPI","result",15.6021786,3.9e-06,0b00000000,0b00000000
"SPI","result",15.6021833,3.9e-06,0b00000001,0b00000000
"SPI","result",15.6021911,3.9e-06,0b00000110,0b00000000
"SPI","result",15.6021957,4e-06,0b00000010,0b00000000
"SPI","disable",15.602201,9.99999993e-08,,
"SPI","enable",15.6022033,1.00000001e-07,,
"SPI","result",15.6022055,3.9e-06,0b00000001,0b00000000
"SPI","result",15.6022102,3.9e-06,0b00001111,0b00000000
"SPI","result",15.602218,3.9e-06,0b00000000,0b00000000
"SPI","result",15.6022227,3.9e-06,0b00001111,0b00000000
"SPI","disable",15.6022279,9.99999993e-08,,
"SPI","enable",15.6022317,9.99999993e-08,,
"SPI","result",15.6022339,4e-06,0b00000000,0b00000000
"SPI","result",15.6022386,3.9e-06,0b00001111,0b00000000
"SPI","result",15.6022464,3.9e-06,0b00000000,0b00000000
"SPI","result",15.6022511,3.9e-06,0b00000100,0b00000000
"SPI","disable",15.6022563,9.99999993e-08,,
"SPI","enable",15.6022586,9.99999993e-08,,
"SPI","result",15.6022608,4e-06,0b00000000,0b00000000
"SPI","result",15.6022655,3.9e-06,0b00001011,0b00000000
"SPI","result",15.6022733,3.9e-06,0b00000000,0b00000000
"SPI","result",15.602278,3.9e-06,0b00000001,0b00000000
"SPI","disable",15.6022833,9.99999993e-08,,
"SPI","enable",15.6022855,9.99999993e-08,,
"SPI","result",15.6022877,4e-06,0b00000000,0b00000000
"SPI","result",15.6022924,3.9e-06,0b00000011,0b00000000
"SPI","result",15.6023002,3.9e-06,0b00000000,0b00000000
"SPI","result",15.6023049,3.9e-06,0b00001111,0b00000000
"SPI","disable",15.6023102,9.99999993e-08,,
"SPI","enable",15.6025185,9.99999993e-08,,
"SPI","result",15.6025194,4e-06,0b00001010,0b00000000
"SPI","disable",15.6025236,1.00000001e-07,,
"SPI","enable",15.6025265,9.99999993e-08,,
"SPI","result",15.6025274,3.9e-06,0b00001110,0b00000000
"SPI","disable",15.6025316,9.99999993e-08,,
"SPI","enable",15.6025334,9.99999993e-08,,
"SPI","result",15.6025358,3.9e-06,0b00000000,0b00000000
"SPI","result",15.6025404,3.9e-06,0b00000101,0b00000000
"SPI","result",15.6025506,3.9e-06,0b00000100,0b00000000
"SPI","result",15.6025552,3.9e-06,0b00000011,0b00000000
"SPI","result",15.6025661,3.9e-06,0b00000010,0b00000000
"SPI","result",15.6025707,4e-06,0b00000000,0b00000000
"SPI","result",15.6025816,3.9e-06,0b00000010,0b00000000
"SPI","result",15.6025862,4e-06,0b00000011,0b00000000
"SPI","result",15.6025971,3.9e-06,0b00000110,0b00000000
"SPI","result",15.6026018,3.9e-06,0b00000100,0b00000000
"SPI","result",15.6026126,3.9e-06,0b00000010,0b00000000
"SPI","result",15.6026173,3.9e-06,0b00000001,0b00000000
"SPI","result",15.6026281,3.9e-06,0b00000011,0b00000000
"SPI","result",15.6026328,3.9e-06,0b00000100,0b00000000
"SPI","result",15.6026436,4e-06,0b00000010,0b00000000
"SPI","result",15.6026483,3.9e-06,0b00000001,0b00000000
"SPI","result",15.6026591,4e-06,0b00000001,0b00000000
"SPI","result",15.6026638,3.9e-06,0b00000100,0b00000000
"SPI","result",15.6026747,3.9e-06,0b00000010,0b00000000
"SPI","result",15.6026794,3.8e-06,0b00001100,0b00000000
"SPI","result",15.6026902,3.9e-06,0b00000001,0b00000000
"SPI","result",15.6026948,4e-06,0b00000100,0b00000000
"SPI","result",15.6027057,3.9e-06,0b00000010,0b00000000
"SPI","result",15.6027104,3.9e-06,0b00001100,0b00000000
"SPI","result",15.6027212,3.9e-06,0b00000001,0b00000000
"SPI","result",15.6027259,3.9e-06,0b00000100,0b00000000
"SPI","result",15.6027367,3.9e-06,0b00000010,0b00000000
"SPI","result",15.6027414,3.9e-06,0b00001100,0b00000000
"SPI","result",15.6027522,4e-06,0b00000001,0b00000000
"SPI","result",15.6027569,3.9e-06,0b00000100,0b00000000
"SPI","result",15.6027678,3.9e-06,0b00000010,0b00000000
"SPI","result",15.6027724,3.9e-06,0b00000001,0b00000000
"SPI","result",15.6027833,3.9e-06,0b00000000,0b00000000
"SPI","result",15.6027879,3.9e-06,0b00000000,0b00000000
"SPI","disable",15.602796,1.00000001e-07,,
"SPI","enable",15.6027982,9.99999993e-08,,
"SPI","result",15.6027992,3.8e-06,0b00001101,0b00000000
"SPI","disable",15.6028034,9.99999993e-08,,
"SPI","enable",15.711713,1.00000001e-07,,
"SPI","result",15.711714,3.9e-06,0b00001010,0b00000000
"SPI","disable",15.7117182,9.99999993e-08,,
"SPI","enable",15.7117211,9.99999993e-08,,
"SPI","result",15.7117233,3.9e-06,0b00000010,0b00000000
"SPI","result",15.711728,3.9e-06,0b00001000,0b00000000
"SPI","result",15.7117358,3.9e-06,0b00000001,0b00000000
"SPI","result",15.7117404,3.9e-06,0b00001111,0b00000000
"SPI","disable",15.7117457,9.99999993e-08,,
"SPI","enable",15.711748,9.99999993e-08,,
"SPI","result",15.7117502,3.9e-06,0b00000000,0b00000000
"SPI","result",15.7117549,3.9e-06,0b00001110,0b00000000
"SPI","result",15.7117626,4e-06,0b00000000,0b00000000
"SPI","result",15.7117673,3.9e-06,0b00000001,0b00000000
"SPI","disable",15.7117726,9.99999993e-08,,
"SPI","enable",15.7117749,9.99999993e-08,,
"SPI","result",15.7117771,3.9e-06,0b00000000,0b00000000
"SPI","result",15.7117817,4e-06,0b00000001,0b00000000
"SPI","result",15.7117895,4e-06,0b00000110,0b00000000
"SPI","result",15.7117942,3.9e-06,0b00000010,0b00000000
"SPI","disable",15.7117995,1.00000001e-07,,
"SPI","enable",15.7118018,9.99999993e-08,,
"SPI","result",15.711804,3.9e-06,0b00000001,0b00000000
"SPI","result",15.7118087,3.9e-06,0b00001111,0b00000000
"SPI","result",15.7118164,4e-06,0b00000000,0b00000000
"SPI","result",15.7118211,3.9e-06,0b00001111,0b00000000
"SPI","disable",15.7118264,1.00000001e-07,,
"SPI","enable",15.7118302,1.00000001e-07,,
"SPI","result",15.7118324,3.9e-06,0b00000000,0b00000000
"SPI","result",15.7118371,3.9e-06,0b00001111,0b00000000
"SPI","result",15.7118449,3.9e-06,0b00000000,0b00000000
"SPI","result",15.7118495,3.9e-06,0b00000100,0b00000000
"SPI","disable",15.7118548,1.00000001e-07,,
"SPI","enable",15.7118571,1.00000001e-07,,
"SPI","result",15.7118593,3.9e-06,0b00000000,0b00000000
"SPI","result",15.711864,3.9e-06,0b00001011,0b00000000
"SPI","result",15.7118718,3.9e-06,0b00000000,0b00000000
"SPI","result",15.7118764,3.9e-06,0b00000001,0b00000000
"SPI","disable",15.7118817,1.00000001e-07,,
"SPI","enable",15.711884,1.00000001e-07,,
"SPI","result",15.7118862,3.9e-06,0b00000000,0b00000000
"SPI","result",15.7118909,3.9e-06,0b00000011,0b00000000
"SPI","result",15.7118987,3.9e-06,0b00000000,0b00000000
"SPI","result",15.7119034,3.8e-06,0b00001111,0b00000000
"SPI","disable",15.7119086,1.00000001e-07,,
"SPI","enable",15.712117,1.00000001e-07,,
"SPI","result",15.7121179,3.9e-06,0b00001010,0b00000000
"SPI","disable",15.7121221,9.99999993e-08,,
"SPI","enable",15.712125,9.99999993e-08,,
"SPI","result",15.7121259,3.9e-06,0b00001110,0b00000000
"SPI","disable",15.7121301,1.00000001e-07,,
"SPI","enable",15.7121319,1.00000001e-07,,
"SPI","result",15.7121342,4e-06,0b00000000,0b00000000
"SPI","result",15.7121389,3.9e-06,0b00000101,0b00000000
"SPI","result",15.712149,4e-06,0b00000100,0b00000000
"SPI","result",15.7121537,3.9e-06,0b00000011,0b00000000
"SPI","result",15.7121645,4e-06,0b00000010,0b00000000
"SPI","result",15.7121692,3.9e-06,0b00000000,0b00000000
"SPI","result",15.7121801,3.9e-06,0b00000010,0b00000000
"SPI","result",15.7121847,3.9e-06,0b00000011,0b00000000
"SPI","result",15.7121956,3.9e-06,0b00000110,0b00000000
"SPI","result",15.7122002,4e-06,0b00000100,0b00000000
"SPI","result",15.7122111,3.9e-06,0b00000010,0b00000000
"SPI","result",15.7122158,3.9e-06,0b00000001,0b00000000
"SPI","result",15.7122266,3.9e-06,0b00000011,0b00000000
"SPI","result",15.7122313,3.9e-06,0b00000100,0b00000000
"SPI","result",15.7122421,3.9e-06,0b00000010,0b00000000
"SPI","result",15.7122468,3.9e-06,0b00000001,0b00000000
"SPI","result",15.7122576,4e-06,0b00000001,0b00000000
"SPI","result",15.7122623,3.9e-06,0b00000100,0b00000000
"SPI","result",15.7122732,3.9e-06,0b00000010,0b00000000
"SPI","result",15.7122778,3.9e-06,0b00001100,0b00000000
"SPI","result",15.7122887,3.9e-06,0b00000001,0b00000000
"SPI","result",15.7122933,3.9e-06,0b00000100,0b00000000
"SPI","result",15.7123042,3.9e-06,0b00000010,0b00000000
"SPI","result",15.7123089,3.9e-06,0b00001100,0b00000000
"SPI","result",15.7123197,3.9e-06,0b00000001,0b00000000
"SPI","result",15.7123244,3.9e-06,0b00000100,0b00000000
"SPI","result",15.7123352,3.9e-06,0b00000010,0b00000000
"SPI","result",15.7123399,3.9e-06,0b00001100,0b00000000
"SPI","result",15.7123507,3.9e-06,0b00000001,0b00000000
"SPI","result",15.7123554,3.9e-06,0b00000100,0b00000000
"SPI","result",15.7123662,4e-06,0b00000010,0b00000000
"SPI","result",15.7123709,3.9e-06,0b00000001,0b00000000
"SPI","result",15.7123817,4e-06,0b00000000,0b00000000
"SPI","result",15.7123864,3.9e-06,0b00000000,0b00000000
"SPI","disable",15.7123945,9.99999993e-08,,
"SPI","enable",15.7123967,1.00000001e-07,,
"SPI","result",15.7123977,3.8e-06,0b00001101,0b00000000
"SPI","disable",15.7124019,1.00000001e-07,,
"SPI","enable",15.9218146,1.00000001e-07,,
"SPI","result",15.9218156,3.9e-06,0b00001010,0b00000000
"SPI","disable",15.9218197,9.99999993e-08,,
"SPI","enable",15.9218227,9.99999993e-08,,
"SPI","result",15.9218249,3.9e-06,0b00000010,0b00000000
"SPI","result",15.9218296,3.9e-06,0b00001000,0b00000000
"SPI","result",15.9218373,4e-06,0b00000001,0b00000000
"SPI","result",15.921842,3.9e-06,0b00001111,0b00000000
"SPI","disable",15.9218473,1.00000001e-07,,
"SPI","enable",15.9218496,9.99999993e-08,,
"SPI","result",15.9218518,3.9e-06,0b00000000,0b00000000
"SPI","result",15.9218565,3.9e-06,0b00001110,0b00000000
"SPI","result",15.9218642,4e-06,0b00000000,0b00000000
"SPI","result",15.9218689,3.9e-06,0b00000001,0b00000000
"SPI","disable",15.9218742,1.00000001e-07,,
"SPI","enable",15.9218765,9.99999993e-08,,
"SPI","result",15.9218787,3.9e-06,0b00000000,0b00000000
"SPI","result",15.9218833,4e-06,0b00000001,0b00000000
"SPI","result",15.9218911,4e-06,0b00000110,0b00000000
"SPI","result",15.9218958,3.9e-06,0b00000010,0b00000000
"SPI","disable",15.9219011,1.00000001e-07,,
"SPI","enable",15.9219034,1.00000001e-07,,
"SPI","result",15.9219056,3.9e-06,0b00000001,0b00000000
"SPI","result",15.9219103,3.9e-06,0b00001111,0b00000000
"SPI","result",15.921918,4e-06,0b00000000,0b00000000
"SPI","result",15.9219228,3.8e-06,0b00001111,0b00000000
"SPI","disable",15.921928,1.00000001e-07,,
"SPI","enable",15.9219318,1.00000001e-07,,
"SPI","result",15.921934,3.9e-06,0b00000000,0b00000000
"SPI","result",15.9219387,3.9e-06,0b00001111,0b00000000
"SPI","result",15.9219465,3.9e-06,0b00000000,0b00000000
"SPI","result",15.9219511,4e-06,0b00000100,0b00000000
"SPI","disable",15.9219564,1.00000001e-07,,
"SPI","enable",15.9219587,1.00000001e-07,,
"SPI","result",15.9219609,3.9e-06,0b00000000,0b00000000
"SPI","result",15.9219656,3.9e-06,0b00001011,0b00000000
"SPI","result",15.9219734,3.9e-06,0b00000000,0b00000000
"SPI","result",15.921978,4e-06,0b00000001,0b00000000
"SPI","disable",15.9219833,9.99999993e-08,,
"SPI","enable",15.9219856,1.00000001e-07,,
"SPI","result",15.9219878,3.9e-06,0b00000000,0b00000000
"SPI","result",15.9219925,3.9e-06,0b00000011,0b00000000
"SPI","result",15.9220003,3.9e-06,0b00000000,0b00000000
"SPI","result",15.922005,3.9e-06,0b00001111,0b00000000
"SPI","disable",15.9220102,9.99999993e-08,,
"SPI","enable",15.9222182,1.00000001e-07,,
"SPI","result",15.9222192,3.9e-06,0b00001010,0b00000000
"SPI","disable",15.9222234,9.99999993e-08,,
"SPI","enable",15.9222262,9.99999993e-08,,
"SPI","result",15.9222272,3.9e-06,0b00001110,0b00000000
"SPI","disable",15.9222313,9.99999993e-08,,
"SPI","enable",15.9222331,1.00000001e-07,,
"SPI","result",15.9222355,3.9e-06,0b00000000,0b00000000
"SPI","result",15.9222402,3.9e-06,0b00000101,0b00000000
"SPI","result",15.9222503,3.9e-06,0b00000100,0b00000000
"SPI","result",15.9222549,4e-06,0b00000011,0b00000000
"SPI","result",15.9222658,3.9e-06,0b00000010,0b00000000
"SPI","result",15.9222705,3.9e-06,0b00000000,0b00000000
"SPI","result",15.9222813,3.9e-06,0b00000010,0b00000000
"SPI","result",15.922286,3.9e-06,0b00000100,0b00000000
"SPI","result",15.9222968,3.9e-06,0b00000110,0b00000000
"SPI","result",15.9223015,3.9e-06,0b00000100,0b00000000
"SPI","result",15.9223123,4e-06,0b00000010,0b00000000
"SPI","result",15.922317,3.9e-06,0b00000001,0b00000000
"SPI","result",15.9223279,3.9e-06,0b00000011,0b00000000
"SPI","result",15.9223325,3.9e-06,0b00000100,0b00000000
"SPI","result",15.9223434,3.9e-06,0b00000010,0b00000000
"SPI","result",15.922348,3.9e-06,0b00000001,0b00000000
"SPI","result",15.9223589,3.9e-06,0b00000001,0b00000000
"SPI","result",15.9223635,4e-06,0b00000100,0b00000000
"SPI","result",15.9223744,3.9e-06,0b00000010,0b00000000
"SPI","result",15.9223791,3.9e-06,0b00001100,0b00000000
"SPI","result",15.9223899,3.9e-06,0b00000001,0b00000000
"SPI","result",15.9223946,3.9e-06,0b00000100,0b00000000
"SPI","result",15.9224054,3.9e-06,0b00000010,0b00000000
"SPI","result",15.9224101,3.9e-06,0b00001100,0b00000000
"SPI","result",15.9224209,4e-06,0b00000001,0b00000000
"SPI","result",15.9224256,3.9e-06,0b00000100,0b00000000
"SPI","result",15.9224365,3.9e-06,0b00000010,0b00000000
"SPI","result",15.9224411,3.9e-06,0b00001100,0b00000000
"SPI","result",15.922452,3.9e-06,0b00000001,0b00000000
"SPI","result",15.9224566,3.9e-06,0b00000100,0b00000000
"SPI","result",15.9224675,3.9e-06,0b00000010,0b00000000
"SPI","result",15.9224721,4e-06,0b00000001,0b00000000
"SPI","result",15.922483,3.9e-06,0b00000000,0b00000000
"SPI","result",15.9224877,3.9e-06,0b00000000,0b00000000
"SPI","disable",15.9224957,9.99999993e-08,,
"SPI","enable",15.9224979,9.99999993e-08,,
"SPI","result",15.9224989,3.9e-06,0b00001101,0b00000000
"SPI","disable",15.9225031,9.99999993e-08,,
"SPI","enable",16.0316999,1.00000001e-07,,
"SPI","result",16.0317009,3.9e-06,0b00001010,0b00000000
"SPI","disable",16.0317051,1.00000001e-07,,
"SPI","enable",16.031708,1.00000001e-07,,
"SPI","result",16.0317102,3.9e-06,0b00000010,0b00000000
"SPI","result",16.0317149,3.9e-06,0b00001000,0b00000000
"SPI","result",16.0317227,3.9e-06,0b00000001,0b00000000
"SPI","result",16.0317274,3.8e-06,0b00001111,0b00000000
"SPI","disable",16.0317326,9.99999975e-08,,
"SPI","enable",16.0317349,1.00000001e-07,,
"SPI","result",16.0317371,3.9e-06,0b00000000,0b00000000
"SPI","result",16.0317418,3.9e-06,0b00001110,0b00000000
"SPI","result",16.0317496,3.9e-06,0b00000000,0b00000000
"SPI","result",16.0317542,3.9e-06,0b00000001,0b00000000
"SPI","disable",16.0317595,1.00000001e-07,,
"SPI","enable",16.0317618,9.99999975e-08,,
"SPI","result",16.031764,3.9e-06,0b00000000,0b00000000
"SPI","result",16.0317687,3.9e-06,0b00000001,0b00000000
"SPI","result",16.0317765,3.9e-06,0b00000110,0b00000000
"SPI","result",16.0317811,3.9e-06,0b00000010,0b00000000
"SPI","disable",16.0317864,9.99999975e-08,,
"SPI","enable",16.0317887,1.00000001e-07,,
"SPI","result",16.0317909,3.9e-06,0b00000001,0b00000000
"SPI","result",16.0317956,3.9e-06,0b00001111,0b00000000
"SPI","result",16.0318034,3.9e-06,0b00000000,0b00000000
"SPI","result",16.0318081,3.8e-06,0b00001111,0b00000000
"SPI","disable",16.0318133,1.00000001e-07,,
"SPI","enable",16.0318171,9.99999975e-08,,
"SPI","result",16.0318193,3.9e-06,0b00000000,0b00000000
"SPI","result",16.031824,3.9e-06,0b00001111,0b00000000
"SPI","result",16.0318318,3.9e-06,0b00000000,0b00000000
"SPI","result",16.0318364,4e-06,0b00000100,0b00000000
"SPI","disable",16.0318417,9.99999975e-08,,
"SPI","enable",16.031844,1.00000001e-07,,
"SPI","result",16.0318462,3.9e-06,0b00000000,0b00000000
"SPI","result",16.0318509,3.9e-06,0b00001011,0b00000000
"SPI","result",16.0318587,3.9e-06,0b00000000,0b00000000
"SPI","result",16.0318633,4e-06,0b00000001,0b00000000
"SPI","disable",16.0318686,1.00000001e-07,,
"SPI","enable",16.0318709,9.99999975e-08,,
"SPI","result",16.0318731,3.9e-06,0b00000000,0b00000000
"SPI","result",16.0318778,3.9e-06,0b00000011,0b00000000
"SPI","result",16.0318856,3.9e-06,0b00000000,0b00000000
"SPI","result",16.0318903,3.9e-06,0b00001111,0b00000000
"SPI","disable",16.0318955,9.99999975e-08,,
"SPI","enable",16.0321035,9.99999975e-08,,
"SPI","result",16.0321044,4e-06,0b00001010,0b00000000
"SPI","disable",16.0321086,9.99999975e-08,,
"SPI","enable",16.0321115,1.00000001e-07,,
"SPI","result",16.0321124,3.9e-06,0b00001110,0b00000000
"SPI","disable",16.0321166,1.00000001e-07,,
"SPI","enable",16.0321184,9.99999975e-08,,
"SPI","result",16.0321208,3.9e-06,0b00000000,0b00000000
"SPI","result",16.0321254,3.9e-06,0b00000101,0b00000000
"SPI","result",16.0321355,4e-06,0b00000100,0b00000000
"SPI","result",16.0321402,3.9e-06,0b00000011,0b00000000
"SPI","result",16.0321511,3.9e-06,0b00000010,0b00000000
"SPI","result",16.0321557,3.9e-06,0b00000000,0b00000000
"SPI","result",16.0321666,3.9e-06,0b00000010,0b00000000
"SPI","result",16.0321712,4e-06,0b00000100,0b00000000
"SPI","result",16.0321821,3.9e-06,0b00000110,0b00000000
"SPI","result",16.0321867,4e-06,0b00000100,0b00000000
"SPI","result",16.0321976,3.9e-06,0b00000010,0b00000000
"SPI","result",16.0322023,3.9e-06,0b00000001,0b00000000
"SPI","result",16.0322131,3.9e-06,0b00000011,0b00000000
"SPI","result",16.0322178,3.9e-06,0b00000100,0b00000000
"SPI","result",16.0322286,3.9e-06,0b00000010,0b00000000
"SPI","result",16.0322333,3.9e-06,0b00000001,0b00000000
"SPI","result",16.0322441,3.9e-06,0b00000001,0b00000000
"SPI","result",16.0322488,3.9e-06,0b00000100,0b00000000
"SPI","result",16.0322597,3.9e-06,0b00000010,0b00000000
"SPI","result",16.0322643,3.9e-06,0b00001100,0b00000000
"SPI","result",16.0322752,3.9e-06,0b00000001,0b00000000
"SPI","result",16.0322798,3.9e-06,0b00000100,0b00000000
"SPI","result",16.0322907,3.9e-06,0b00000010,0b00000000
"SPI","result",16.0322954,3.8e-06,0b00001100,0b00000000
"SPI","result",16.0323062,3.9e-06,0b00000001,0b00000000
"SPI","result",16.0323108,4e-06,0b00000100,0b00000000
"SPI","result",16.0323217,3.9e-06,0b00000010,0b00000000
"SPI","result",16.0323264,3.9e-06,0b00001100,0b00000000
"SPI","result",16.0323372,3.9e-06,0b00000001,0b00000000
"SPI","result",16.0323419,3.9e-06,0b00000100,0b00000000
"SPI","result",16.0323527,3.9e-06,0b00000010,0b00000000
"SPI","result",16.0323574,3.9e-06,0b00000001,0b00000000
"SPI","result",16.0323682,3.9e-06,0b00000000,0b00000000
"SPI","result",16.0323729,3.9e-06,0b00000000,0b00000000
"SPI","disable",16.032381,9.99999975e-08,,
"SPI","enable",16.0323832,9.99999975e-08,,
"SPI","result",16.0323841,3.9e-06,0b00001101,0b00000000
"SPI","disable",16.0323883,9.99999975e-08,,
"SPI","enable",17.1059795,1.00000001e-07,,
"SPI","result",17.1059804,3.9e-06,0b00001010,0b00000000
"SPI","disable",17.1059846,1.00000001e-07,,
"SPI","enable",17.1059875,9.99999975e-08,,
"SPI","result",17.1059897,3.9e-06,0b00000010,0b00000000
"SPI","result",17.1059944,3.9e-06,0b00001000,0b00000000
"SPI","result",17.1060022,3.9e-06,0b00000001,0b00000000
"SPI","result",17.1060069,3.9e-06,0b00001111,0b00000000
"SPI","disable",17.1060121,9.99999975e-08,,
"SPI","enable",17.1060144,1.00000001e-07,,
"SPI","result",17.1060166,3.9e-06,0b00000000,0b00000000
"SPI","result",17.1060213,3.9e-06,0b00001110,0b00000000
"SPI","result",17.1060291,3.9e-06,0b00000000,0b00000000
"SPI","result",17.1060338,3.9e-06,0b00000001,0b00000000
"SPI","disable",17.1060391,1.00000001e-07,,
"SPI","enable",17.1060413,9.99999975e-08,,
"SPI","result",17.1060435,3.9e-06,0b00000000,0b00000000
"SPI","result",17.1060482,3.9e-06,0b00000001,0b00000000
"SPI","result",17.106056,3.9e-06,0b00000110,0b00000000
"SPI","result",17.1060606,4e-06,0b00000010,0b00000000
"SPI","disable",17.1060659,9.99999975e-08,,
"SPI","enable",17.1060682,1.00000001e-07,,
"SPI","result",17.1060704,3.9e-06,0b00000001,0b00000000
"SPI","result",17.1060751,3.9e-06,0b00001111,0b00000000
"SPI","result",17.1060829,3.9e-06,0b00000000,0b00000000
"SPI","result",17.1060876,3.9e-06,0b00001111,0b00000000
"SPI","disable",17.1060929,1.00000001e-07,,
"SPI","enable",17.1060967,1.00000001e-07,,
"SPI","result",17.1060988,3.99999999e-06,0b00000000,0b00000000
"SPI","result",17.1061035,3.9e-06,0b00001111,0b00000000
"SPI","result",17.1061113,3.9e-06,0b00000000,0b00000000
"SPI","result",17.106116,3.9e-06,0b00000100,0b00000000
"SPI","disable",17.1061213,9.99999975e-08,,
"SPI","enable",17.1061236,1.00000001e-07,,
"SPI","result",17.1061258,3.9e-06,0b00000000,0b00000000
"SPI","result",17.1061305,3.8e-06,0b00001011,0b00000000
"SPI","result",17.1061382,3.9e-06,0b00000000,0b00000000
"SPI","result",17.1061429,3.9e-06,0b00000001,0b00000000
"SPI","disable",17.1061482,1.00000001e-07,,
"SPI","enable",17.1061505,1.00000001e-07,,
"SPI","result",17.1061526,4e-06,0b00000000,0b00000000
"SPI","result",17.1061573,3.9e-06,0b00000011,0b00000000
"SPI","result",17.1061651,3.9e-06,0b00000000,0b00000000
"SPI","result",17.1061698,3.9e-06,0b00001111,0b00000000
"SPI","disable",17.1061751,9.99999975e-08,,
"SPI","enable",17.1063834,1.00000001e-07,,
"SPI","result",17.1063843,4e-06,0b00001010,0b00000000
"SPI","disable",17.1063885,9.99999975e-08,,
"SPI","enable",17.1063914,1.00000001e-07,,
"SPI","result",17.1063924,3.8e-06,0b00001110,0b00000000
"SPI","disable",17.1063965,1.00000001e-07,,
"SPI","enable",17.1063983,1.00000001e-07,,
"SPI","result",17.1064007,3.9e-06,0b00000000,0b00000000
"SPI","result",17.1064053,3.9e-06,0b00000101,0b00000000
"SPI","result",17.1064155,3.9e-06,0b00000100,0b00000000
"SPI","result",17.1064201,3.9e-06,0b00000011,0b00000000
"SPI","result",17.106431,3.9e-06,0b00000010,0b00000000
"SPI","result",17.1064356,4e-06,0b00000000,0b00000000
"SPI","result",17.1064465,3.9e-06,0b00000010,0b00000000
"SPI","result",17.1064511,4e-06,0b00000011,0b00000000
"SPI","result",17.106462,3.9e-06,0b00000110,0b00000000
"SPI","result",17.1064667,3.9e-06,0b00000100,0b00000000
"SPI","result",17.1064775,3.9e-06,0b00000010,0b00000000
"SPI","result",17.1064822,3.9e-06,0b00000001,0b00000000
"SPI","result",17.106493,3.9e-06,0b00000011,0b00000000
"SPI","result",17.1064977,3.9e-06,0b00000100,0b00000000
"SPI","result",17.1065085,4e-06,0b00000010,0b00000000
"SPI","result",17.1065132,3.9e-06,0b00000001,0b00000000
"SPI","result",17.106524,4e-06,0b00000001,0b00000000
"SPI","result",17.1065287,3.9e-06,0b00000100,0b00000000
"SPI","result",17.1065396,3.9e-06,0b00000010,0b00000000
"SPI","result",17.1065443,3.8e-06,0b00001100,0b00000000
"SPI","result",17.1065551,3.9e-06,0b00000001,0b00000000
"SPI","result",17.1065597,4e-06,0b00000100,0b00000000
"SPI","result",17.1065706,3.9e-06,0b00000010,0b00000000
"SPI","result",17.1065753,3.9e-06,0b00001100,0b00000000
"SPI","result",17.1065861,3.9e-06,0b00000001,0b00000000
"SPI","result",17.1065908,3.9e-06,0b00000100,0b00000000
"SPI","result",17.1066016,3.9e-06,0b00000010,0b00000000
"SPI","result",17.1066063,3.9e-06,0b00001100,0b00000000
"SPI","result",17.1066171,3.9e-06,0b00000001,0b00000000
"SPI","result",17.1066218,3.9e-06,0b00000100,0b00000000
"SPI","result",17.1066326,4e-06,0b00000010,0b00000000
"SPI","result",17.1066373,3.9e-06,0b00000001,0b00000000
"SPI","result",17.1066482,3.9e-06,0b00000000,0b00000000
"SPI","result",17.1066528,3.9e-06,0b00000000,0b00000000
"SPI","disable",17.1066609,9.99999975e-08,,
"SPI","enable",17.1066631,1.00000001e-07,,
"SPI","result",17.1066641,3.8e-06,0b00001101,0b00000000
"SPI","disable",17.1066682,9.99999975e-08,,
"SPI","enable",17.2519781,1.00000001e-07,,
"SPI","result",17.251979,4e-06,0b00001010,0b00000000
"SPI","disable",17.2519832,9.99999975e-08,,
"SPI","enable",17.2519862,9.99999975e-08,,
"SPI","result",17.2519884,3.9e-06,0b00000010,0b00000000
"SPI","result",17.2519931,3.8e-06,0b00001000,0b00000000
"SPI","result",17.2520008,3.9e-06,0b00000001,0b00000000
"SPI","result",17.2520055,3.9e-06,0b00001111,0b00000000
"SPI","disable",17.2520108,9.99999975e-08,,
"SPI","enable",17.2520131,1.00000001e-07,,
"SPI","result",17.2520152,4e-06,0b00000000,0b00000000
"SPI","result",17.25202,3.8e-06,0b00001110,0b00000000
"SPI","result",17.2520277,3.9e-06,0b00000000,0b00000000
"SPI","result",17.2520324,3.9e-06,0b00000001,0b00000000
"SPI","disable",17.2520377,1.00000005e-07,,
"SPI","enable",17.25204,9.99999975e-08,,
"SPI","result",17.2520421,4e-06,0b00000000,0b00000000
"SPI","result",17.2520468,3.9e-06,0b00000001,0b00000000
"SPI","result",17.2520546,3.9e-06,0b00000110,0b00000000
"SPI","result",17.2520593,3.9e-06,0b00000010,0b00000000
"SPI","disable",17.2520646,9.99999975e-08,,
"SPI","enable",17.2520669,1.00000001e-07,,
"SPI","result",17.2520691,3.9e-06,0b00000001,0b00000000
"SPI","result",17.2520737,3.9e-06,0b00001111,0b00000000
"SPI","result",17.2520815,3.9e-06,0b00000000,0b00000000
"SPI","result",17.2520862,3.9e-06,0b00001111,0b00000000
"SPI","disable",17.2520915,1.00000001e-07,,
"SPI","enable",17.2520953,1.00000001e-07,,
"SPI","result",17.2520975,3.9e-06,0b00000000,0b00000000
"SPI","result",17.2521022,3.9e-06,0b00001111,0b00000000
"SPI","result",17.2521099,4e-06,0b00000000,0b00000000
"SPI","result",17.2521146,3.9e-06,0b00000100,0b00000000
"SPI","disable",17.2521199,1.00000001e-07,,
"SPI","enable",17.2521222,1.00000001e-07,,
"SPI","result",17.2521244,3.9e-06,0b00000000,0b00000000
"SPI","result",17.2521291,3.9e-06,0b00001011,0b00000000
"SPI","result",17.2521368,4e-06,0b00000000,0b00000000
"SPI","result",17.2521415,3.9e-06,0b00000001,0b00000000
"SPI","disable",17.2521468,1.00000001e-07,,
"SPI","enable",17.2521491,1.00000001e-07,,
"SPI","result",17.2521513,3.9e-06,0b00000000,0b00000000
"SPI","result",17.2521559,4e-06,0b00000011,0b00000000
"SPI","result",17.2521637,4e-06,0b00000000,0b00000000
"SPI","result",17.2521684,3.9e-06,0b00001111,0b00000000
"SPI","disable",17.2521737,1.00000001e-07,,
"SPI","enable",17.252382,9.99999975e-08,,
"SPI","result",17.252383,3.9e-06,0b00001010,0b00000000
"SPI","disable",17.2523871,1.00000001e-07,,
"SPI","enable",17.25239,1.00000001e-07,,
"SPI","result",17.252391,3.8e-06,0b00001110,0b00000000
"SPI","disable",17.2523951,9.99999975e-08,,
"SPI","enable",17.2523969,9.99999975e-08,,
"SPI","result",17.2523993,3.9e-06,0b00000000,0b00000000
"SPI","result",17.2524039,3.9e-06,0b00000101,0b00000000
"SPI","result",17.2524141,3.9e-06,0b00000100,0b00000000
"SPI","result",17.2524187,3.9e-06,0b00000011,0b00000000
"SPI","result",17.2524296,3.9e-06,0b00000010,0b00000000
"SPI","result",17.2524342,4e-06,0b00000000,0b00000000
"SPI","result",17.2524451,3.9e-06,0b00000010,0b00000000
"SPI","result",17.2524497,4e-06,0b00000011,0b00000000
"SPI","result",17.2524606,3.9e-06,0b00000110,0b00000000
"SPI","result",17.2524653,3.9e-06,0b00000100,0b00000000
"SPI","result",17.2524761,3.9e-06,0b00000010,0b00000000
"SPI","result",17.2524808,3.9e-06,0b00000001,0b00000000
"SPI","result",17.2524916,3.9e-06,0b00000011,0b00000000
"SPI","result",17.2524963,3.9e-06,0b00000100,0b00000000
"SPI","result",17.2525071,3.9e-06,0b00000010,0b00000000
"SPI","result",17.2525118,3.9e-06,0b00000001,0b00000000
"SPI","result",17.2525226,4e-06,0b00000001,0b00000000
"SPI","result",17.2525273,3.9e-06,0b00000100,0b00000000
"SPI","result",17.2525382,3.9e-06,0b00000010,0b00000000
"SPI","result",17.2525428,3.9e-06,0b00001100,0b00000000
"SPI","result",17.2525537,3.9e-06,0b00000001,0b00000000
"SPI","result",17.2525583,3.9e-06,0b00000100,0b00000000
"SPI","result",17.2525692,3.9e-06,0b00000010,0b00000000
"SPI","result",17.2525739,3.79999999e-06,0b00001100,0b00000000
"SPI","result",17.2525847,3.9e-06,0b00000001,0b00000000
"SPI","result",17.2525893,4e-06,0b00000100,0b00000000
"SPI","result",17.2526002,3.9e-06,0b00000010,0b00000000
"SPI","result",17.2526049,3.9e-06,0b00001100,0b00000000
"SPI","result",17.2526157,3.9e-06,0b00000001,0b00000000
"SPI","result",17.2526204,3.9e-06,0b00000100,0b00000000
"SPI","result",17.2526312,3.9e-06,0b00000010,0b00000000
"SPI","result",17.2526359,3.9e-06,0b00000001,0b00000000
"SPI","result",17.2526467,3.9e-06,0b00000000,0b00000000
"SPI","result",17.2526514,3.9e-06,0b00000000,0b00000000
"SPI","disable",17.2526595,1.00000001e-07,,
"SPI","enable",17.2526617,9.99999975e-08,,
"SPI","result",17.2526626,3.9e-06,0b00001101,0b00000000
"SPI","disable",17.2526668,1.00000001e-07,,
"SPI","enable",17.5699188,1.00000001e-07,,
"SPI","result",17.5699198,3.9e-06,0b00001010,0b00000000
"SPI","disable",17.5699239,1.00000001e-07,,
"SPI","enable",17.5699269,1.00000001e-07,,
"SPI","result",17.5699291,3.9e-06,0b00000010,0b00000000
"SPI","result",17.5699338,3.9e-06,0b00001000,0b00000000
"SPI","result",17.5699415,4e-06,0b00000001,0b00000000
"SPI","result",17.5699462,3.9e-06,0b00001111,0b00000000
"SPI","disable",17.5699515,1.00000001e-07,,
"SPI","enable",17.5699538,1.00000001e-07,,
"SPI","result",17.569956,3.9e-06,0b00000000,0b00000000
"SPI","result",17.5699607,3.9e-06,0b00001110,0b00000000
"SPI","result",17.5699684,4e-06,0b00000000,0b00000000
"SPI","result",17.5699731,3.9e-06,0b00000001,0b00000000
"SPI","disable",17.5699784,1.00000001e-07,,
"SPI","enable",17.5699807,1.00000001e-07,,
"SPI","result",17.5699829,3.9e-06,0b00000000,0b00000000
"SPI","result",17.5699875,4e-06,0b00000001,0b00000000
"SPI","result",17.5699953,4e-06,0b00000110,0b00000000
"SPI","result",17.57,3.9e-06,0b00000010,0b00000000
"SPI","disable",17.5700053,1.00000001e-07,,
"SPI","enable",17.5700076,1.00000001e-07,,
"SPI","result",17.5700098,3.9e-06,0b00000001,0b00000000
"SPI","result",17.5700145,3.8e-06,0b00001111,0b00000000
"SPI","result",17.5700222,3.9e-06,0b00000000,0b00000000
"SPI","result",17.5700269,3.9e-06,0b00001111,0b00000000
"SPI","disable",17.5700322,1.00000001e-07,,
"SPI","enable",17.570036,1.00000001e-07,,
"SPI","result",17.5700382,3.9e-06,0b00000000,0b00000000
"SPI","result",17.5700429,3.9e-06,0b00001111,0b00000000
"SPI","result",17.5700507,3.9e-06,0b00000000,0b00000000
"SPI","result",17.5700553,3.9e-06,0b00000100,0b00000000
"SPI","disable",17.5700606,9.99999975e-08,,
"SPI","enable",17.5700629,1.00000001e-07,,
"SPI","result",17.5700651,3.9e-06,0b00000000,0b00000000
"SPI","result",17.5700698,3.9e-06,0b00001011,0b00000000
"SPI","result",17.5700776,3.9e-06,0b00000000,0b00000000
"SPI","result",17.5700822,3.9e-06,0b00000001,0b00000000
"SPI","disable",17.5700875,1.00000001e-07,,
"SPI","enable",17.5700898,9.99999975e-08,,
"SPI","result",17.570092,3.9e-06,0b00000000,0b00000000
"SPI","result",17.5700966,4e-06,0b00000011,0b00000000
"SPI","result",17.5701044,4e-06,0b00000000,0b00000000
"SPI","result",17.5701092,3.79999999e-06,0b00001111,0b00000000
"SPI","disable",17.5701144,9.99999975e-08,,
"SPI","enable",17.5703224,1.00000001e-07,,
"SPI","result",17.5703233,3.9e-06,0b00001010,0b00000000
"SPI","disable",17.5703275,1.00000001e-07,,
"SPI","enable",17.5703304,1.00000001e-07,,
"SPI","result",17.5703313,3.9e-06,0b00001110,0b00000000
"SPI","disable",17.5703355,1.00000001e-07,,
"SPI","enable",17.5703373,1.00000001e-07,,
"SPI","result",17.5703396,3.9e-06,0b00000000,0b00000000
"SPI","result",17.5703443,3.9e-06,0b00000101,0b00000000
"SPI","result",17.5703544,3.9e-06,0b00000100,0b00000000
"SPI","result",17.5703591,3.9e-06,0b00000011,0b00000000
"SPI","result",17.5703699,3.9e-06,0b00000010,0b00000000
"SPI","result",17.5703746,3.9e-06,0b00000000,0b00000000
"SPI","result",17.5703854,4e-06,0b00000010,0b00000000
"SPI","result",17.5703901,3.9e-06,0b00000010,0b00000000
"SPI","result",17.570401,3.9e-06,0b00000110,0b00000000
"SPI","result",17.5704056,3.9e-06,0b00000100,0b00000000
"SPI","result",17.5704165,3.9e-06,0b00000010,0b00000000
"SPI","result",17.5704211,3.9e-06,0b00000001,0b00000000
"SPI","result",17.570432,3.9e-06,0b00000011,0b00000000
"SPI","result",17.5704366,4e-06,0b00000100,0b00000000
"SPI","result",17.5704475,3.9e-06,0b00000010,0b00000000
"SPI","result",17.5704521,4e-06,0b00000001,0b00000000
"SPI","result",17.570463,3.9e-06,0b00000001,0b00000000
"SPI","result",17.5704676,4e-06,0b00000100,0b00000000
"SPI","result",17.5704785,3.9e-06,0b00000010,0b00000000
"SPI","result",17.5704832,3.9e-06,0b00001100,0b00000000
"SPI","result",17.570494,3.9e-06,0b00000001,0b00000000
"SPI","result",17.5704987,3.9e-06,0b00000100,0b00000000
"SPI","result",17.5705095,3.9e-06,0b00000010,0b00000000
"SPI","result",17.5705142,3.9e-06,0b00001100,0b00000000
"SPI","result",17.570525,3.9e-06,0b00000001,0b00000000
"SPI","result",17.5705297,3.9e-06,0b00000100,0b00000000
"SPI","result",17.5705406,3.9e-06,0b00000010,0b00000000
"SPI","result",17.5705452,3.9e-06,0b00001100,0b00000000
"SPI","result",17.5705561,3.9e-06,0b00000001,0b00000000
"SPI","result",17.5705607,3.9e-06,0b00000100,0b00000000
"SPI","result",17.5705716,3.9e-06,0b00000010,0b00000000
"SPI","result",17.5705762,3.9e-06,0b00000001,0b00000000
"SPI","result",17.5705871,3.9e-06,0b00000000,0b00000000
"SPI","result",17.5705917,4e-06,0b00000000,0b00000000
"SPI","disable",17.5705998,1.00000001e-07,,
"SPI","enable",17.570602,9.99999975e-08,,
"SPI","result",17.570603,3.9e-06,0b00001101,0b00000000
"SPI","disable",17.5706072,9.99999975e-08,,
"SPI","enable",17.6440949,1.00000001e-07,,
"SPI","result",17.6440958,4e-06,0b00001010,0b00000000
"SPI","disable",17.6441,9.99999975e-08,,
"SPI","enable",17.644103,9.99999975e-08,,
"SPI","result",17.6441052,3.9e-06,0b00000010,0b00000000
"SPI","result",17.6441099,3.8e-06,0b00001000,0b00000000
"SPI","result",17.6441176,3.9e-06,0b00000001,0b00000000
"SPI","result",17.6441223,3.9e-06,0b00001111,0b00000000
"SPI","disable",17.6441276,9.99999975e-08,,
"SPI","enable",17.6441299,1.00000001e-07,,
"SPI","result",17.644132,4e-06,0b00000000,0b00000000
"SPI","result",17.6441368,3.8e-06,0b00001110,0b00000000
"SPI","result",17.6441445,3.9e-06,0b00000000,0b00000000
"SPI","result",17.6441492,3.9e-06,0b00000001,0b00000000
"SPI","disable",17.6441545,1.00000001e-07,,
"SPI","enable",17.6441568,9.99999975e-08,,
"SPI","result",17.6441589,4e-06,0b00000000,0b00000000
"SPI","result",17.6441636,3.9e-06,0b00000001,0b00000000
"SPI","result",17.6441714,3.9e-06,0b00000110,0b00000000
"SPI","result",17.6441761,3.9e-06,0b00000010,0b00000000
"SPI","disable",17.6441814,9.99999975e-08,,
"SPI","enable",17.6441837,1.00000001e-07,,
"SPI","result",17.6441859,3.9e-06,0b00000001,0b00000000
"SPI","result",17.6441905,3.9e-06,0b00001111,0b00000000
"SPI","result",17.6441983,3.9e-06,0b00000000,0b00000000
"SPI","result",17.644203,3.9e-06,0b00001111,0b00000000
"SPI","disable",17.6442083,1.00000001e-07,,
"SPI","enable",17.6442121,9.99999975e-08,,
"SPI","result",17.6442143,3.9e-06,0b00000000,0b00000000
"SPI","result",17.644219,3.9e-06,0b00001111,0b00000000
"SPI","result",17.6442267,4e-06,0b00000000,0b00000000
"SPI","result",17.6442314,3.9e-06,0b00000100,0b00000000
"SPI","disable",17.6442367,1.00000001e-07,,
"SPI","enable",17.644239,1.00000001e-07,,
"SPI","result",17.6442412,3.9e-06,0b00000000,0b00000000
"SPI","result",17.6442459,3.9e-06,0b00001011,0b00000000
"SPI","result",17.6442536,4e-06,0b00000000,0b00000000
"SPI","result",17.6442583,3.9e-06,0b00000001,0b00000000
"SPI","disable",17.6442636,1.00000001e-07,,
"SPI","enable",17.6442659,9.99999975e-08,,
"SPI","result",17.6442681,3.9e-06,0b00000000,0b00000000
"SPI","result",17.6442727,4e-06,0b00000011,0b00000000
"SPI","result",17.6442805,4e-06,0b00000000,0b00000000
"SPI","result",17.6442852,3.9e-06,0b00001111,0b00000000
"SPI","disable",17.6442905,1.00000001e-07,,
"SPI","enable",17.6444985,9.99999975e-08,,
"SPI","result",17.6444994,3.9e-06,0b00001010,0b00000000
"SPI","disable",17.6445036,1.00000001e-07,,
"SPI","enable",17.6445065,1.00000001e-07,,
"SPI","result",17.6445074,3.9e-06,0b00001110,0b00000000
"SPI","disable",17.6445116,9.99999975e-08,,
"SPI","enable",17.6445134,9.99999975e-08,,
"SPI","result",17.6445158,3.9e-06,0b00000000,0b00000000
"SPI","result",17.6445204,3.9e-06,0b00000101,0b00000000
"SPI","result",17.6445305,4e-06,0b00000100,0b00000000
"SPI","result",17.6445352,3.9e-06,0b00000011,0b00000000
"SPI","result",17.6445461,3.9e-06,0b00000010,0b00000000
"SPI","result",17.6445507,3.9e-06,0b00000000,0b00000000
"SPI","result",17.6445616,3.9e-06,0b00000010,0b00000000
"SPI","result",17.6445662,4e-06,0b00000010,0b00000000
"SPI","result",17.6445771,3.9e-06,0b00000110,0b00000000
"SPI","result",17.6445817,4e-06,0b00000100,0b00000000
"SPI","result",17.6445926,3.9e-06,0b00000010,0b00000000
"SPI","result",17.6445973,3.9e-06,0b00000001,0b00000000
"SPI","result",17.6446081,3.9e-06,0b00000011,0b00000000
"SPI","result",17.6446128,3.9e-06,0b00000100,0b00000000
"SPI","result",17.6446236,3.9e-06,0b00000010,0b00000000
"SPI","result",17.6446283,3.9e-06,0b00000001,0b00000000
"SPI","result",17.6446391,4e-06,0b00000001,0b00000000
"SPI","result",17.6446438,3.9e-06,0b00000100,0b00000000
"SPI","result",17.6446547,3.9e-06,0b00000010,0b00000000
"SPI","result",17.6446593,3.9e-06,0b00001100,0b00000000
"SPI","result",17.6446702,3.9e-06,0b00000001,0b00000000
"SPI","result",17.6446748,3.9e-06,0b00000100,0b00000000
"SPI","result",17.6446857,3.9e-06,0b00000010,0b00000000
"SPI","result",17.6446904,3.9e-06,0b00001100,0b00000000
"SPI","result",17.6447012,3.9e-06,0b00000001,0b00000000
"SPI","result",17.6447058,4e-06,0b00000100,0b00000000
"SPI","result",17.6447167,3.9e-06,0b00000010,0b00000000
"SPI","result",17.6447214,3.9e-06,0b00001100,0b00000000
"SPI","result",17.6447322,3.9e-06,0b00000001,0b00000000
"SPI","result",17.6447369,3.9e-06,0b00000100,0b00000000
"SPI","result",17.6447477,4e-06,0b00000010,0b00000000
"SPI","result",17.6447524,3.9e-06,0b00000001,0b00000000
"SPI","result",17.6447632,4e-06,0b00000000,0b00000000
"SPI","result",17.6447679,3.9e-06,0b00000000,0b00000000
"SPI","disable",17.644776,1.00000001e-07,,
"SPI","enable",17.6447782,9.99999975e-08,,
"SPI","result",17.6447792,3.8e-06,0b00001101,0b00000000
"SPI","disable",17.6447833,1.00000001e-07,,
"SPI","enable",17.9260134,1.00000001e-07,,
"SPI","result",17.9260144,3.9e-06,0b00001010,0b00000000
"SPI","disable",17.9260186,1.00000001e-07,,
"SPI","enable",17.9260215,9.99999975e-08,,
"SPI","result",17.9260237,3.9e-06,0b00000010,0b00000000
"SPI","result",17.9260284,3.9e-06,0b00001000,0b00000000
"SPI","result",17.9260362,3.9e-06,0b00000001,0b00000000
"SPI","result",17.9260408,3.9e-06,0b00001111,0b00000000
"SPI","disable",17.9260461,9.99999975e-08,,
"SPI","enable",17.9260484,1.00000001e-07,,
"SPI","result",17.9260506,3.9e-06,0b00000000,0b00000000
"SPI","result",17.9260553,3.9e-06,0b00001110,0b00000000
"SPI","result",17.9260631,3.9e-06,0b00000000,0b00000000
"SPI","result",17.9260677,3.9e-06,0b00000001,0b00000000
"SPI","disable",17.926073,1.00000001e-07,,
"SPI","enable",17.9260753,9.99999975e-08,,
"SPI","result",17.9260775,3.9e-06,0b00000000,0b00000000
"SPI","result",17.9260821,4e-06,0b00000001,0b00000000
"SPI","result",17.9260899,4e-06,0b00000110,0b00000000
"SPI","result",17.9260946,3.9e-06,0b00000010,0b00000000
"SPI","disable",17.9260999,1.00000001e-07,,
"SPI","enable",17.9261022,1.00000001e-07,,
"SPI","result",17.9261044,3.9e-06,0b00000001,0b00000000
"SPI","result",17.9261091,3.9e-06,0b00001111,0b00000000
"SPI","result",17.9261168,4e-06,0b00000000,0b00000000
"SPI","result",17.9261216,3.8e-06,0b00001111,0b00000000
"SPI","disable",17.9261268,1.00000001e-07,,
"SPI","enable",17.9261306,1.00000001e-07,,
"SPI","result",17.9261328,3.9e-06,0b00000000,0b00000000
"SPI","result",17.9261375,3.9e-06,0b00001111,0b00000000
"SPI","result",17.9261453,3.9e-06,0b00000000,0b00000000
"SPI","result",17.9261499,4e-06,0b00000100,0b00000000
"SPI","disable",17.9261552,1.00000001e-07,,
"SPI","enable",17.9261575,1.00000001e-07,,
"SPI","result",17.9261597,3.9e-06,0b00000000,0b00000000
"SPI","result",17.9261644,3.9e-06,0b00001011,0b00000000
"SPI","result",17.9261722,3.9e-06,0b00000000,0b00000000
"SPI","result",17.9261768,4e-06,0b00000001,0b00000000
"SPI","disable",17.9261821,1.00000001e-07,,
"SPI","enable",17.9261844,1.00000001e-07,,
"SPI","result",17.9261866,3.9e-06,0b00000000,0b00000000
"SPI","result",17.9261913,3.9e-06,0b00000011,0b00000000
"SPI","result",17.9261991,3.9e-06,0b00000000,0b00000000
"SPI","result",17.9262038,3.9e-06,0b00001111,0b00000000
"SPI","disable",17.926209,1.00000001e-07,,
"SPI","enable",17.926417,9.99999975e-08,,
"SPI","result",17.926418,3.9e-06,0b00001010,0b00000000
"SPI","disable",17.9264221,1.00000001e-07,,
"SPI","enable",17.926425,1.00000001e-07,,
"SPI","result",17.926426,3.9e-06,0b00001110,0b00000000
"SPI","disable",17.9264301,9.99999975e-08,,
"SPI","enable",17.9264319,9.99999975e-08,,
"SPI","result",17.9264343,3.9e-06,0b00000000,0b00000000
"SPI","result",17.9264389,3.9e-06,0b00000101,0b00000000
"SPI","result",17.9264491,3.9e-06,0b00000100,0b00000000
"SPI","result",17.9264537,3.9e-06,0b00000011,0b00000000
"SPI","result",17.9264646,3.9e-06,0b00000010,0b00000000
"SPI","result",17.9264692,4e-06,0b00000000,0b00000000
"SPI","result",17.9264801,3.9e-06,0b00000010,0b00000000
"SPI","result",17.9264847,4e-06,0b00000001,0b00000000
"SPI","result",17.9264956,3.9e-06,0b00000110,0b00000000
"SPI","result",17.9265003,3.9e-06,0b00000100,0b00000000
"SPI","result",17.9265111,3.9e-06,0b00000010,0b00000000
"SPI","result",17.9265158,3.9e-06,0b00000001,0b00000000
"SPI","result",17.9265266,3.9e-06,0b00000011,0b00000000
"SPI","result",17.9265313,3.9e-06,0b00000100,0b00000000
"SPI","result",17.9265421,3.9e-06,0b00000010,0b00000000
"SPI","result",17.9265468,3.9e-06,0b00000001,0b00000000
"SPI","result",17.9265576,3.9e-06,0b00000001,0b00000000
"SPI","result",17.9265623,3.9e-06,0b00000100,0b00000000
"SPI","result",17.9265731,4e-06,0b00000010,0b00000000
"SPI","result",17.9265778,3.9e-06,0b00001100,0b00000000
"SPI","result",17.9265887,3.9e-06,0b00000001,0b00000000
"SPI","result",17.9265933,3.9e-06,0b00000100,0b00000000
"SPI","result",17.9266042,3.9e-06,0b00000010,0b00000000
"SPI","result",17.9266089,3.8e-06,0b00001100,0b00000000
"SPI","result",17.9266197,3.9e-06,0b00000001,0b00000000
"SPI","result",17.9266243,3.9e-06,0b00000100,0b00000000
"SPI","result",17.9266352,3.9e-06,0b00000010,0b00000000
"SPI","result",17.9266399,3.9e-06,0b00001100,0b00000000
"SPI","result",17.9266507,3.9e-06,0b00000001,0b00000000
"SPI","result",17.9266553,4e-06,0b00000100,0b00000000
"SPI","result",17.9266662,3.9e-06,0b00000010,0b00000000
"SPI","result",17.9266709,3.9e-06,0b00000001,0b00000000
"SPI","result",17.9266817,3.9e-06,0b00000000,0b00000000
"SPI","result",17.9266864,3.9e-06,0b00000000,0b00000000
"SPI","disable",17.9266944,1.00000001e-07,,
"SPI","enable",17.9266966,1.00000001e-07,,
"SPI","result",17.9266976,3.9e-06,0b00001101,0b00000000
"SPI","disable",17.9267018,1.00000001e-07,,
"SPI","enable",18.071834,1.00000001e-07,,
"SPI","result",18.0718349,3.9e-06,0b00001010,0b00000000
"SPI","disable",18.0718391,1.00000001e-07,,
"SPI","enable",18.0718421,9.99999975e-08,,
"SPI","result",18.0718442,4e-06,0b00000010,0b00000000
"SPI","result",18.0718489,3.9e-06,0b00001000,0b00000000
"SPI","result",18.0718567,3.9e-06,0b00000001,0b00000000
"SPI","result",18.0718614,3.9e-06,0b00001111,0b00000000
"SPI","disable",18.0718667,9.99999975e-08,,
"SPI","enable",18.071869,1.00000001e-07,,
"SPI","result",18.0718711,4e-06,0b00000000,0b00000000
"SPI","result",18.0718758,3.9e-06,0b00001110,0b00000000
"SPI","result",18.0718836,3.9e-06,0b00000000,0b00000000
"SPI","result",18.0718883,3.9e-06,0b00000001,0b00000000
"SPI","disable",18.0718936,1.00000001e-07,,
"SPI","enable",18.0718958,1.00000001e-07,,
"SPI","result",18.071898,4e-06,0b00000000,0b00000000
"SPI","result",18.0719027,3.9e-06,0b00000001,0b00000000
"SPI","result",18.0719105,3.9e-06,0b00000110,0b00000000
"SPI","result",18.0719152,3.9e-06,0b00000010,0b00000000
"SPI","disable",18.0719204,1.00000001e-07,,
"SPI","enable",18.0719227,1.00000001e-07,,
"SPI","result",18.0719249,3.9e-06,0b00000001,0b00000000
"SPI","result",18.0719296,3.9e-06,0b00001111,0b00000000
"SPI","result",18.0719374,3.9e-06,0b00000000,0b00000000
"SPI","result",18.0719421,3.9e-06,0b00001111,0b00000000
"SPI","disable",18.0719473,9.99999975e-08,,
"SPI","enable",18.0719512,9.99999975e-08,,
"SPI","result",18.0719533,4e-06,0b00000000,0b00000000
"SPI","result",18.071958,3.9e-06,0b00001111,0b00000000
"SPI","result",18.0719658,3.9e-06,0b00000000,0b00000000
"SPI","result",18.0719705,3.9e-06,0b00000100,0b00000000
"SPI","disable",18.0719757,1.00000001e-07,,
"SPI","enable",18.0719781,1.00000001e-07,,
"SPI","result",18.0719802,4e-06,0b00000000,0b00000000
"SPI","result",18.0719849,3.9e-06,0b00001011,0b00000000
"SPI","result",18.0719927,3.9e-06,0b00000000,0b00000000
"SPI","result",18.0719974,3.9e-06,0b00000001,0b00000000
"SPI","disable",18.0720027,1.00000001e-07,,
"SPI","enable",18.0720049,1.00000001e-07,,
"SPI","result",18.0720071,4e-06,0b00000000,0b00000000
"SPI","result",18.0720118,3.9e-06,0b00000011,0b00000000
"SPI","result",18.0720196,3.9e-06,0b00000000,0b00000000
"SPI","result",18.0720243,3.9e-06,0b00001111,0b00000000
"SPI","disable",18.0720296,1.00000001e-07,,
"SPI","enable",18.0722375,1.00000001e-07,,
"SPI","result",18.0722384,3.9e-06,0b00001010,0b00000000
"SPI","disable",18.0722426,1.00000001e-07,,
"SPI","enable",18.0722455,9.99999975e-08,,
"SPI","result",18.0722464,3.9e-06,0b00001110,0b00000000
"SPI","disable",18.0722506,1.00000001e-07,,
"SPI","enable",18.0722524,1.00000001e-07,,
"SPI","result",18.0722547,4e-06,0b00000000,0b00000000
"SPI","result",18.0722594,3.9e-06,0b00000101,0b00000000
"SPI","result",18.0722695,3.9e-06,0b00000100,0b00000000
"SPI","result",18.0722742,3.9e-06,0b00000011,0b00000000
"SPI","result",18.072285,4e-06,0b00000010,0b00000000
"SPI","result",18.0722897,3.9e-06,0b00000000,0b00000000
"SPI","result",18.0723006,3.9e-06,0b00000010,0b00000000
"SPI","result",18.0723052,3.9e-06,0b00000001,0b00000000
"SPI","result",18.0723161,3.9e-06,0b00000110,0b00000000
"SPI","result",18.0723207,3.9e-06,0b00000100,0b00000000
"SPI","result",18.0723316,3.9e-06,0b00000010,0b00000000
"SPI","result",18.0723362,3.9e-06,0b00000001,0b00000000
"SPI","result",18.0723471,3.9e-06,0b00000011,0b00000000
"SPI","result",18.0723517,4e-06,0b00000100,0b00000000
"SPI","result",18.0723626,3.9e-06,0b00000010,0b00000000
"SPI","result",18.0723673,3.9e-06,0b00000001,0b00000000
"SPI","result",18.0723781,3.9e-06,0b00000001,0b00000000
"SPI","result",18.0723828,3.9e-06,0b00000100,0b00000000
"SPI","result",18.0723936,3.9e-06,0b00000010,0b00000000
"SPI","result",18.0723983,3.9e-06,0b00001100,0b00000000
"SPI","result",18.0724091,3.9e-06,0b00000001,0b00000000
"SPI","result",18.0724138,3.9e-06,0b00000100,0b00000000
"SPI","result",18.0724246,4e-06,0b00000010,0b00000000
"SPI","result",18.0724293,3.9e-06,0b00001100,0b00000000
"SPI","result",18.0724402,3.9e-06,0b00000001,0b00000000
"SPI","result",18.0724448,3.9e-06,0b00000100,0b00000000
"SPI","result",18.0724557,3.9e-06,0b00000010,0b00000000
"SPI","result",18.0724604,3.8e-06,0b00001100,0b00000000
"SPI","result",18.0724712,3.9e-06,0b00000001,0b00000000
"SPI","result",18.0724758,3.9e-06,0b00000100,0b00000000
"SPI","result",18.0724867,3.9e-06,0b00000010,0b00000000
"SPI","result",18.0724913,4e-06,0b00000001,0b00000000
"SPI","result",18.0725022,3.9e-06,0b00000000,0b00000000
"SPI","result",18.0725069,3.9e-06,0b00000000,0b00000000
"SPI","disable",18.0725149,9.99999975e-08,,
"SPI","enable",18.0725171,1.00000001e-07,,
"SPI","result",18.0725181,3.9e-06,0b00001101,0b00000000
"SPI","disable",18.0725223,1.00000001e-07,,
"SPI","enable",20.7092721,1.00000001e-07,,
"SPI","result",20.7092731,3.9e-06,0b00001010,0b00000000
"SPI","disable",20.7092773,1.00000001e-07,,
"SPI","enable",20.7092802,1.00000001e-07,,
"SPI","result",20.7092824,3.9e-06,0b00000010,0b00000000
"SPI","result",20.7092871,3.9e-06,0b00001000,0b00000000
"SPI","result",20.7092949,3.9e-06,0b00000001,0b00000000
"SPI","result",20.7092995,3.9e-06,0b00001111,0b00000000
"SPI","disable",20.7093048,9.99999975e-08,,
"SPI","enable",20.7093071,1.00000001e-07,,
"SPI","result",20.7093093,3.9e-06,0b00000000,0b00000000
"SPI","result",20.709314,3.9e-06,0b00001110,0b00000000
"SPI","result",20.7093218,3.9e-06,0b00000000,0b00000000
"SPI","result",20.7093264,3.9e-06,0b00000001,0b00000000
"SPI","disable",20.7093317,1.00000001e-07,,
"SPI","enable",20.709334,1.00000001e-07,,
"SPI","result",20.7093362,3.9e-06,0b00000000,0b00000000
"SPI","result",20.7093409,3.9e-06,0b00000001,0b00000000
"SPI","result",20.7093487,3.9e-06,0b00000110,0b00000000
"SPI","result",20.7093533,3.9e-06,0b00000010,0b00000000
"SPI","disable",20.7093586,9.99999975e-08,,
"SPI","enable",20.7093609,1.00000001e-07,,
"SPI","result",20.7093631,3.9e-06,0b00000001,0b00000000
"SPI","result",20.7093678,3.9e-06,0b00001111,0b00000000
"SPI","result",20.7093756,3.9e-06,0b00000000,0b00000000
"SPI","result",20.7093803,3.8e-06,0b00001111,0b00000000
"SPI","disable",20.7093855,1.00000001e-07,,
"SPI","enable",20.7093893,9.99999975e-08,,
"SPI","result",20.7093915,3.9e-06,0b00000000,0b00000000
"SPI","result",20.7093962,3.9e-06,0b00001111,0b00000000
"SPI","result",20.709404,3.9e-06,0b00000000,0b00000000
"SPI","result",20.7094087,3.9e-06,0b00000100,0b00000000
"SPI","disable",20.7094139,1.00000001e-07,,
"SPI","enable",20.7094162,1.00000001e-07,,
"SPI","result",20.7094184,3.9e-06,0b00000000,0b00000000
"SPI","result",20.7094231,3.9e-06,0b00001011,0b00000000
"SPI","result",20.7094309,3.9e-06,0b00000000,0b00000000
"SPI","result",20.7094356,3.9e-06,0b00000001,0b00000000
"SPI","disable",20.7094409,1.00000001e-07,,
"SPI","enable",20.7094431,9.99999975e-08,,
"SPI","result",20.7094453,3.9e-06,0b00000000,0b00000000
"SPI","result",20.70945,3.9e-06,0b00000011,0b00000000
"SPI","result",20.7094578,3.9e-06,0b00000000,0b00000000
"SPI","result",20.7094625,3.9e-06,0b00001111,0b00000000
"SPI","disable",20.7094678,1.00000001e-07,,
"SPI","enable",20.7096757,1.00000001e-07,,
"SPI","result",20.7096767,3.9e-06,0b00001010,0b00000000
"SPI","disable",20.7096809,1.00000001e-07,,
"SPI","enable",20.7096837,1.00000001e-07,,
"SPI","result",20.7096847,3.9e-06,0b00001110,0b00000000
"SPI","disable",20.7096889,1.00000001e-07,,
"SPI","enable",20.7096906,1.00000001e-07,,
"SPI","result",20.709693,3.9e-06,0b00000000,0b00000000
"SPI","result",20.7096977,3.9e-06,0b00000101,0b00000000
"SPI","result",20.7097078,3.9e-06,0b00000100,0b00000000
"SPI","result",20.7097125,3.9e-06,0b00000011,0b00000000
"SPI","result",20.7097233,3.9e-06,0b00000010,0b00000000
"SPI","result",20.709728,3.9e-06,0b00000000,0b00000000
"SPI","result",20.7097388,3.9e-06,0b00000010,0b00000000
"SPI","result",20.7097435,3.9e-06,0b00000001,0b00000000
"SPI","result",20.7097543,4e-06,0b00000110,0b00000000
"SPI","result",20.709759,3.9e-06,0b00000100,0b00000000
"SPI","result",20.7097699,3.9e-06,0b00000010,0b00000000
"SPI","result",20.7097745,3.9e-06,0b00000001,0b00000000
"SPI","result",20.7097854,3.9e-06,0b00000011,0b00000000
"SPI","result",20.70979,4e-06,0b00000100,0b00000000
"SPI","result",20.7098009,3.9e-06,0b00000010,0b00000000
"SPI","result",20.7098055,4e-06,0b00000001,0b00000000
"SPI","result",20.7098164,3.9e-06,0b00000001,0b00000000
"SPI","result",20.7098211,3.9e-06,0b00000100,0b00000000
"SPI","result",20.7098319,3.9e-06,0b00000010,0b00000000
"SPI","result",20.7098366,3.9e-06,0b00001100,0b00000000
"SPI","result",20.7098474,3.9e-06,0b00000001,0b00000000
"SPI","result",20.7098521,3.9e-06,0b00000100,0b00000000
"SPI","result",20.709863,3.9e-06,0b00000010,0b00000000
"SPI","result",20.7098676,3.9e-06,0b00001100,0b00000000
"SPI","result",20.7098785,3.9e-06,0b00000001,0b00000000
"SPI","result",20.7098831,3.9e-06,0b00000100,0b00000000
"SPI","result",20.709894,3.9e-06,0b00000010,0b00000000
"SPI","result",20.7098987,3.79999999e-06,0b00001100,0b00000000
"SPI","result",20.7099095,3.9e-06,0b00000001,0b00000000
"SPI","result",20.7099141,4e-06,0b00000100,0b00000000
"SPI","result",20.709925,3.9e-06,0b00000010,0b00000000
"SPI","result",20.7099297,3.9e-06,0b00000001,0b00000000
"SPI","result",20.7099405,3.9e-06,0b00000000,0b00000000
"SPI","result",20.7099452,3.9e-06,0b00000000,0b00000000
"SPI","disable",20.7099533,1.00000001e-07,,
"SPI","enable",20.7099554,1.00000001e-07,,
"SPI","result",20.7099564,3.9e-06,0b00001101,0b00000000
"SPI","disable",20.7099606,1.00000001e-07,,
"SPI","enable",20.7477453,1.00000001e-07,,
"SPI","result",20.7477462,3.9e-06,0b00001010,0b00000000
"SPI","disable",20.7477504,9.99999975e-08,,
"SPI","enable",20.7477533,1.00000001e-07,,
"SPI","result",20.7477555,3.9e-06,0b00000010,0b00000000
"SPI","result",20.7477602,3.9e-06,0b00001000,0b00000000
"SPI","result",20.747768,3.9e-06,0b00000001,0b00000000
"SPI","result",20.7477727,3.9e-06,0b00001111,0b00000000
"SPI","disable",20.747778,1.00000001e-07,,
"SPI","enable",20.7477802,9.99999975e-08,,
"SPI","result",20.7477824,4e-06,0b00000000,0b00000000
"SPI","result",20.7477871,3.9e-06,0b00001110,0b00000000
"SPI","result",20.7477949,3.9e-06,0b00000000,0b00000000
"SPI","result",20.7477996,3.9e-06,0b00000001,0b00000000
"SPI","disable",20.7478049,1.00000001e-07,,
"SPI","enable",20.7478071,1.00000001e-07,,
"SPI","result",20.7478093,4e-06,0b00000000,0b00000000
"SPI","result",20.747814,3.9e-06,0b00000001,0b00000000
"SPI","result",20.7478218,3.9e-06,0b00000110,0b00000000
"SPI","result",20.7478265,3.9e-06,0b00000010,0b00000000
"SPI","disable",20.7478317,1.00000001e-07,,
"SPI","enable",20.747834,9.99999975e-08,,
"SPI","result",20.7478362,4e-06,0b00000001,0b00000000
"SPI","result",20.7478409,3.9e-06,0b00001111,0b00000000
"SPI","result",20.7478487,3.9e-06,0b00000000,0b00000000
"SPI","result",20.7478534,3.9e-06,0b00001111,0b00000000
"SPI","disable",20.7478587,1.00000001e-07,,
"SPI","enable",20.7478625,1.00000001e-07,,
"SPI","result",20.7478646,4e-06,0b00000000,0b00000000
"SPI","result",20.7478694,3.8e-06,0b00001111,0b00000000
"SPI","result",20.7478771,4e-06,0b00000000,0b00000000
"SPI","result",20.7478818,3.9e-06,0b00000100,0b00000000
"SPI","disable",20.7478871,1.00000001e-07,,
"SPI","enable",20.7478894,1.00000001e-07,,
"SPI","result",20.7478916,3.9e-06,0b00000000,0b00000000
"SPI","result",20.7478963,3.9e-06,0b00001011,0b00000000
"SPI","result",20.747904,4e-06,0b00000000,0b00000000
"SPI","result",20.7479087,3.9e-06,0b00000001,0b00000000
"SPI","disable",20.747914,9.99999975e-08,,
"SPI","enable",20.7479163,1.00000001e-07,,
"SPI","result",20.7479185,3.9e-06,0b00000000,0b00000000
"SPI","result",20.7479231,4e-06,0b00000011,0b00000000
"SPI","result",20.7479309,4e-06,0b00000000,0b00000000
"SPI","result",20.7479356,3.9e-06,0b00001111,0b00000000
"SPI","disable",20.7479409,1.00000001e-07,,
"SPI","enable",20.7481489,1.00000001e-07,,
"SPI","result",20.7481498,4e-06,0b00001010,0b00000000
"SPI","disable",20.748154,1.00000001e-07,,
"SPI","enable",20.7481569,9.99999975e-08,,
"SPI","result",20.7481579,3.8e-06,0b00001110,0b00000000
"SPI","disable",20.748162,9.99999975e-08,,
"SPI","enable",20.7481638,1.00000001e-07,,
"SPI","result",20.7481662,3.9e-06,0b00000000,0b00000000
"SPI","result",20.7481708,3.9e-06,0b00000101,0b00000000
"SPI","result",20.748181,3.9e-06,0b00000100,0b00000000
"SPI","result",20.7481856,3.9e-06,0b00000011,0b00000000
"SPI","result",20.7481965,3.9e-06,0b00000010,0b00000000
"SPI","result",20.7482011,4e-06,0b00000000,0b00000000
"SPI","result",20.748212,3.9e-06,0b00000010,0b00000000
"SPI","result",20.7482167,3.9e-06,0b00000001,0b00000000
"SPI","result",20.7482275,3.9e-06,0b00000110,0b00000000
"SPI","result",20.7482322,3.9e-06,0b00000100,0b00000000
"SPI","result",20.748243,3.9e-06,0b00000010,0b00000000
"SPI","result",20.7482477,3.9e-06,0b00000001,0b00000000
"SPI","result",20.7482585,4e-06,0b00000011,0b00000000
"SPI","result",20.7482632,3.9e-06,0b00000100,0b00000000
"SPI","result",20.7482741,3.9e-06,0b00000010,0b00000000
"SPI","result",20.7482787,3.9e-06,0b00000001,0b00000000
"SPI","result",20.7482896,3.9e-06,0b00000001,0b00000000
"SPI","result",20.7482942,3.9e-06,0b00000100,0b00000000
"SPI","result",20.7483051,3.9e-06,0b00000010,0b00000000
"SPI","result",20.7483098,3.9e-06,0b00001100,0b00000000
"SPI","result",20.7483206,3.9e-06,0b00000001,0b00000000
"SPI","result",20.7483253,3.9e-06,0b00000100,0b00000000
"SPI","result",20.7483361,3.9e-06,0b00000010,0b00000000
"SPI","result",20.7483408,3.9e-06,0b00001100,0b00000000
"SPI","result",20.7483516,3.9e-06,0b00000001,0b00000000
"SPI","result",20.7483563,3.9e-06,0b00000100,0b00000000
"SPI","result",20.7483672,3.9e-06,0b00000010,0b00000000
"SPI","result",20.7483718,3.9e-06,0b00001100,0b00000000
"SPI","result",20.7483827,3.9e-06,0b00000001,0b00000000
"SPI","result",20.7483873,3.9e-06,0b00000100,0b00000000
"SPI","result",20.7483982,3.9e-06,0b00000010,0b00000000
"SPI","result",20.7484028,4e-06,0b00000001,0b00000000
"SPI","result",20.7484137,3.9e-06,0b00000000,0b00000000
"SPI","result",20.7484184,3.9e-06,0b00000000,0b00000000
"SPI","disable",20.7484264,1.00000001e-07,,
"SPI","enable",20.7484286,1.00000001e-07,,
"SPI","result",20.7484296,3.9e-06,0b00001101,0b00000000
"SPI","disable",20.7484338,9.99999975e-08,,
