name,type,start_time,duration,"mosi","miso"
"SPI","enable",3.34436775,2.5e-07,,
"SPI","result",3.34436875,4e-06,0b00001010,0b00000000
"SPI","disable",3.34437275,2.5e-07,,
"SPI","enable",3.34437575,2.5e-07,,
"SPI","result",3.344378,4e-06,0b00000010,0b00000000
"SPI","result",3.34438275,4e-06,0b00001000,0b00000000
"SPI","result",3.3443905,4e-06,0b00000001,0b00000000
"SPI","result",3.34439525,4e-06,0b00001111,0b00000000
"SPI","disable",3.3444005,2.50000001e-07,,
"SPI","enable",3.34440275,2.5e-07,,
"SPI","result",3.344405,4e-06,0b00000000,0b00000000
"SPI","result",3.3444095,4.25e-06,0b00001110,0b00000000
"SPI","result",3.34441725,4.25e-06,0b00000000,0b00000000
"SPI","result",3.344422,4e-06,0b00000001,0b00000000
"SPI","disable",3.34442725,2.50000001e-07,,
"SPI","enable",3.3444295,2.50000001e-07,,
"SPI","result",3.34443175,4.25e-06,0b00000000,0b00000000
"SPI","result",3.3444365,4e-06,0b00000001,0b00000000
"SPI","result",3.34444425,4e-06,0b00000110,0b00000000
"SPI","result",3.344449,4e-06,0b00000010,0b00000000
"SPI","disable",3.34445425,2.5e-07,,
"SPI","enable",3.3444565,2.5e-07,,
"SPI","result",3.34445875,4e-06,0b00000001,0b00000000
"SPI","result",3.3444635,4e-06,0b00001111,0b00000000
"SPI","result",3.34447125,4e-06,0b00000000,0b00000000
"SPI","result",3.344476,4e-06,0b00001111,0b00000000
"SPI","disable",3.34448125,2.50000001e-07,,
"SPI","enable",3.344485,2.5e-07,,
"SPI","result",3.344487,4.25e-06,0b00000000,0b00000000
"SPI","result",3.34449175,4e-06,0b00001111,0b00000000
"SPI","result",3.3444995,4.25e-06,0b00000000,0b00000000
"SPI","result",3.34450425,4e-06,0b00000100,0b00000000
"SPI","disable",3.3445095,2.5e-07,,
"SPI","enable",3.34451175,2.5e-07,,
"SPI","result",3.344514,4e-06,0b00000000,0b00000000
"SPI","result",3.34451875,4e-06,0b00001011,0b00000000
"SPI","result",3.3445265,4e-06,0b00000000,0b00000000
"SPI","result",3.34453125,4e-06,0b00000001,0b00000000
"SPI","disable",3.3445365,2.50000001e-07,,
"SPI","enable",3.34453875,2.50000001e-07,,
"SPI","result",3.344541,4e-06,0b00000000,0b00000000
"SPI","result",3.3445455,4.25e-06,0b00000011,0b00000000
"SPI","result",3.3445535,4e-06,0b00000000,0b00000000
"SPI","result",3.344558,4.25e-06,0b00001111,0b00000000
"SPI","disable",3.3445635,2.5e-07,,
"SPI","enable",3.3447715,2.5e-07,,
"SPI","result",3.34477225,4.25e-06,0b00001010,0b00000000
"SPI","disable",3.3447765,2.5e-07,,
"SPI","enable",3.3447795,2.5e-07,,
"SPI","result",3.34478025,4.25e-06,0b00001110,0b00000000
"SPI","disable",3.3447845,2.50000001e-07,,
"SPI","enable",3.34478625,2.50000001e-07,,
"SPI","result",3.34478875,4e-06,0b00000000,0b00000000
"SPI","result",3.34479325,4.25e-06,0b00000101,0b00000000
"SPI","result",3.3448035,4e-06,0b00000100,0b00000000
"SPI","result",3.34480825,4e-06,0b00001001,0b00000000
"SPI","result",3.344819,4e-06,0b00000010,0b00000000
"SPI","result",3.34482375,4e-06,0b00000101,0b00000000
"SPI","result",3.3448345,4e-06,0b00000010,0b00000000
"SPI","result",3.34483925,4e-06,0b00000001,0b00000000
"SPI","result",3.34485,4e-06,0b00000110,0b00000000
"SPI","result",3.34485475,4e-06,0b00000100,0b00000000
"SPI","result",3.3448655,4e-06,0b00000010,0b00000000
"SPI","result",3.34487025,4e-06,0b00000001,0b00000000
"SPI","result",3.344881,4e-06,0b00000011,0b00000000
"SPI","result",3.34488575,4e-06,0b00000100,0b00000000
"SPI","result",3.3448965,4e-06,0b00000010,0b00000000
"SPI","result",3.34490125,4e-06,0b00000001,0b00000000
"SPI","result",3.344912,4.25e-06,0b00000001,0b00000000
"SPI","result",3.34491675,4e-06,0b00000100,0b00000000
"SPI","result",3.3449275,4.25e-06,0b00000010,0b00000000
"SPI","result",3.34493225,4e-06,0b00001100,0b00000000
"SPI","result",3.344943,4.25e-06,0b00000001,0b00000000
"SPI","result",3.34494775,4e-06,0b00000100,0b00000000
"SPI","result",3.34495875,4e-06,0b00000010,0b00000000
"SPI","result",3.34496325,4e-06,0b00001100,0b00000000
"SPI","result",3.34497425,4e-06,0b00000001,0b00000000
"SPI","result",3.34497875,4.25e-06,0b00000100,0b00000000
"SPI","result",3.34498975,4e-06,0b00000010,0b00000000
"SPI","result",3.34499425,4.25e-06,0b00001100,0b00000000
"SPI","result",3.34500525,4e-06,0b00000001,0b00000000
"SPI","result",3.34500975,4.25e-06,0b00000100,0b00000000
"SPI","result",3.34502075,4e-06,0b00000010,0b00000000
"SPI","result",3.34502525,4.25e-06,0b00000001,0b00000000
"SPI","result",3.34503625,4e-06,0b00000000,0b00000000
"SPI","result",3.345041,4e-06,0b00000000,0b00000000
"SPI","disable",3.345049,2.5e-07,,
"SPI","enable",3.34505125,2.5e-07,,
"SPI","result",3.345052,4.25e-06,0b00001101,0b00000000
"SPI","disable",3.34505625,2.50000001e-07,,
"SPI","enable",3.66239375,2.5e-07,,
"SPI","result",3.6623945,4.25e-06,0b00001010,0b00000000
"SPI","disable",3.66239875,2.50000001e-07,,
"SPI","enable",3.66240175,2.5e-07,,
"SPI","result",3.662404,4e-06,0b00000010,0b00000000
"SPI","result",3.6624085,4e-06,0b00001000,0b00000000
"SPI","result",3.66241625,4.25e-06,0b00000001,0b00000000
"SPI","result",3.662421,4e-06,0b00001111,0b00000000
"SPI","disable",3.66242625,2.5e-07,,
"SPI","enable",3.6624285,2.5e-07,,
"SPI","result",3.66243075,4e-06,0b00000000,0b00000000
"SPI","result",3.6624355,4e-06,0b00001110,0b00000000
"SPI","result",3.66244325,4e-06,0b00000000,0b00000000
"SPI","result",3.662448,4e-06,0b00000001,0b00000000
"SPI","disable",3.66245325,2.5e-07,,
"SPI","enable",3.6624555,2.5e-07,,
"SPI","result",3.66245775,4e-06,0b00000000,0b00000000
"SPI","result",3.66246225,4.25e-06,0b00000001,0b00000000
"SPI","result",3.66247025,4e-06,0b00000110,0b00000000
"SPI","result",3.66247475,4.25e-06,0b00000010,0b00000000
"SPI","disable",3.66248,2.5e-07,,
"SPI","enable",3.6624825,2.5e-07,,
"SPI","result",3.6624845,4.25e-06,0b00000001,0b00000000
"SPI","result",3.66248925,4e-06,0b00001111,0b00000000
"SPI","result",3.662497,4.25e-06,0b00000000,0b00000000
"SPI","result",3.66250175,4e-06,0b00001111,0b00000000
"SPI","disable",3.662507,2.5e-07,,
"SPI","enable",3.66251075,2.5e-07,,
"SPI","result",3.662513,4e-06,0b00000000,0b00000000
"SPI","result",3.66251775,4e-06,0b00001111,0b00000000
"SPI","result",3.6625255,4e-06,0b00000000,0b00000000
"SPI","result",3.66253025,4e-06,0b00000100,0b00000000
"SPI","disable",3.6625355,2.5e-07,,
"SPI","enable",3.66253775,2.5e-07,,
"SPI","result",3.66254,4e-06,0b00000000,0b00000000
"SPI","result",3.66254475,4e-06,0b00001011,0b00000000
"SPI","result",3.6625525,4e-06,0b00000000,0b00000000
"SPI","result",3.662557,4.25e-06,0b00000001,0b00000000
"SPI","disable",3.6625625,2.5e-07,,
"SPI","enable",3.66256475,2.5e-07,,
"SPI","result",3.66256675,4.25e-06,0b00000000,0b00000000
"SPI","result",3.6625715,4e-06,0b00000011,0b00000000
"SPI","result",3.66257925,4.25e-06,0b00000000,0b00000000
"SPI","result",3.662584,4e-06,0b00001111,0b00000000
"SPI","disable",3.66258925,2.5e-07,,
"SPI","enable",3.66279725,2.5e-07,,
"SPI","result",3.66279825,4e-06,0b00001010,0b00000000
"SPI","disable",3.6628025,2.5e-07,,
"SPI","enable",3.66280525,2.5e-07,,
"SPI","result",3.66280625,4e-06,0b00001110,0b00000000
"SPI","disable",3.6628105,2.5e-07,,
"SPI","enable",3.66281225,2.5e-07,,
"SPI","result",3.6628145,4.25e-06,0b00000000,0b00000000
"SPI","result",3.66281925,4e-06,0b00000101,0b00000000
"SPI","result",3.66282925,4.25e-06,0b00000100,0b00000000
"SPI","result",3.662834,4e-06,0b00001001,0b00000000
"SPI","result",3.662845,4e-06,0b00000010,0b00000000
"SPI","result",3.6628495,4.25e-06,0b00001010,0b00000000
"SPI","result",3.6628605,4e-06,0b00000010,0b00000000
"SPI","result",3.662865,4.25e-06,0b00000001,0b00000000
"SPI","result",3.662876,4e-06,0b00000110,0b00000000
"SPI","result",3.6628805,4.25e-06,0b00000100,0b00000000
"SPI","result",3.6628915,4e-06,0b00000010,0b00000000
"SPI","result",3.662896,4.25e-06,0b00000001,0b00000000
"SPI","result",3.662907,4e-06,0b00000011,0b00000000
"SPI","result",3.6629115,4.25e-06,0b00000100,0b00000000
"SPI","result",3.6629225,4e-06,0b00000010,0b00000000
"SPI","result",3.66292725,4e-06,0b00000001,0b00000000
"SPI","result",3.662938,4e-06,0b00000001,0b00000000
"SPI","result",3.66294275,4e-06,0b00000100,0b00000000
"SPI","result",3.6629535,4e-06,0b00000010,0b00000000
"SPI","result",3.66295825,4e-06,0b00001100,0b00000000
"SPI","result",3.662969,4e-06,0b00000001,0b00000000
"SPI","result",3.66297375,4e-06,0b00000100,0b00000000
"SPI","result",3.6629845,4e-06,0b00000010,0b00000000
"SPI","result",3.66298925,4e-06,0b00001100,0b00000000
"SPI","result",3.663,4.25e-06,0b00000001,0b00000000
"SPI","result",3.66300475,4e-06,0b00000100,0b00000000
"SPI","result",3.6630155,4.25e-06,0b00000010,0b00000000
"SPI","result",3.66302025,4e-06,0b00001100,0b00000000
"SPI","result",3.663031,4.25e-06,0b00000001,0b00000000
"SPI","result",3.66303575,4e-06,0b00000100,0b00000000
"SPI","result",3.66304675,4e-06,0b00000010,0b00000000
"SPI","result",3.66305125,4e-06,0b00000001,0b00000000
"SPI","result",3.66306225,4e-06,0b00000000,0b00000000
"SPI","result",3.66306675,4e-06,0b00000000,0b00000000
"SPI","disable",3.66307475,2.50000001e-07,,
"SPI","enable",3.663077,2.50000001e-07,,
"SPI","result",3.663078,4e-06,0b00001101,0b00000000
"SPI","disable",3.66308225,2.5e-07,,
"SPI","enable",3.98024025,2.5e-07,,
"SPI","result",3.98024125,4e-06,0b00001010,0b00000000
"SPI","disable",3.9802455,2.5e-07,,
"SPI","enable",3.9802485,2.5e-07,,
"SPI","result",3.9802505,4.25e-06,0b00000010,0b00000000
"SPI","result",3.98025525,4e-06,0b00001000,0b00000000
"SPI","result",3.980263,4.25e-06,0b00000001,0b00000000
"SPI","result",3.98026775,4e-06,0b00001111,0b00000000
"SPI","disable",3.980273,2.5e-07,,
"SPI","enable",3.98027525,2.5e-07,,
"SPI","result",3.9802775,4e-06,0b00000000,0b00000000
"SPI","result",3.98028225,4e-06,0b00001110,0b00000000
"SPI","result",3.98029,4e-06,0b00000000,0b00000000
"SPI","result",3.98029475,4e-06,0b00000001,0b00000000
"SPI","disable",3.9803,2.5e-07,,
"SPI","enable",3.98030225,2.50000001e-07,,
"SPI","result",3.9803045,4e-06,0b00000000,0b00000000
"SPI","result",3.980309,4.25e-06,0b00000001,0b00000000
"SPI","result",3.98031675,4.25e-06,0b00000110,0b00000000
"SPI","result",3.9803215,4e-06,0b00000010,0b00000000
"SPI","disable",3.98032675,2.5e-07,,
"SPI","enable",3.98032925,2.5e-07,,
"SPI","result",3.98033125,4.25e-06,0b00000001,0b00000000
"SPI","result",3.980336,4e-06,0b00001111,0b00000000
"SPI","result",3.98034375,4e-06,0b00000000,0b00000000
"SPI","result",3.9803485,4e-06,0b00001111,0b00000000
"SPI","disable",3.98035375,2.50000001e-07,,
"SPI","enable",3.9803575,2.5e-07,,
"SPI","result",3.98035975,4e-06,0b00000000,0b00000000
"SPI","result",3.9803645,4e-06,0b00001111,0b00000000
"SPI","result",3.98037225,4e-06,0b00000000,0b00000000
"SPI","result",3.980377,4e-06,0b00000100,0b00000000
"SPI","disable",3.98038225,2.5e-07,,
"SPI","enable",3.9803845,2.5e-07,,
"SPI","result",3.98038675,4e-06,0b00000000,0b00000000
"SPI","result",3.98039125,4.25e-06,0b00001011,0b00000000
"SPI","result",3.980399,4.25e-06,0b00000000,0b00000000
"SPI","result",3.98040375,4e-06,0b00000001,0b00000000
"SPI","disable",3.980409,2.50000001e-07,,
"SPI","enable",3.9804115,2.5e-07,,
"SPI","result",3.9804135,4.25e-06,0b00000000,0b00000000
"SPI","result",3.98041825,4e-06,0b00000011,0b00000000
"SPI","result",3.980426,4e-06,0b00000000,0b00000000
"SPI","result",3.98043075,4e-06,0b00001111,0b00000000
"SPI","disable",3.980436,2.5e-07,,
"SPI","enable",3.980644,2.50000001e-07,,
"SPI","result",3.980645,4e-06,0b00001010,0b00000000
"SPI","disable",3.98064925,2.5e-07,,
"SPI","enable",3.980652,2.5e-07,,
"SPI","result",3.980653,4e-06,0b00001110,0b00000000
"SPI","disable",3.98065725,2.5e-07,,
"SPI","enable",3.980659,2.5e-07,,
"SPI","result",3.98066125,4e-06,0b00000000,0b00000000
"SPI","result",3.980666,4e-06,0b00000101,0b00000000
"SPI","result",3.980676,4.25e-06,0b00000100,0b00000000
"SPI","result",3.98068075,4e-06,0b00001001,0b00000000
"SPI","result",3.9806915,4.25e-06,0b00000010,0b00000000
"SPI","result",3.98069625,4e-06,0b00001111,0b00000000
"SPI","result",3.98070725,4e-06,0b00000010,0b00000000
"SPI","result",3.98071175,4e-06,0b00000001,0b00000000
"SPI","result",3.98072275,4e-06,0b00000110,0b00000000
"SPI","result",3.98072725,4.25e-06,0b00000100,0b00000000
"SPI","result",3.98073825,4e-06,0b00000010,0b00000000
"SPI","result",3.98074275,4.25e-06,0b00000001,0b00000000
"SPI","result",3.98075375,4e-06,0b00000011,0b00000000
"SPI","result",3.98075825,4.25e-06,0b00000100,0b00000000
"SPI","result",3.98076925,4e-06,0b00000010,0b00000000
"SPI","result",3.98077375,4.25e-06,0b00000001,0b00000000
"SPI","result",3.98078475,4e-06,0b00000001,0b00000000
"SPI","result",3.98078925,4.25e-06,0b00000100,0b00000000
"SPI","result",3.98080025,4e-06,0b00000010,0b00000000
"SPI","result",3.980805,4e-06,0b00001100,0b00000000
"SPI","result",3.98081575,4e-06,0b00000001,0b00000000
"SPI","result",3.9808205,4e-06,0b00000100,0b00000000
"SPI","result",3.98083125,4e-06,0b00000010,0b00000000
"SPI","result",3.980836,4e-06,0b00001100,0b00000000
"SPI","result",3.98084675,4e-06,0b00000001,0b00000000
"SPI","result",3.9808515,4e-06,0b00000100,0b00000000
"SPI","result",3.98086225,4e-06,0b00000010,0b00000000
"SPI","result",3.980867,4e-06,0b00001100,0b00000000
"SPI","result",3.98087775,4.25e-06,0b00000001,0b00000000
"SPI","result",3.9808825,4e-06,0b00000100,0b00000000
"SPI","result",3.98089325,4.25e-06,0b00000010,0b00000000
"SPI","result",3.980898,4e-06,0b00000001,0b00000000
"SPI","result",3.98090875,4.25e-06,0b00000000,0b00000000
"SPI","result",3.9809135,4e-06,0b00000000,0b00000000
"SPI","disable",3.9809215,2.5e-07,,
"SPI","enable",3.98092375,2.5e-07,,
"SPI","result",3.98092475,4e-06,0b00001101,0b00000000
"SPI","disable",3.980929,2.5e-07,,
"SPI","enable",4.2980935,2.5e-07,,
"SPI","result",4.2980945,4e-06,0b00001010,0b00000000
"SPI","disable",4.29809875,2.49999999e-07,,
"SPI","enable",4.2981015,2.5e-07,,
"SPI","result",4.29810375,4e-06,0b00000010,0b00000000
"SPI","result",4.2981085,4e-06,0b00001000,0b00000000
"SPI","result",4.29811625,4e-06,0b00000001,0b00000000
"SPI","result",4.298121,4e-06,0b00001111,0b00000000
"SPI","disable",4.29812625,2.5e-07,,
"SPI","enable",4.2981285,2.5e-07,,
"SPI","result",4.29813075,4e-06,0b00000000,0b00000000
"SPI","result",4.2981355,4e-06,0b00001110,0b00000000
"SPI","result",4.29814325,4e-06,0b00000000,0b00000000
"SPI","result",4.29814775,4.25e-06,0b00000001,0b00000000
"SPI","disable",4.29815325,2.49999999e-07,,
"SPI","enable",4.2981555,2.5e-07,,
"SPI","result",4.2981575,4.25e-06,0b00000000,0b00000000
"SPI","result",4.29816225,4e-06,0b00000001,0b00000000
"SPI","result",4.29817,4.25e-06,0b00000110,0b00000000
"SPI","result",4.29817475,4e-06,0b00000010,0b00000000
"SPI","disable",4.29818,2.49999999e-07,,
"SPI","enable",4.29818225,2.5e-07,,
"SPI","result",4.2981845,4e-06,0b00000001,0b00000000
"SPI","result",4.29818925,4e-06,0b00001111,0b00000000
"SPI","result",4.298197,4e-06,0b00000000,0b00000000
"SPI","result",4.29820175,4e-06,0b00001111,0b00000000
"SPI","disable",4.298207,2.5e-07,,
"SPI","enable",4.29821075,2.5e-07,,
"SPI","result",4.298213,4e-06,0b00000000,0b00000000
"SPI","result",4.29821775,4e-06,0b00001111,0b00000000
"SPI","result",4.2982255,4e-06,0b00000000,0b00000000
"SPI","result",4.29823,4.25e-06,0b00000100,0b00000000
"SPI","disable",4.29823525,2.49999999e-07,,
"SPI","enable",4.29823775,2.49999999e-07,,
"SPI","result",4.29823975,4.25e-06,0b00000000,0b00000000
"SPI","result",4.2982445,4e-06,0b00001011,0b00000000
"SPI","result",4.29825225,4.25e-06,0b00000000,0b00000000
"SPI","result",4.298257,4e-06,0b00000001,0b00000000
"SPI","disable",4.29826225,2.5e-07,,
"SPI","enable",4.2982645,2.5e-07,,
"SPI","result",4.29826675,4e-06,0b00000000,0b00000000
"SPI","result",4.2982715,4e-06,0b00000011,0b00000000
"SPI","result",4.29827925,4e-06,0b00000000,0b00000000
"SPI","result",4.298284,4e-06,0b00001111,0b00000000
"SPI","disable",4.29828925,2.5e-07,,
"SPI","enable",4.29849725,2.5e-07,,
"SPI","result",4.29849825,4e-06,0b00001010,0b00000000
"SPI","disable",4.2985025,2.5e-07,,
"SPI","enable",4.29850525,2.5e-07,,
"SPI","result",4.29850625,4e-06,0b00001110,0b00000000
"SPI","disable",4.2985105,2.5e-07,,
"SPI","enable",4.29851225,2.5e-07,,
"SPI","result",4.2985145,4e-06,0b00000000,0b00000000
"SPI","result",4.29851925,4e-06,0b00000101,0b00000000
"SPI","result",4.29852925,4.25e-06,0b00000100,0b00000000
"SPI","result",4.298534,4e-06,0b00001001,0b00000000
"SPI","result",4.29854475,4.25e-06,0b00000011,0b00000000
"SPI","result",4.2985495,4e-06,0b00000100,0b00000000
"SPI","result",4.2985605,4e-06,0b00000010,0b00000000
"SPI","result",4.298565,4e-06,0b00000001,0b00000000
"SPI","result",4.298576,4e-06,0b00000110,0b00000000
"SPI","result",4.2985805,4.25e-06,0b00000100,0b00000000
"SPI","result",4.2985915,4e-06,0b00000010,0b00000000
"SPI","result",4.298596,4.25e-06,0b00000001,0b00000000
"SPI","result",4.298607,4e-06,0b00000011,0b00000000
"SPI","result",4.2986115,4.25e-06,0b00000100,0b00000000
"SPI","result",4.2986225,4e-06,0b00000010,0b00000000
"SPI","result",4.298627,4.25e-06,0b00000001,0b00000000
"SPI","result",4.298638,4e-06,0b00000001,0b00000000
"SPI","result",4.29864275,4e-06,0b00000100,0b00000000
"SPI","result",4.2986535,4e-06,0b00000010,0b00000000
"SPI","result",4.29865825,4e-06,0b00001100,0b00000000
"SPI","result",4.298669,4e-06,0b00000001,0b00000000
"SPI","result",4.29867375,4e-06,0b00000100,0b00000000
"SPI","result",4.2986845,4e-06,0b00000010,0b00000000
"SPI","result",4.29868925,4e-06,0b00001100,0b00000000
"SPI","result",4.2987,4e-06,0b00000001,0b00000000
"SPI","result",4.29870475,4e-06,0b00000100,0b00000000
"SPI","result",4.2987155,4.25e-06,0b00000010,0b00000000
"SPI","result",4.29872025,4e-06,0b00001100,0b00000000
"SPI","result",4.298731,4.25e-06,0b00000001,0b00000000
"SPI","result",4.29873575,4e-06,0b00000100,0b00000000
"SPI","result",4.2987465,4.25e-06,0b00000010,0b00000000
"SPI","result",4.29875125,4e-06,0b00000001,0b00000000
"SPI","result",4.29876225,4e-06,0b00000000,0b00000000
"SPI","result",4.29876675,4e-06,0b00000000,0b00000000
"SPI","disable",4.29877475,2.5e-07,,
"SPI","enable",4.298777,2.5e-07,,
"SPI","result",4.298778,4e-06,0b00001101,0b00000000
"SPI","disable",4.29878225,2.49999999e-07,,
"SPI","enable",4.6159185,2.49999999e-07,,
"SPI","result",4.61591925,4.25e-06,0b00001010,0b00000000
"SPI","disable",4.6159235,2.5e-07,,
"SPI","enable",4.6159265,2.5e-07,,
"SPI","result",4.61592875,4e-06,0b00000010,0b00000000
"SPI","result",4.61593325,4.25e-06,0b00001000,0b00000000
"SPI","result",4.61594125,4e-06,0b00000001,0b00000000
"SPI","result",4.61594575,4.25e-06,0b00001111,0b00000000
"SPI","disable",4.615951,2.5e-07,,
"SPI","enable",4.6159535,2.5e-07,,
"SPI","result",4.6159555,4.25e-06,0b00000000,0b00000000
"SPI","result",4.61596025,4e-06,0b00001110,0b00000000
"SPI","result",4.615968,4e-06,0b00000000,0b00000000
"SPI","result",4.61597275,4e-06,0b00000001,0b00000000
"SPI","disable",4.615978,2.5e-07,,
"SPI","enable",4.61598025,2.5e-07,,
"SPI","result",4.6159825,4e-06,0b00000000,0b00000000
"SPI","result",4.61598725,4e-06,0b00000001,0b00000000
"SPI","result",4.615995,4e-06,0b00000110,0b00000000
"SPI","result",4.6159995,4.25e-06,0b00000010,0b00000000
"SPI","disable",4.616005,2.5e-07,,
"SPI","enable",4.61600725,2.50000001e-07,,
"SPI","result",4.6160095,4e-06,0b00000001,0b00000000
"SPI","result",4.616014,4e-06,0b00001111,0b00000000
"SPI","result",4.61602175,4.25e-06,0b00000000,0b00000000
"SPI","result",4.6160265,4e-06,0b00001111,0b00000000
"SPI","disable",4.61603175,2.49999999e-07,,
"SPI","enable",4.61603575,2.5e-07,,
"SPI","result",4.61603775,4.25e-06,0b00000000,0b00000000
"SPI","result",4.6160425,4e-06,0b00001111,0b00000000
"SPI","result",4.61605025,4e-06,0b00000000,0b00000000
"SPI","result",4.616055,4e-06,0b00000100,0b00000000
"SPI","disable",4.61606025,2.49999999e-07,,
"SPI","enable",4.6160625,2.5e-07,,
"SPI","result",4.61606475,4e-06,0b00000000,0b00000000
"SPI","result",4.6160695,4e-06,0b00001011,0b00000000
"SPI","result",4.61607725,4e-06,0b00000000,0b00000000
"SPI","result",4.61608175,4.25e-06,0b00000001,0b00000000
"SPI","disable",4.61608725,2.5e-07,,
"SPI","enable",4.6160895,2.5e-07,,
"SPI","result",4.6160915,4.25e-06,0b00000000,0b00000000
"SPI","result",4.61609625,4e-06,0b00000011,0b00000000
"SPI","result",4.616104,4.25e-06,0b00000000,0b00000000
"SPI","result",4.61610875,4e-06,0b00001111,0b00000000
"SPI","disable",4.616114,2.5e-07,,
"SPI","enable",4.616322,2.49999999e-07,,
"SPI","result",4.616323,4e-06,0b00001010,0b00000000
"SPI","disable",4.61632725,2.49999999e-07,,
"SPI","enable",4.61633,2.5e-07,,
"SPI","result",4.616331,4e-06,0b00001110,0b00000000
"SPI","disable",4.61633525,2.5e-07,,
"SPI","enable",4.616337,2.5e-07,,
"SPI","result",4.61633925,4.25e-06,0b00000000,0b00000000
"SPI","result",4.616344,4e-06,0b00000101,0b00000000
"SPI","result",4.61635425,4e-06,0b00000100,0b00000000
"SPI","result",4.61635875,4e-06,0b00001001,0b00000000
"SPI","result",4.61636975,4e-06,0b00000011,0b00000000
"SPI","result",4.61637425,4.25e-06,0b00001001,0b00000000
"SPI","result",4.61638525,4e-06,0b00000010,0b00000000
"SPI","result",4.61638975,4.25e-06,0b00000001,0b00000000
"SPI","result",4.61640075,4e-06,0b00000110,0b00000000
"SPI","result",4.61640525,4.25e-06,0b00000100,0b00000000
"SPI","result",4.61641625,4e-06,0b00000010,0b00000000
"SPI","result",4.61642075,4.25e-06,0b00000001,0b00000000
"SPI","result",4.61643175,4e-06,0b00000011,0b00000000
"SPI","result",4.61643625,4.25e-06,0b00000100,0b00000000
"SPI","result",4.61644725,4e-06,0b00000010,0b00000000
"SPI","result",4.616452,4e-06,0b00000001,0b00000000
"SPI","result",4.61646275,4e-06,0b00000001,0b00000000
"SPI","result",4.6164675,4e-06,0b00000100,0b00000000
"SPI","result",4.61647825,4e-06,0b00000010,0b00000000
"SPI","result",4.616483,4e-06,0b00001100,0b00000000
"SPI","result",4.61649375,4e-06,0b00000001,0b00000000
"SPI","result",4.6164985,4e-06,0b00000100,0b00000000
"SPI","result",4.61650925,4e-06,0b00000010,0b00000000
"SPI","result",4.616514,4e-06,0b00001100,0b00000000
"SPI","result",4.61652475,4.25e-06,0b00000001,0b00000000
"SPI","result",4.6165295,4e-06,0b00000100,0b00000000
"SPI","result",4.61654025,4.25e-06,0b00000010,0b00000000
"SPI","result",4.616545,4e-06,0b00001100,0b00000000
"SPI","result",4.61655575,4.25e-06,0b00000001,0b00000000
"SPI","result",4.6165605,4e-06,0b00000100,0b00000000
"SPI","result",4.61657125,4.25e-06,0b00000010,0b00000000
"SPI","result",4.616576,4e-06,0b00000001,0b00000000
"SPI","result",4.61658675,4.25e-06,0b00000000,0b00000000
"SPI","result",4.6165915,4e-06,0b00000000,0b00000000
"SPI","disable",4.6165995,2.49999999e-07,,
"SPI","enable",4.61660175,2.50000001e-07,,
"SPI","result",4.61660275,4e-06,0b00001101,0b00000000
"SPI","disable",4.616607,2.5e-07,,
"SPI","enable",4.93372175,2.50000001e-07,,
"SPI","result",4.9337225,4.25e-06,0b00001010,0b00000000
"SPI","disable",4.93372675,2.5e-07,,
"SPI","enable",4.93372975,2.49999999e-07,,
"SPI","result",4.933732,4e-06,0b00000010,0b00000000
"SPI","result",4.9337365,4.25e-06,0b00001000,0b00000000
"SPI","result",4.9337445,4e-06,0b00000001,0b00000000
"SPI","result",4.933749,4e-06,0b00001111,0b00000000
"SPI","disable",4.93375425,2.5e-07,,
"SPI","enable",4.9337565,2.49999999e-07,,
"SPI","result",4.93375875,4.25e-06,0b00000000,0b00000000
"SPI","result",4.9337635,4e-06,0b00001110,0b00000000
"SPI","result",4.93377125,4e-06,0b00000000,0b00000000
"SPI","result",4.933776,4e-06,0b00000001,0b00000000
"SPI","disable",4.93378125,2.5e-07,,
"SPI","enable",4.9337835,2.5e-07,,
"SPI","result",4.93378575,4e-06,0b00000000,0b00000000
"SPI","result",4.93379025,4.25e-06,0b00000001,0b00000000
"SPI","result",4.93379825,4e-06,0b00000110,0b00000000
"SPI","result",4.93380275,4.25e-06,0b00000010,0b00000000
"SPI","disable",4.933808,2.5e-07,,
"SPI","enable",4.9338105,2.50000001e-07,,
"SPI","result",4.9338125,4.25e-06,0b00000001,0b00000000
"SPI","result",4.93381725,4e-06,0b00001111,0b00000000
"SPI","result",4.933825,4.25e-06,0b00000000,0b00000000
"SPI","result",4.93382975,4e-06,0b00001111,0b00000000
"SPI","disable",4.933835,2.49999999e-07,,
"SPI","enable",4.93383875,2.5e-07,,
"SPI","result",4.933841,4e-06,0b00000000,0b00000000
"SPI","result",4.93384575,4e-06,0b00001111,0b00000000
"SPI","result",4.9338535,4e-06,0b00000000,0b00000000
"SPI","result",4.93385825,4e-06,0b00000100,0b00000000
"SPI","disable",4.9338635,2.5e-07,,
"SPI","enable",4.93386575,2.5e-07,,
"SPI","result",4.933868,4e-06,0b00000000,0b00000000
"SPI","result",4.93387275,4e-06,0b00001011,0b00000000
"SPI","result",4.9338805,4e-06,0b00000000,0b00000000
"SPI","result",4.933885,4e-06,0b00000001,0b00000000
"SPI","disable",4.93389025,2.5e-07,,
"SPI","enable",4.93389275,2.5e-07,,
"SPI","result",4.93389475,4.25e-06,0b00000000,0b00000000
"SPI","result",4.9338995,4e-06,0b00000011,0b00000000
"SPI","result",4.93390725,4e-06,0b00000000,0b00000000
"SPI","result",4.933912,4e-06,0b00001111,0b00000000
"SPI","disable",4.93391725,2.49999999e-07,,
"SPI","enable",4.93412525,2.5e-07,,
"SPI","result",4.93412625,4e-06,0b00001010,0b00000000
"SPI","disable",4.93413025,2.5e-07,,
"SPI","enable",4.93413325,2.49999999e-07,,
"SPI","result",4.93413425,4e-06,0b00001110,0b00000000
"SPI","disable",4.93413825,2.5e-07,,
"SPI","enable",4.93414,2.49999999e-07,,
"SPI","result",4.9341425,4e-06,0b00000000,0b00000000
"SPI","result",4.93414725,4e-06,0b00000101,0b00000000
"SPI","result",4.93415725,4e-06,0b00000100,0b00000000
"SPI","result",4.934162,4e-06,0b00001001,0b00000000
"SPI","result",4.93417275,4e-06,0b00000011,0b00000000
"SPI","result",4.9341775,4e-06,0b00001110,0b00000000
"SPI","result",4.93418825,4e-06,0b00000010,0b00000000
"SPI","result",4.934193,4e-06,0b00000001,0b00000000
"SPI","result",4.93420375,4.25e-06,0b00000110,0b00000000
"SPI","result",4.9342085,4e-06,0b00000100,0b00000000
"SPI","result",4.93421925,4.25e-06,0b00000010,0b00000000
"SPI","result",4.934224,4e-06,0b00000001,0b00000000
"SPI","result",4.93423475,4.25e-06,0b00000011,0b00000000
"SPI","result",4.9342395,4e-06,0b00000100,0b00000000
"SPI","result",4.93425025,4.25e-06,0b00000010,0b00000000
"SPI","result",4.934255,4e-06,0b00000001,0b00000000
"SPI","result",4.93426575,4.25e-06,0b00000001,0b00000000
"SPI","result",4.9342705,4e-06,0b00000100,0b00000000
"SPI","result",4.9342815,4e-06,0b00000010,0b00000000
"SPI","result",4.934286,4e-06,0b00001100,0b00000000
"SPI","result",4.934297,4e-06,0b00000001,0b00000000
"SPI","result",4.9343015,4e-06,0b00000100,0b00000000
"SPI","result",4.9343125,4e-06,0b00000010,0b00000000
"SPI","result",4.934317,4.25e-06,0b00001100,0b00000000
"SPI","result",4.934328,4e-06,0b00000001,0b00000000
"SPI","result",4.9343325,4.25e-06,0b00000100,0b00000000
"SPI","result",4.9343435,4e-06,0b00000010,0b00000000
"SPI","result",4.934348,4.25e-06,0b00001100,0b00000000
"SPI","result",4.934359,4e-06,0b00000001,0b00000000
"SPI","result",4.9343635,4.25e-06,0b00000100,0b00000000
"SPI","result",4.9343745,4e-06,0b00000010,0b00000000
"SPI","result",4.934379,4.25e-06,0b00000001,0b00000000
"SPI","result",4.93439,4e-06,0b00000000,0b00000000
"SPI","result",4.93439475,4e-06,0b00000000,0b00000000
"SPI","disable",4.93440275,2.49999999e-07,,
"SPI","enable",4.934405,2.5e-07,,
"SPI","result",4.93440575,4.25e-06,0b00001101,0b00000000
"SPI","disable",4.93441,2.5e-07,,
"SPI","enable",5.25152625,2.49999999e-07,,
"SPI","result",5.251527,4.25e-06,0b00001010,0b00000000
"SPI","disable",5.25153125,2.49999999e-07,,
"SPI","enable",5.25153425,2.5e-07,,
"SPI","result",5.2515365,4e-06,0b00000010,0b00000000
"SPI","result",5.251541,4.25e-06,0b00001000,0b00000000
"SPI","result",5.251549,4e-06,0b00000001,0b00000000
"SPI","result",5.2515535,4.25e-06,0b00001111,0b00000000
"SPI","disable",5.25155875,2.5e-07,,
"SPI","enable",5.25156125,2.5e-07,,
"SPI","result",5.25156325,4.25e-06,0b00000000,0b00000000
"SPI","result",5.251568,4e-06,0b00001110,0b00000000
"SPI","result",5.25157575,4.25e-06,0b00000000,0b00000000
"SPI","result",5.2515805,4e-06,0b00000001,0b00000000
"SPI","disable",5.25158575,2.49999999e-07,,
"SPI","enable",5.251588,2.5e-07,,
"SPI","result",5.25159025,4e-06,0b00000000,0b00000000
"SPI","result",5.251595,4e-06,0b00000001,0b00000000
"SPI","result",5.25160275,4e-06,0b00000110,0b00000000
"SPI","result",5.2516075,4e-06,0b00000010,0b00000000
"SPI","disable",5.25161275,2.50000001e-07,,
"SPI","enable",5.251615,2.50000001e-07,,
"SPI","result",5.25161725,4e-06,0b00000001,0b00000000
"SPI","result",5.25162175,4.25e-06,0b00001111,0b00000000
"SPI","result",5.25162975,4e-06,0b00000000,0b00000000
"SPI","result",5.25163425,4e-06,0b00001111,0b00000000
"SPI","disable",5.2516395,2.50000001e-07,,
"SPI","enable",5.2516435,2.5e-07,,
"SPI","result",5.2516455,4.25e-06,0b00000000,0b00000000
"SPI","result",5.25165025,4e-06,0b00001111,0b00000000
"SPI","result",5.251658,4.25e-06,0b00000000,0b00000000
"SPI","result",5.25166275,4e-06,0b00000100,0b00000000
"SPI","disable",5.251668,2.5e-07,,
"SPI","enable",5.25167025,2.5e-07,,
"SPI","result",5.2516725,4e-06,0b00000000,0b00000000
"SPI","result",5.25167725,4e-06,0b00001011,0b00000000
"SPI","result",5.251685,4e-06,0b00000000,0b00000000
"SPI","result",5.25168975,4e-06,0b00000001,0b00000000
"SPI","disable",5.251695,2.5e-07,,
"SPI","enable",5.25169725,2.49999999e-07,,
"SPI","result",5.2516995,4e-06,0b00000000,0b00000000
"SPI","result",5.251704,4.25e-06,0b00000011,0b00000000
"SPI","result",5.251712,4e-06,0b00000000,0b00000000
"SPI","result",5.2517165,4e-06,0b00001111,0b00000000
"SPI","disable",5.25172175,2.5e-07,,
"SPI","enable",5.25193,2.50000001e-07,,
"SPI","result",5.25193075,4.25e-06,0b00001010,0b00000000
"SPI","disable",5.251935,2.5e-07,,
"SPI","enable",5.251938,2.5e-07,,
"SPI","result",5.25193875,4.25e-06,0b00001110,0b00000000
"SPI","disable",5.251943,2.5e-07,,
"SPI","enable",5.25194475,2.5e-07,,
"SPI","result",5.25194725,4e-06,0b00000000,0b00000000
"SPI","result",5.25195175,4.25e-06,0b00000101,0b00000000
"SPI","result",5.251962,4e-06,0b00000100,0b00000000
"SPI","result",5.25196675,4e-06,0b00001001,0b00000000
"SPI","result",5.2519775,4e-06,0b00000100,0b00000000
"SPI","result",5.25198225,4e-06,0b00000011,0b00000000
"SPI","result",5.251993,4e-06,0b00000010,0b00000000
"SPI","result",5.25199775,4e-06,0b00000001,0b00000000
"SPI","result",5.2520085,4e-06,0b00000110,0b00000000
"SPI","result",5.25201325,4e-06,0b00000100,0b00000000
"SPI","result",5.252024,4e-06,0b00000010,0b00000000
"SPI","result",5.25202875,4e-06,0b00000001,0b00000000
"SPI","result",5.2520395,4e-06,0b00000011,0b00000000
"SPI","result",5.25204425,4e-06,0b00000100,0b00000000
"SPI","result",5.252055,4.25e-06,0b00000010,0b00000000
"SPI","result",5.25205975,4e-06,0b00000001,0b00000000
"SPI","result",5.2520705,4.25e-06,0b00000001,0b00000000
"SPI","result",5.25207525,4e-06,0b00000100,0b00000000
"SPI","result",5.252086,4.25e-06,0b00000010,0b00000000
"SPI","result",5.25209075,4e-06,0b00001100,0b00000000
"SPI","result",5.25210175,4e-06,0b00000001,0b00000000
"SPI","result",5.25210625,4e-06,0b00000100,0b00000000
"SPI","result",5.25211725,4e-06,0b00000010,0b00000000
"SPI","result",5.25212175,4e-06,0b00001100,0b00000000
"SPI","result",5.25213275,4e-06,0b00000001,0b00000000
"SPI","result",5.25213725,4.25e-06,0b00000100,0b00000000
"SPI","result",5.25214825,4e-06,0b00000010,0b00000000
"SPI","result",5.25215275,4.25e-06,0b00001100,0b00000000
"SPI","result",5.25216375,4e-06,0b00000001,0b00000000
"SPI","result",5.25216825,4.25e-06,0b00000100,0b00000000
"SPI","result",5.25217925,4e-06,0b00000010,0b00000000
"SPI","result",5.25218375,4.25e-06,0b00000001,0b00000000
"SPI","result",5.25219475,4e-06,0b00000000,0b00000000
"SPI","result",5.2521995,4e-06,0b00000000,0b00000000
"SPI","disable",5.2522075,2.50000001e-07,,
"SPI","enable",5.25220975,2.5e-07,,
"SPI","result",5.25221075,4e-06,0b00001101,0b00000000
"SPI","disable",5.25221475,2.49999999e-07,,
"SPI","enable",5.56938525,2.5e-07,,
"SPI","result",5.569386,4.25e-06,0b00001010,0b00000000
"SPI","disable",5.56939025,2.5e-07,,
"SPI","enable",5.56939325,2.5e-07,,
"SPI","result",5.5693955,4e-06,0b00000010,0b00000000
"SPI","result",5.5694,4.25e-06,0b00001000,0b00000000
"SPI","result",5.569408,4e-06,0b00000001,0b00000000
"SPI","result",5.5694125,4e-06,0b00001111,0b00000000
"SPI","disable",5.56941775,2.49999999e-07,,
"SPI","enable",5.56942025,2.49999999e-07,,
"SPI","result",5.56942225,4.25e-06,0b00000000,0b00000000
"SPI","result",5.569427,4e-06,0b00001110,0b00000000
"SPI","result",5.56943475,4e-06,0b00000000,0b00000000
"SPI","result",5.5694395,4e-06,0b00000001,0b00000000
"SPI","disable",5.56944475,2.5e-07,,
"SPI","enable",5.569447,2.49999999e-07,,
"SPI","result",5.56944925,4e-06,0b00000000,0b00000000
"SPI","result",5.569454,4e-06,0b00000001,0b00000000
"SPI","result",5.56946175,4e-06,0b00000110,0b00000000
"SPI","result",5.56946625,4.25e-06,0b00000010,0b00000000
"SPI","disable",5.56947175,2.5e-07,,
"SPI","enable",5.569474,2.50000001e-07,,
"SPI","result",5.56947625,4e-06,0b00000001,0b00000000
"SPI","result",5.56948075,4.25e-06,0b00001111,0b00000000
"SPI","result",5.5694885,4.25e-06,0b00000000,0b00000000
"SPI","result",5.56949325,4e-06,0b00001111,0b00000000
"SPI","disable",5.5694985,2.5e-07,,
"SPI","enable",5.5695025,2.5e-07,,
"SPI","result",5.5695045,4.25e-06,0b00000000,0b00000000
"SPI","result",5.56950925,4e-06,0b00001111,0b00000000
"SPI","result",5.569517,4e-06,0b00000000,0b00000000
"SPI","result",5.56952175,4e-06,0b00000100,0b00000000
"SPI","disable",5.569527,2.5e-07,,
"SPI","enable",5.56952925,2.49999999e-07,,
"SPI","result",5.5695315,4e-06,0b00000000,0b00000000
"SPI","result",5.56953625,4e-06,0b00001011,0b00000000
"SPI","result",5.569544,4e-06,0b00000000,0b00000000
"SPI","result",5.56954875,4e-06,0b00000001,0b00000000
"SPI","disable",5.569554,2.5e-07,,
"SPI","enable",5.56955625,2.5e-07,,
"SPI","result",5.5695585,4e-06,0b00000000,0b00000000
"SPI","result",5.569563,4.25e-06,0b00000011,0b00000000
"SPI","result",5.569571,4e-06,0b00000000,0b00000000
"SPI","result",5.5695755,4e-06,0b00001111,0b00000000
"SPI","disable",5.56958075,2.5e-07,,
"SPI","enable",5.569789,2.50000001e-07,,
"SPI","result",5.56979,4e-06,0b00001010,0b00000000
"SPI","disable",5.569794,2.5e-07,,
"SPI","enable",5.569797,2.49999999e-07,,
"SPI","result",5.569798,4e-06,0b00001110,0b00000000
"SPI","disable",5.569802,2.5e-07,,
"SPI","enable",5.56980375,2.5e-07,,
"SPI","result",5.56980625,4e-06,0b00000000,0b00000000
"SPI","result",5.569811,4e-06,0b00000101,0b00000000
"SPI","result",5.569821,4e-06,0b00000100,0b00000000
"SPI","result",5.56982575,4e-06,0b00001001,0b00000000
"SPI","result",5.5698365,4e-06,0b00000100,0b00000000
"SPI","result",5.56984125,4e-06,0b00001000,0b00000000
"SPI","result",5.569852,4e-06,0b00000010,0b00000000
"SPI","result",5.56985675,4e-06,0b00000001,0b00000000
"SPI","result",5.5698675,4.25e-06,0b00000110,0b00000000
"SPI","result",5.56987225,4e-06,0b00000100,0b00000000
"SPI","result",5.569883,4.25e-06,0b00000010,0b00000000
"SPI","result",5.56988775,4e-06,0b00000001,0b00000000
"SPI","result",5.5698985,4.25e-06,0b00000011,0b00000000
"SPI","result",5.56990325,4e-06,0b00000100,0b00000000
"SPI","result",5.56991425,4e-06,0b00000010,0b00000000
"SPI","result",5.56991875,4e-06,0b00000001,0b00000000
"SPI","result",5.56992975,4e-06,0b00000001,0b00000000
"SPI","result",5.56993425,4.25e-06,0b00000100,0b00000000
"SPI","result",5.56994525,4e-06,0b00000010,0b00000000
"SPI","result",5.56994975,4.25e-06,0b00001100,0b00000000
"SPI","result",5.56996075,4e-06,0b00000001,0b00000000
"SPI","result",5.56996525,4.25e-06,0b00000100,0b00000000
"SPI","result",5.56997625,4e-06,0b00000010,0b00000000
"SPI","result",5.569981,4e-06,0b00001100,0b00000000
"SPI","result",5.56999175,4e-06,0b00000001,0b00000000
"SPI","result",5.5699965,4e-06,0b00000100,0b00000000
"SPI","result",5.57000725,4e-06,0b00000010,0b00000000
"SPI","result",5.570012,4e-06,0b00001100,0b00000000
"SPI","result",5.57002275,4e-06,0b00000001,0b00000000
"SPI","result",5.5700275,4e-06,0b00000100,0b00000000
"SPI","result",5.57003825,4e-06,0b00000010,0b00000000
"SPI","result",5.570043,4e-06,0b00000001,0b00000000
"SPI","result",5.57005375,4e-06,0b00000000,0b00000000
"SPI","result",5.5700585,4e-06,0b00000000,0b00000000
"SPI","disable",5.5700665,2.5e-07,,
"SPI","enable",5.57006875,2.50000001e-07,,
"SPI","result",5.57006975,4e-06,0b00001101,0b00000000
"SPI","disable",5.570074,2.50000001e-07,,
"SPI","enable",5.887237,2.5e-07,,
"SPI","result",5.887238,4e-06,0b00001010,0b00000000
"SPI","disable",5.88724225,2.5e-07,,
"SPI","enable",5.887245,2.5e-07,,
"SPI","result",5.88724725,4.25e-06,0b00000010,0b00000000
"SPI","result",5.887252,4e-06,0b00001000,0b00000000
"SPI","result",5.88725975,4e-06,0b00000001,0b00000000
"SPI","result",5.8872645,4e-06,0b00001111,0b00000000
"SPI","disable",5.88726975,2.50000001e-07,,
"SPI","enable",5.887272,2.5e-07,,
"SPI","result",5.88727425,4e-06,0b00000000,0b00000000
"SPI","result",5.887279,4e-06,0b00001110,0b00000000
"SPI","result",5.88728675,4e-06,0b00000000,0b00000000
"SPI","result",5.88729125,4.25e-06,0b00000001,0b00000000
"SPI","disable",5.88729675,2.50000001e-07,,
"SPI","enable",5.887299,2.5e-07,,
"SPI","result",5.887301,4.25e-06,0b00000000,0b00000000
"SPI","result",5.88730575,4e-06,0b00000001,0b00000000
"SPI","result",5.8873135,4.25e-06,0b00000110,0b00000000
"SPI","result",5.88731825,4e-06,0b00000010,0b00000000
"SPI","disable",5.8873235,2.50000001e-07,,
"SPI","enable",5.88732575,2.5e-07,,
"SPI","result",5.887328,4e-06,0b00000001,0b00000000
"SPI","result",5.88733275,4e-06,0b00001111,0b00000000
"SPI","result",5.8873405,4e-06,0b00000000,0b00000000
"SPI","result",5.88734525,4e-06,0b00001111,0b00000000
"SPI","disable",5.8873505,2.5e-07,,
"SPI","enable",5.88735425,2.5e-07,,
"SPI","result",5.8873565,4e-06,0b00000000,0b00000000
"SPI","result",5.88736125,4e-06,0b00001111,0b00000000
"SPI","result",5.887369,4e-06,0b00000000,0b00000000
"SPI","result",5.8873735,4.25e-06,0b00000100,0b00000000
"SPI","disable",5.887379,2.5e-07,,
"SPI","enable",5.88738125,2.50000001e-07,,
"SPI","result",5.8873835,4e-06,0b00000000,0b00000000
"SPI","result",5.887388,4e-06,0b00001011,0b00000000
"SPI","result",5.88739575,4.25e-06,0b00000000,0b00000000
"SPI","result",5.8874005,4e-06,0b00000001,0b00000000
"SPI","disable",5.88740575,2.5e-07,,
"SPI","enable",5.887408,2.50000001e-07,,
"SPI","result",5.88741025,4e-06,0b00000000,0b00000000
"SPI","result",5.887415,4e-06,0b00000011,0b00000000
"SPI","result",5.88742275,4e-06,0b00000000,0b00000000
"SPI","result",5.8874275,4e-06,0b00001111,0b00000000
"SPI","disable",5.88743275,2.5e-07,,
"SPI","enable",5.88764075,2.5e-07,,
"SPI","result",5.88764175,4e-06,0b00001010,0b00000000
"SPI","disable",5.887646,2.50000001e-07,,
"SPI","enable",5.88764875,2.49999999e-07,,
"SPI","result",5.88764975,4e-06,0b00001110,0b00000000
"SPI","disable",5.887654,2.49999999e-07,,
"SPI","enable",5.88765575,2.49999999e-07,,
"SPI","result",5.887658,4e-06,0b00000000,0b00000000
"SPI","result",5.88766275,4e-06,0b00000101,0b00000000
"SPI","result",5.88767275,4.25e-06,0b00000100,0b00000000
"SPI","result",5.8876775,4e-06,0b00001001,0b00000000
"SPI","result",5.88768825,4.25e-06,0b00000100,0b00000000
"SPI","result",5.887693,4e-06,0b00001101,0b00000000
"SPI","result",5.887704,4e-06,0b00000010,0b00000000
"SPI","result",5.8877085,4e-06,0b00000001,0b00000000
"SPI","result",5.8877195,4e-06,0b00000110,0b00000000
"SPI","result",5.887724,4.25e-06,0b00000100,0b00000000
"SPI","result",5.887735,4e-06,0b00000010,0b00000000
"SPI","result",5.8877395,4.25e-06,0b00000001,0b00000000
"SPI","result",5.8877505,4e-06,0b00000011,0b00000000
"SPI","result",5.887755,4.25e-06,0b00000100,0b00000000
"SPI","result",5.887766,4e-06,0b00000010,0b00000000
"SPI","result",5.8877705,4.25e-06,0b00000001,0b00000000
"SPI","result",5.8877815,4e-06,0b00000001,0b00000000
"SPI","result",5.88778625,4e-06,0b00000100,0b00000000
"SPI","result",5.887797,4e-06,0b00000010,0b00000000
"SPI","result",5.88780175,4e-06,0b00001100,0b00000000
"SPI","result",5.8878125,4e-06,0b00000001,0b00000000
"SPI","result",5.88781725,4e-06,0b00000100,0b00000000
"SPI","result",5.887828,4e-06,0b00000010,0b00000000
"SPI","result",5.88783275,4e-06,0b00001100,0b00000000
"SPI","result",5.8878435,4e-06,0b00000001,0b00000000
"SPI","result",5.88784825,4e-06,0b00000100,0b00000000
"SPI","result",5.887859,4.25e-06,0b00000010,0b00000000
"SPI","result",5.88786375,4e-06,0b00001100,0b00000000
"SPI","result",5.8878745,4.25e-06,0b00000001,0b00000000
"SPI","result",5.88787925,4e-06,0b00000100,0b00000000
"SPI","result",5.88789,4.25e-06,0b00000010,0b00000000
"SPI","result",5.88789475,4e-06,0b00000001,0b00000000
"SPI","result",5.88790575,4e-06,0b00000000,0b00000000
"SPI","result",5.88791025,4e-06,0b00000000,0b00000000
"SPI","disable",5.88791825,2.49999999e-07,,
"SPI","enable",5.8879205,2.5e-07,,
"SPI","result",5.8879215,4e-06,0b00001101,0b00000000
"SPI","disable",5.88792575,2.5e-07,,
"SPI","enable",6.20512625,2.5e-07,,
"SPI","result",6.20512725,4e-06,0b00001010,0b00000000
"SPI","disable",6.20513125,2.5e-07,,
"SPI","enable",6.20513425,2.5e-07,,
"SPI","result",6.2051365,4e-06,0b00000010,0b00000000
"SPI","result",6.20514125,4e-06,0b00001000,0b00000000
"SPI","result",6.205149,4e-06,0b00000001,0b00000000
"SPI","result",6.2051535,4.25e-06,0b00001111,0b00000000
"SPI","disable",6.205159,2.50000001e-07,,
"SPI","enable",6.20516125,2.5e-07,,
"SPI","result",6.20516325,4.25e-06,0b00000000,0b00000000
"SPI","result",6.205168,4e-06,0b00001110,0b00000000
"SPI","result",6.20517575,4.25e-06,0b00000000,0b00000000
"SPI","result",6.2051805,4e-06,0b00000001,0b00000000
"SPI","disable",6.20518575,2.50000001e-07,,
"SPI","enable",6.205188,2.5e-07,,
"SPI","result",6.20519025,4e-06,0b00000000,0b00000000
"SPI","result",6.205195,4e-06,0b00000001,0b00000000
"SPI","result",6.20520275,4e-06,0b00000110,0b00000000
"SPI","result",6.2052075,4e-06,0b00000010,0b00000000
"SPI","disable",6.20521275,2.49999999e-07,,
"SPI","enable",6.205215,2.5e-07,,
"SPI","result",6.20521725,4e-06,0b00000001,0b00000000
"SPI","result",6.205222,4e-06,0b00001111,0b00000000
"SPI","result",6.20522975,4e-06,0b00000000,0b00000000
"SPI","result",6.20523425,4.25e-06,0b00001111,0b00000000
"SPI","disable",6.2052395,2.49999999e-07,,
"SPI","enable",6.2052435,2.50000001e-07,,
"SPI","result",6.2052455,4.25e-06,0b00000000,0b00000000
"SPI","result",6.20525025,4e-06,0b00001111,0b00000000
"SPI","result",6.205258,4.25e-06,0b00000000,0b00000000
"SPI","result",6.20526275,4e-06,0b00000100,0b00000000
"SPI","disable",6.205268,2.49999999e-07,,
"SPI","enable",6.20527025,2.50000001e-07,,
"SPI","result",6.2052725,4e-06,0b00000000,0b00000000
"SPI","result",6.20527725,4e-06,0b00001011,0b00000000
"SPI","result",6.205285,4e-06,0b00000000,0b00000000
"SPI","result",6.20528975,4e-06,0b00000001,0b00000000
"SPI","disable",6.205295,2.50000001e-07,,
"SPI","enable",6.20529725,2.5e-07,,
"SPI","result",6.2052995,4e-06,0b00000000,0b00000000
"SPI","result",6.205304,4.25e-06,0b00000011,0b00000000
"SPI","result",6.205312,4e-06,0b00000000,0b00000000
"SPI","result",6.2053165,4.25e-06,0b00001111,0b00000000
"SPI","disable",6.205322,2.5e-07,,
"SPI","enable",6.20553,2.49999999e-07,,
"SPI","result",6.205531,4e-06,0b00001010,0b00000000
"SPI","disable",6.205535,2.5e-07,,
"SPI","enable",6.205538,2.5e-07,,
"SPI","result",6.205539,4e-06,0b00001110,0b00000000
"SPI","disable",6.205543,2.5e-07,,
"SPI","enable",6.20554475,2.5e-07,,
"SPI","result",6.20554725,4e-06,0b00000000,0b00000000
"SPI","result",6.20555175,4.25e-06,0b00000101,0b00000000
"SPI","result",6.205562,4e-06,0b00000100,0b00000000
"SPI","result",6.20556675,4e-06,0b00001001,0b00000000
"SPI","result",6.2055775,4e-06,0b00000101,0b00000000
"SPI","result",6.20558225,4e-06,0b00000010,0b00000000
"SPI","result",6.205593,4e-06,0b00000010,0b00000000
"SPI","result",6.20559775,4e-06,0b00000001,0b00000000
"SPI","result",6.2056085,4e-06,0b00000110,0b00000000
"SPI","result",6.20561325,4e-06,0b00000100,0b00000000
"SPI","result",6.205624,4.25e-06,0b00000010,0b00000000
"SPI","result",6.20562875,4e-06,0b00000001,0b00000000
"SPI","result",6.2056395,4.25e-06,0b00000011,0b00000000
"SPI","result",6.20564425,4e-06,0b00000100,0b00000000
"SPI","result",6.205655,4.25e-06,0b00000010,0b00000000
"SPI","result",6.20565975,4e-06,0b00000001,0b00000000
"SPI","result",6.20567075,4e-06,0b00000001,0b00000000
"SPI","result",6.20567525,4e-06,0b00000100,0b00000000
"SPI","result",6.20568625,4e-06,0b00000010,0b00000000
"SPI","result",6.20569075,4.25e-06,0b00001100,0b00000000
"SPI","result",6.20570175,4e-06,0b00000001,0b00000000
"SPI","result",6.20570625,4.25e-06,0b00000100,0b00000000
"SPI","result",6.20571725,4e-06,0b00000010,0b00000000
"SPI","result",6.20572175,4.25e-06,0b00001100,0b00000000
"SPI","result",6.20573275,4e-06,0b00000001,0b00000000
"SPI","result",6.20573725,4.25e-06,0b00000100,0b00000000
"SPI","result",6.20574825,4e-06,0b00000010,0b00000000
"SPI","result",6.205753,4e-06,0b00001100,0b00000000
"SPI","result",6.20576375,4e-06,0b00000001,0b00000000
"SPI","result",6.2057685,4e-06,0b00000100,0b00000000
"SPI","result",6.20577925,4e-06,0b00000010,0b00000000
"SPI","result",6.205784,4e-06,0b00000001,0b00000000
"SPI","result",6.20579475,4e-06,0b00000000,0b00000000
"SPI","result",6.2057995,4e-06,0b00000000,0b00000000
"SPI","disable",6.2058075,2.5e-07,,
"SPI","enable",6.20580975,2.49999999e-07,,
"SPI","result",6.20581075,4e-06,0b00001101,0b00000000
"SPI","disable",6.20581475,2.5e-07,,
"SPI","enable",6.52318525,2.5e-07,,
"SPI","result",6.52318625,4e-06,0b00001010,0b00000000
"SPI","disable",6.5231905,2.50000001e-07,,
"SPI","enable",6.52319325,2.49999999e-07,,
"SPI","result",6.5231955,4e-06,0b00000010,0b00000000
"SPI","result",6.52320025,4e-06,0b00001000,0b00000000
"SPI","result",6.523208,4e-06,0b00000001,0b00000000
"SPI","result",6.52321275,4e-06,0b00001111,0b00000000
"SPI","disable",6.523218,2.5e-07,,
"SPI","enable",6.52322025,2.5e-07,,
"SPI","result",6.5232225,4e-06,0b00000000,0b00000000
"SPI","result",6.52322725,4e-06,0b00001110,0b00000000
"SPI","result",6.523235,4e-06,0b00000000,0b00000000
"SPI","result",6.5232395,4.25e-06,0b00000001,0b00000000
"SPI","disable",6.523245,2.50000001e-07,,
"SPI","enable",6.52324725,2.50000001e-07,,
"SPI","result",6.52324925,4.25e-06,0b00000000,0b00000000
"SPI","result",6.523254,4e-06,0b00000001,0b00000000
"SPI","result",6.52326175,4.25e-06,0b00000110,0b00000000
"SPI","result",6.5232665,4e-06,0b00000010,0b00000000
"SPI","disable",6.52327175,2.50000001e-07,,
"SPI","enable",6.523274,2.50000001e-07,,
"SPI","result",6.52327625,4e-06,0b00000001,0b00000000
"SPI","result",6.523281,4e-06,0b00001111,0b00000000
"SPI","result",6.52328875,4e-06,0b00000000,0b00000000
"SPI","result",6.5232935,4e-06,0b00001111,0b00000000
"SPI","disable",6.52329875,2.5e-07,,
"SPI","enable",6.5233025,2.5e-07,,
"SPI","result",6.52330475,4e-06,0b00000000,0b00000000
"SPI","result",6.5233095,4e-06,0b00001111,0b00000000
"SPI","result",6.52331725,4e-06,0b00000000,0b00000000
"SPI","result",6.52332175,4.25e-06,0b00000100,0b00000000
"SPI","disable",6.523327,2.5e-07,,
"SPI","enable",6.5233295,2.5e-07,,
"SPI","result",6.5233315,4.25e-06,0b00000000,0b00000000
"SPI","result",6.52333625,4e-06,0b00001011,0b00000000
"SPI","result",6.523344,4.25e-06,0b00000000,0b00000000
"SPI","result",6.52334875,4e-06,0b00000001,0b00000000
"SPI","disable",6.523354,2.49999999e-07,,
"SPI","enable",6.52335625,2.5e-07,,
"SPI","result",6.5233585,4e-06,0b00000000,0b00000000
"SPI","result",6.52336325,4e-06,0b00000011,0b00000000
"SPI","result",6.523371,4e-06,0b00000000,0b00000000
"SPI","result",6.52337575,4e-06,0b00001111,0b00000000
"SPI","disable",6.523381,2.50000001e-07,,
"SPI","enable",6.523589,2.5e-07,,
"SPI","result",6.52359,4e-06,0b00001010,0b00000000
"SPI","disable",6.52359425,2.5e-07,,
"SPI","enable",6.523597,2.5e-07,,
"SPI","result",6.523598,4e-06,0b00001110,0b00000000
"SPI","disable",6.523602,2.49999999e-07,,
"SPI","enable",6.523604,2.50000001e-07,,
"SPI","result",6.52360625,4e-06,0b00000000,0b00000000
"SPI","result",6.523611,4e-06,0b00000101,0b00000000
"SPI","result",6.523621,4.25e-06,0b00000100,0b00000000
"SPI","result",6.52362575,4e-06,0b00001001,0b00000000
"SPI","result",6.5236365,4.25e-06,0b00000101,0b00000000
"SPI","result",6.52364125,4e-06,0b00000111,0b00000000
"SPI","result",6.523652,4.25e-06,0b00000010,0b00000000
"SPI","result",6.52365675,4e-06,0b00000001,0b00000000
"SPI","result",6.5236675,4.25e-06,0b00000110,0b00000000
"SPI","result",6.52367225,4e-06,0b00000100,0b00000000
"SPI","result",6.52368325,4e-06,0b00000010,0b00000000
"SPI","result",6.52368775,4e-06,0b00000001,0b00000000
"SPI","result",6.52369875,4e-06,0b00000011,0b00000000
"SPI","result",6.52370325,4.25e-06,0b00000100,0b00000000
"SPI","result",6.52371425,4e-06,0b00000010,0b00000000
"SPI","result",6.52371875,4.25e-06,0b00000001,0b00000000
"SPI","result",6.52372975,4e-06,0b00000001,0b00000000
"SPI","result",6.52373425,4.25e-06,0b00000100,0b00000000
"SPI","result",6.52374525,4e-06,0b00000010,0b00000000
"SPI","result",6.52375,4e-06,0b00001100,0b00000000
"SPI","result",6.52376075,4e-06,0b00000001,0b00000000
"SPI","result",6.52376525,4.25e-06,0b00000100,0b00000000
"SPI","result",6.52377625,4e-06,0b00000010,0b00000000
"SPI","result",6.523781,4e-06,0b00001100,0b00000000
"SPI","result",6.52379175,4e-06,0b00000001,0b00000000
"SPI","result",6.5237965,4e-06,0b00000100,0b00000000
"SPI","result",6.52380725,4e-06,0b00000010,0b00000000
"SPI","result",6.523812,4e-06,0b00001100,0b00000000
"SPI","result",6.52382275,4e-06,0b00000001,0b00000000
"SPI","result",6.5238275,4e-06,0b00000100,0b00000000
"SPI","result",6.52383825,4e-06,0b00000010,0b00000000
"SPI","result",6.523843,4e-06,0b00000001,0b00000000
"SPI","result",6.52385375,4.25e-06,0b00000000,0b00000000
"SPI","result",6.5238585,4e-06,0b00000000,0b00000000
"SPI","disable",6.5238665,2.50000001e-07,,
"SPI","enable",6.52386875,2.5e-07,,
"SPI","result",6.52386975,4e-06,0b00001101,0b00000000
"SPI","disable",6.523874,2.50000001e-07,,
"SPI","enable",6.841848,2.5e-07,,
"SPI","result",6.841849,4.25e-06,0b00001010,0b00000000
"SPI","disable",6.84185325,2.5e-07,,
"SPI","enable",6.84185625,2.5e-07,,
"SPI","result",6.8418585,4e-06,0b00000010,0b00000000
"SPI","result",6.841863,4.25e-06,0b00001000,0b00000000
"SPI","result",6.84187075,4.25e-06,0b00000001,0b00000000
"SPI","result",6.8418755,4e-06,0b00001111,0b00000000
"SPI","disable",6.84188075,2.50000001e-07,,
"SPI","enable",6.841883,2.50000001e-07,,
"SPI","result",6.84188525,4e-06,0b00000000,0b00000000
"SPI","result",6.84189,4e-06,0b00001110,0b00000000
"SPI","result",6.84189775,4e-06,0b00000000,0b00000000
"SPI","result",6.8419025,4e-06,0b00000001,0b00000000
"SPI","disable",6.84190775,2.50000001e-07,,
"SPI","enable",6.84191,2.49999999e-07,,
"SPI","result",6.84191225,4e-06,0b00000000,0b00000000
"SPI","result",6.841917,4e-06,0b00000001,0b00000000
"SPI","result",6.84192475,4e-06,0b00000110,0b00000000
"SPI","result",6.84192925,4.25e-06,0b00000010,0b00000000
"SPI","disable",6.84193475,2.5e-07,,
"SPI","enable",6.841937,2.5e-07,,
"SPI","result",6.84193925,4e-06,0b00000001,0b00000000
"SPI","result",6.84194375,4e-06,0b00001111,0b00000000
"SPI","result",6.8419515,4.25e-06,0b00000000,0b00000000
"SPI","result",6.84195625,4e-06,0b00001111,0b00000000
"SPI","disable",6.8419615,2.5e-07,,
"SPI","enable",6.8419655,2.50000001e-07,,
"SPI","result",6.8419675,4.25e-06,0b00000000,0b00000000
"SPI","result",6.84197225,4e-06,0b00001111,0b00000000
"SPI","result",6.84198,4e-06,0b00000000,0b00000000
"SPI","result",6.84198475,4e-06,0b00000100,0b00000000
"SPI","disable",6.84199,2.5e-07,,
"SPI","enable",6.84199225,2.50000001e-07,,
"SPI","result",6.8419945,4e-06,0b00000000,0b00000000
"SPI","result",6.84199925,4e-06,0b00001011,0b00000000
"SPI","result",6.842007,4e-06,0b00000000,0b00000000
"SPI","result",6.8420115,4.25e-06,0b00000001,0b00000000
"SPI","disable",6.842017,2.5e-07,,
"SPI","enable",6.84201925,2.5e-07,,
"SPI","result",6.84202125,4.25e-06,0b00000000,0b00000000
"SPI","result",6.842026,4.25e-06,0b00000011,0b00000000
"SPI","result",6.84203375,4.25e-06,0b00000000,0b00000000
"SPI","result",6.8420385,4e-06,0b00001111,0b00000000
"SPI","disable",6.84204375,2.5e-07,,
"SPI","enable",6.842252,2.49999999e-07,,
"SPI","result",6.84225275,4.25e-06,0b00001010,0b00000000
"SPI","disable",6.842257,2.50000001e-07,,
"SPI","enable",6.84226,2.50000001e-07,,
"SPI","result",6.84226075,4.25e-06,0b00001110,0b00000000
"SPI","disable",6.842265,2.49999999e-07,,
"SPI","enable",6.84226675,2.49999999e-07,,
"SPI","result",6.84226925,4e-06,0b00000000,0b00000000
"SPI","result",6.84227375,4.25e-06,0b00000101,0b00000000
"SPI","result",6.842284,4e-06,0b00000100,0b00000000
"SPI","result",6.84228875,4e-06,0b00001001,0b00000000
"SPI","result",6.8422995,4e-06,0b00000101,0b00000000
"SPI","result",6.84230425,4e-06,0b00001100,0b00000000
"SPI","result",6.842315,4e-06,0b00000010,0b00000000
"SPI","result",6.84231975,4e-06,0b00000001,0b00000000
"SPI","result",6.8423305,4e-06,0b00000110,0b00000000
"SPI","result",6.84233525,4e-06,0b00000100,0b00000000
"SPI","result",6.842346,4e-06,0b00000010,0b00000000
"SPI","result",6.84235075,4e-06,0b00000001,0b00000000
"SPI","result",6.8423615,4.25e-06,0b00000011,0b00000000
"SPI","result",6.84236625,4e-06,0b00000100,0b00000000
"SPI","result",6.842377,4.25e-06,0b00000010,0b00000000
"SPI","result",6.84238175,4e-06,0b00000001,0b00000000
"SPI","result",6.8423925,4.25e-06,0b00000001,0b00000000
"SPI","result",6.84239725,4e-06,0b00000100,0b00000000
"SPI","result",6.84240825,4e-06,0b00000010,0b00000000
"SPI","result",6.84241275,4e-06,0b00001100,0b00000000
"SPI","result",6.84242375,4e-06,0b00000001,0b00000000
"SPI","result",6.84242825,4.25e-06,0b00000100,0b00000000
"SPI","result",6.84243925,4e-06,0b00000010,0b00000000
"SPI","result",6.84244375,4.25e-06,0b00001100,0b00000000
"SPI","result",6.84245475,4e-06,0b00000001,0b00000000
"SPI","result",6.84245925,4.25e-06,0b00000100,0b00000000
"SPI","result",6.84247025,4e-06,0b00000010,0b00000000
"SPI","result",6.842475,4e-06,0b00001100,0b00000000
"SPI","result",6.84248575,4e-06,0b00000001,0b00000000
"SPI","result",6.8424905,4e-06,0b00000100,0b00000000
"SPI","result",6.84250125,4e-06,0b00000010,0b00000000
"SPI","result",6.842506,4e-06,0b00000001,0b00000000
"SPI","result",6.84251675,4e-06,0b00000000,0b00000000
"SPI","result",6.8425215,4e-06,0b00000000,0b00000000
"SPI","disable",6.8425295,2.49999999e-07,,
"SPI","enable",6.84253175,2.5e-07,,
"SPI","result",6.84253275,4e-06,0b00001101,0b00000000
"SPI","disable",6.84253675,2.5e-07,,
"SPI","enable",7.160363,2.49999999e-07,,
"SPI","result",7.160364,4e-06,0b00001010,0b00000000
"SPI","disable",7.16036825,2.49999999e-07,,
"SPI","enable",7.160371,2.50000001e-07,,
"SPI","result",7.16037325,4e-06,0b00000010,0b00000000
"SPI","result",7.160378,4e-06,0b00001000,0b00000000
"SPI","result",7.16038575,4e-06,0b00000001,0b00000000
"SPI","result",7.1603905,4e-06,0b00001111,0b00000000
"SPI","disable",7.16039575,2.5e-07,,
"SPI","enable",7.160398,2.5e-07,,
"SPI","result",7.16040025,4e-06,0b00000000,0b00000000
"SPI","result",7.160405,4e-06,0b00001110,0b00000000
"SPI","result",7.16041275,4e-06,0b00000000,0b00000000
"SPI","result",7.16041725,4.25e-06,0b00000001,0b00000000
"SPI","disable",7.16042275,2.49999999e-07,,
"SPI","enable",7.160425,2.5e-07,,
"SPI","result",7.160427,4.25e-06,0b00000000,0b00000000
"SPI","result",7.16043175,4e-06,0b00000001,0b00000000
"SPI","result",7.1604395,4.25e-06,0b00000110,0b00000000
"SPI","result",7.16044425,4e-06,0b00000010,0b00000000
"SPI","disable",7.1604495,2.49999999e-07,,
"SPI","enable",7.16045175,2.5e-07,,
"SPI","result",7.160454,4e-06,0b00000001,0b00000000
"SPI","result",7.16045875,4e-06,0b00001111,0b00000000
"SPI","result",7.1604665,4e-06,0b00000000,0b00000000
"SPI","result",7.16047125,4e-06,0b00001111,0b00000000
"SPI","disable",7.1604765,2.5e-07,,
"SPI","enable",7.16048025,2.50000001e-07,,
"SPI","result",7.1604825,4e-06,0b00000000,0b00000000
"SPI","result",7.16048725,4e-06,0b00001111,0b00000000
"SPI","result",7.160495,4e-06,0b00000000,0b00000000
"SPI","result",7.1604995,4.25e-06,0b00000100,0b00000000
"SPI","disable",7.16050475,2.5e-07,,
"SPI","enable",7.16050725,2.49999999e-07,,
"SPI","result",7.16050925,4.25e-06,0b00000000,0b00000000
"SPI","result",7.160514,4e-06,0b00001011,0b00000000
"SPI","result",7.16052175,4.25e-06,0b00000000,0b00000000
"SPI","result",7.1605265,4e-06,0b00000001,0b00000000
"SPI","disable",7.16053175,2.50000001e-07,,
"SPI","enable",7.160534,2.5e-07,,
"SPI","result",7.16053625,4e-06,0b00000000,0b00000000
"SPI","result",7.160541,4e-06,0b00000011,0b00000000
"SPI","result",7.16054875,4e-06,0b00000000,0b00000000
"SPI","result",7.1605535,4e-06,0b00001111,0b00000000
"SPI","disable",7.16055875,2.5e-07,,
"SPI","enable",7.16076675,2.5e-07,,
"SPI","result",7.16076775,4e-06,0b00001010,0b00000000
"SPI","disable",7.16077175,2.5e-07,,
"SPI","enable",7.16077475,2.50000001e-07,,
"SPI","result",7.16077575,4e-06,0b00001110,0b00000000
"SPI","disable",7.16077975,2.5e-07,,
"SPI","enable",7.16078175,2.5e-07,,
"SPI","result",7.160784,4e-06,0b00000000,0b00000000
"SPI","result",7.16078875,4e-06,0b00000101,0b00000000
"SPI","result",7.16079875,4e-06,0b00000100,0b00000000
"SPI","result",7.1608035,4e-06,0b00001001,0b00000000
"SPI","result",7.16081425,4.25e-06,0b00000110,0b00000000
"SPI","result",7.160819,4e-06,0b00000001,0b00000000
"SPI","result",7.16082975,4.25e-06,0b00000010,0b00000000
"SPI","result",7.1608345,4e-06,0b00000001,0b00000000
"SPI","result",7.16084525,4.25e-06,0b00000110,0b00000000
"SPI","result",7.16085,4e-06,0b00000100,0b00000000
"SPI","result",7.16086075,4.25e-06,0b00000010,0b00000000
"SPI","result",7.1608655,4e-06,0b00000001,0b00000000
"SPI","result",7.16087625,4.25e-06,0b00000011,0b00000000
"SPI","result",7.160881,4e-06,0b00000100,0b00000000
"SPI","result",7.160892,4e-06,0b00000010,0b00000000
"SPI","result",7.1608965,4e-06,0b00000001,0b00000000
"SPI","result",7.1609075,4e-06,0b00000001,0b00000000
"SPI","result",7.160912,4.25e-06,0b00000100,0b00000000
"SPI","result",7.160923,4e-06,0b00000010,0b00000000
"SPI","result",7.1609275,4.25e-06,0b00001100,0b00000000
"SPI","result",7.1609385,4e-06,0b00000001,0b00000000
"SPI","result",7.160943,4.25e-06,0b00000100,0b00000000
"SPI","result",7.160954,4e-06,0b00000010,0b00000000
"SPI","result",7.16095875,4e-06,0b00001100,0b00000000
"SPI","result",7.1609695,4e-06,0b00000001,0b00000000
"SPI","result",7.160974,4.25e-06,0b00000100,0b00000000
"SPI","result",7.160985,4e-06,0b00000010,0b00000000
"SPI","result",7.16098975,4e-06,0b00001100,0b00000000
"SPI","result",7.1610005,4e-06,0b00000001,0b00000000
"SPI","result",7.16100525,4e-06,0b00000100,0b00000000
"SPI","result",7.161016,4e-06,0b00000010,0b00000000
"SPI","result",7.16102075,4e-06,0b00000001,0b00000000
"SPI","result",7.1610315,4e-06,0b00000000,0b00000000
"SPI","result",7.16103625,4e-06,0b00000000,0b00000000
"SPI","disable",7.16104425,2.5e-07,,
"SPI","enable",7.1610465,2.49999999e-07,,
"SPI","result",7.1610475,4e-06,0b00001101,0b00000000
"SPI","disable",7.16105175,2.49999999e-07,,
"SPI","enable",7.47863075,2.50000001e-07,,
"SPI","result",7.47863175,4e-06,0b00001010,0b00000000
"SPI","disable",7.478636,2.50000001e-07,,
"SPI","enable",7.478639,2.49999999e-07,,
"SPI","result",7.478641,4.25e-06,0b00000010,0b00000000
"SPI","result",7.47864575,4e-06,0b00001000,0b00000000
"SPI","result",7.4786535,4.25e-06,0b00000001,0b00000000
"SPI","result",7.47865825,4e-06,0b00001111,0b00000000
"SPI","disable",7.4786635,2.5e-07,,
"SPI","enable",7.47866575,2.49999999e-07,,
"SPI","result",7.478668,4e-06,0b00000000,0b00000000
"SPI","result",7.47867275,4e-06,0b00001110,0b00000000
"SPI","result",7.4786805,4e-06,0b00000000,0b00000000
"SPI","result",7.47868525,4e-06,0b00000001,0b00000000
"SPI","disable",7.4786905,2.5e-07,,
"SPI","enable",7.47869275,2.50000001e-07,,
"SPI","result",7.478695,4e-06,0b00000000,0b00000000
"SPI","result",7.4786995,4.25e-06,0b00000001,0b00000000
"SPI","result",7.4787075,4e-06,0b00000110,0b00000000
"SPI","result",7.478712,4.25e-06,0b00000010,0b00000000
"SPI","disable",7.47871725,2.5e-07,,
"SPI","enable",7.47871975,2.5e-07,,
"SPI","result",7.47872175,4.25e-06,0b00000001,0b00000000
"SPI","result",7.4787265,4e-06,0b00001111,0b00000000
"SPI","result",7.47873425,4.25e-06,0b00000000,0b00000000
"SPI","result",7.478739,4e-06,0b00001111,0b00000000
"SPI","disable",7.47874425,2.50000001e-07,,
"SPI","enable",7.478748,2.49999999e-07,,
"SPI","result",7.47875025,4e-06,0b00000000,0b00000000
"SPI","result",7.478755,4e-06,0b00001111,0b00000000
"SPI","result",7.47876275,4e-06,0b00000000,0b00000000
"SPI","result",7.4787675,4e-06,0b00000100,0b00000000
"SPI","disable",7.47877275,2.5e-07,,
"SPI","enable",7.478775,2.5e-07,,
"SPI","result",7.47877725,4e-06,0b00000000,0b00000000
"SPI","result",7.478782,4e-06,0b00001011,0b00000000
"SPI","result",7.47878975,4e-06,0b00000000,0b00000000
"SPI","result",7.47879425,4.25e-06,0b00000001,0b00000000
"SPI","disable",7.47879975,2.49999999e-07,,
"SPI","enable",7.478802,2.50000001e-07,,
"SPI","result",7.478804,4.25e-06,0b00000000,0b00000000
"SPI","result",7.47880875,4e-06,0b00000011,0b00000000
"SPI","result",7.4788165,4.25e-06,0b00000000,0b00000000
"SPI","result",7.47882125,4e-06,0b00001111,0b00000000
"SPI","disable",7.4788265,2.49999999e-07,,
"SPI","enable",7.47903475,2.49999999e-07,,
"SPI","result",7.4790355,4.25e-06,0b00001010,0b00000000
"SPI","disable",7.47903975,2.5e-07,,
"SPI","enable",7.4790425,2.49999999e-07,,
"SPI","result",7.4790435,4e-06,0b00001110,0b00000000
"SPI","disable",7.47904775,2.49999999e-07,,
"SPI","enable",7.4790495,2.5e-07,,
"SPI","result",7.479052,4e-06,0b00000000,0b00000000
"SPI","result",7.4790565,4.25e-06,0b00000101,0b00000000
"SPI","result",7.47906675,4e-06,0b00000100,0b00000000
"SPI","result",7.4790715,4e-06,0b00001001,0b00000000
"SPI","result",7.47908225,4e-06,0b00000110,0b00000000
"SPI","result",7.479087,4e-06,0b00000100,0b00000000
"SPI","result",7.47909775,4e-06,0b00000010,0b00000000
"SPI","result",7.4791025,4e-06,0b00000001,0b00000000
"SPI","result",7.47911325,4e-06,0b00000110,0b00000000
"SPI","result",7.479118,4e-06,0b00000100,0b00000000
"SPI","result",7.47912875,4e-06,0b00000010,0b00000000
"SPI","result",7.4791335,4e-06,0b00000001,0b00000000
"SPI","result",7.47914425,4e-06,0b00000011,0b00000000
"SPI","result",7.479149,4e-06,0b00000100,0b00000000
"SPI","result",7.47915975,4.25e-06,0b00000010,0b00000000
"SPI","result",7.4791645,4e-06,0b00000001,0b00000000
"SPI","result",7.47917525,4.25e-06,0b00000001,0b00000000
"SPI","result",7.47918,4e-06,0b00000100,0b00000000
"SPI","result",7.47919075,4.25e-06,0b00000010,0b00000000
"SPI","result",7.4791955,4e-06,0b00001100,0b00000000
"SPI","result",7.4792065,4e-06,0b00000001,0b00000000
"SPI","result",7.479211,4e-06,0b00000100,0b00000000
"SPI","result",7.479222,4e-06,0b00000010,0b00000000
"SPI","result",7.4792265,4.25e-06,0b00001100,0b00000000
"SPI","result",7.4792375,4e-06,0b00000001,0b00000000
"SPI","result",7.479242,4.25e-06,0b00000100,0b00000000
"SPI","result",7.479253,4e-06,0b00000010,0b00000000
"SPI","result",7.47925775,4e-06,0b00001100,0b00000000
"SPI","result",7.4792685,4e-06,0b00000001,0b00000000
"SPI","result",7.479273,4.25e-06,0b00000100,0b00000000
"SPI","result",7.479284,4e-06,0b00000010,0b00000000
"SPI","result",7.47928875,4e-06,0b00000001,0b00000000
"SPI","result",7.4792995,4e-06,0b00000000,0b00000000
"SPI","result",7.47930425,4e-06,0b00000000,0b00000000
"SPI","disable",7.47931225,2.49999999e-07,,
"SPI","enable",7.4793145,2.5e-07,,
"SPI","result",7.4793155,4e-06,0b00001101,0b00000000
"SPI","disable",7.4793195,2.50000001e-07,,
"SPI","enable",7.768276,2.50000001e-07,,
"SPI","result",7.768277,4e-06,0b00001010,0b00000000
"SPI","disable",7.76828125,2.5e-07,,
"SPI","enable",7.768284,2.49999999e-07,,
"SPI","result",7.76828625,4e-06,0b00000010,0b00000000
"SPI","result",7.768291,4e-06,0b00001000,0b00000000
"SPI","result",7.76829875,4e-06,0b00000001,0b00000000
"SPI","result",7.7683035,4e-06,0b00001111,0b00000000
"SPI","disable",7.76830875,2.5e-07,,
"SPI","enable",7.768311,2.5e-07,,
"SPI","result",7.76831325,4e-06,0b00000000,0b00000000
"SPI","result",7.768318,4e-06,0b00001110,0b00000000
"SPI","result",7.76832575,4e-06,0b00000000,0b00000000
"SPI","result",7.76833025,4.25e-06,0b00000001,0b00000000
"SPI","disable",7.76833575,2.49999999e-07,,
"SPI","enable",7.768338,2.5e-07,,
"SPI","result",7.76834,4.25e-06,0b00000000,0b00000000
"SPI","result",7.76834475,4e-06,0b00000001,0b00000000
"SPI","result",7.7683525,4.25e-06,0b00000110,0b00000000
"SPI","result",7.76835725,4e-06,0b00000010,0b00000000
"SPI","disable",7.7683625,2.49999999e-07,,
"SPI","enable",7.76836475,2.5e-07,,
"SPI","result",7.768367,4e-06,0b00000001,0b00000000
"SPI","result",7.76837175,4e-06,0b00001111,0b00000000
"SPI","result",7.7683795,4e-06,0b00000000,0b00000000
"SPI","result",7.76838425,4e-06,0b00001111,0b00000000
"SPI","disable",7.7683895,2.50000001e-07,,
"SPI","enable",7.76839325,2.5e-07,,
"SPI","result",7.7683955,4e-06,0b00000000,0b00000000
"SPI","result",7.76840025,4e-06,0b00001111,0b00000000
"SPI","result",7.768408,4e-06,0b00000000,0b00000000
"SPI","result",7.7684125,4.25e-06,0b00000100,0b00000000
"SPI","disable",7.76841775,2.49999999e-07,,
"SPI","enable",7.76842025,2.5e-07,,
"SPI","result",7.76842225,4.25e-06,0b00000000,0b00000000
"SPI","result",7.768427,4e-06,0b00001011,0b00000000
"SPI","result",7.76843475,4.25e-06,0b00000000,0b00000000
"SPI","result",7.7684395,4e-06,0b00000001,0b00000000
"SPI","disable",7.76844475,2.5e-07,,
"SPI","enable",7.768447,2.5e-07,,
"SPI","result",7.76844925,4e-06,0b00000000,0b00000000
"SPI","result",7.768454,4e-06,0b00000011,0b00000000
"SPI","result",7.76846175,4e-06,0b00000000,0b00000000
"SPI","result",7.7684665,4e-06,0b00001111,0b00000000
"SPI","disable",7.76847175,2.5e-07,,
"SPI","enable",7.76867975,2.49999999e-07,,
"SPI","result",7.76868075,4e-06,0b00001010,0b00000000
"SPI","disable",7.76868475,2.49999999e-07,,
"SPI","enable",7.76868775,2.5e-07,,
"SPI","result",7.76868875,4e-06,0b00001110,0b00000000
"SPI","disable",7.76869275,2.50000001e-07,,
"SPI","enable",7.7686945,2.5e-07,,
"SPI","result",7.768697,4e-06,0b00000000,0b00000000
"SPI","result",7.76870175,4e-06,0b00000101,0b00000000
"SPI","result",7.76871175,4e-06,0b00000100,0b00000000
"SPI","result",7.7687165,4e-06,0b00001001,0b00000000
"SPI","result",7.76872725,4e-06,0b00000110,0b00000000
"SPI","result",7.768732,4e-06,0b00000100,0b00000000
"SPI","result",7.76874275,4.25e-06,0b00000010,0b00000000
"SPI","result",7.7687475,4e-06,0b00000001,0b00000000
"SPI","result",7.76875825,4.25e-06,0b00000110,0b00000000
"SPI","result",7.768763,4e-06,0b00000100,0b00000000
"SPI","result",7.76877375,4.25e-06,0b00000010,0b00000000
"SPI","result",7.7687785,4e-06,0b00000001,0b00000000
"SPI","result",7.76878925,4.25e-06,0b00000011,0b00000000
"SPI","result",7.768794,4e-06,0b00000100,0b00000000
"SPI","result",7.768805,4e-06,0b00000010,0b00000000
"SPI","result",7.7688095,4e-06,0b00000001,0b00000000
"SPI","result",7.7688205,4e-06,0b00000001,0b00000000
"SPI","result",7.768825,4.25e-06,0b00000100,0b00000000
"SPI","result",7.768836,4e-06,0b00000010,0b00000000
"SPI","result",7.7688405,4.25e-06,0b00001100,0b00000000
"SPI","result",7.7688515,4e-06,0b00000001,0b00000000
"SPI","result",7.768856,4.25e-06,0b00000100,0b00000000
"SPI","result",7.768867,4e-06,0b00000010,0b00000000
"SPI","result",7.76887175,4e-06,0b00001100,0b00000000
"SPI","result",7.7688825,4e-06,0b00000001,0b00000000
"SPI","result",7.768887,4.25e-06,0b00000100,0b00000000
"SPI","result",7.768898,4e-06,0b00000010,0b00000000
"SPI","result",7.76890275,4e-06,0b00001100,0b00000000
"SPI","result",7.7689135,4e-06,0b00000001,0b00000000
"SPI","result",7.76891825,4e-06,0b00000100,0b00000000
"SPI","result",7.768929,4e-06,0b00000010,0b00000000
"SPI","result",7.76893375,4e-06,0b00000001,0b00000000
"SPI","result",7.7689445,4e-06,0b00000000,0b00000000
"SPI","result",7.76894925,4e-06,0b00000000,0b00000000
"SPI","disable",7.76895725,2.5e-07,,
"SPI","enable",7.7689595,2.5e-07,,
"SPI","result",7.7689605,4e-06,0b00001101,0b00000000
"SPI","disable",7.7689645,2.5e-07,,
"SPI","enable",8.05781975,2.49999999e-07,,
"SPI","result",8.05782075,4e-06,0b00001010,0b00000000
"SPI","disable",8.057825,2.50000002e-07,,
"SPI","enable",8.057828,2.5e-07,,
"SPI","result",8.05783,4.25e-06,0b00000010,0b00000000
"SPI","result",8.05783475,4e-06,0b00001000,0b00000000
"SPI","result",8.0578425,4e-06,0b00000001,0b00000000
"SPI","result",8.05784725,4e-06,0b00001111,0b00000000
"SPI","disable",8.0578525,2.50000001e-07,,
"SPI","enable",8.05785475,2.49999999e-07,,
"SPI","result",8.057857,4e-06,0b00000000,0b00000000
"SPI","result",8.05786175,4e-06,0b00001110,0b00000000
"SPI","result",8.0578695,4e-06,0b00000000,0b00000000
"SPI","result",8.057874,4.25e-06,0b00000001,0b00000000
"SPI","disable",8.0578795,2.5e-07,,
"SPI","enable",8.05788175,2.5e-07,,
"SPI","result",8.05788375,4.25e-06,0b00000000,0b00000000
"SPI","result",8.0578885,4e-06,0b00000001,0b00000000
"SPI","result",8.05789625,4.25e-06,0b00000110,0b00000000
"SPI","result",8.057901,4e-06,0b00000010,0b00000000
"SPI","disable",8.05790625,2.5e-07,,
"SPI","enable",8.0579085,2.5e-07,,
"SPI","result",8.05791075,4e-06,0b00000001,0b00000000
"SPI","result",8.0579155,4e-06,0b00001111,0b00000000
"SPI","result",8.05792325,4e-06,0b00000000,0b00000000
"SPI","result",8.057928,4e-06,0b00001111,0b00000000
"SPI","disable",8.05793325,2.50000001e-07,,
"SPI","enable",8.057937,2.49999999e-07,,
"SPI","result",8.05793925,4e-06,0b00000000,0b00000000
"SPI","result",8.057944,4e-06,0b00001111,0b00000000
"SPI","result",8.05795175,4e-06,0b00000000,0b00000000
"SPI","result",8.05795625,4.25e-06,0b00000100,0b00000000
"SPI","disable",8.05796175,2.49999999e-07,,
"SPI","enable",8.057964,2.49999999e-07,,
"SPI","result",8.05796625,4e-06,0b00000000,0b00000000
"SPI","result",8.05797075,4e-06,0b00001011,0b00000000
"SPI","result",8.0579785,4.25e-06,0b00000000,0b00000000
"SPI","result",8.05798325,4e-06,0b00000001,0b00000000
"SPI","disable",8.0579885,2.49999999e-07,,
"SPI","enable",8.05799075,2.49999999e-07,,
"SPI","result",8.057993,4e-06,0b00000000,0b00000000
"SPI","result",8.05799775,4e-06,0b00000011,0b00000000
"SPI","result",8.0580055,4e-06,0b00000000,0b00000000
"SPI","result",8.05801025,4e-06,0b00001111,0b00000000
"SPI","disable",8.0580155,2.5e-07,,
"SPI","enable",8.0582235,2.5e-07,,
"SPI","result",8.0582245,4e-06,0b00001010,0b00000000
"SPI","disable",8.0582285,2.49999999e-07,,
"SPI","enable",8.0582315,2.49999999e-07,,
"SPI","result",8.0582325,4e-06,0b00001110,0b00000000
"SPI","disable",8.0582365,2.50000001e-07,,
"SPI","enable",8.05823825,2.49999999e-07,,
"SPI","result",8.05824075,4e-06,0b00000000,0b00000000
"SPI","result",8.0582455,4e-06,0b00000101,0b00000000
"SPI","result",8.0582555,4e-06,0b00000100,0b00000000
"SPI","result",8.05826025,4e-06,0b00001001,0b00000000
"SPI","result",8.058271,4e-06,0b00000110,0b00000000
"SPI","result",8.05827575,4e-06,0b00000100,0b00000000
"SPI","result",8.0582865,4e-06,0b00000010,0b00000000
"SPI","result",8.05829125,4e-06,0b00000001,0b00000000
"SPI","result",8.058302,4.25e-06,0b00000110,0b00000000
"SPI","result",8.05830675,4e-06,0b00000100,0b00000000
"SPI","result",8.0583175,4.25e-06,0b00000010,0b00000000
"SPI","result",8.05832225,4e-06,0b00000001,0b00000000
"SPI","result",8.058333,4.25e-06,0b00000011,0b00000000
"SPI","result",8.05833775,4e-06,0b00000100,0b00000000
"SPI","result",8.0583485,4.25e-06,0b00000010,0b00000000
"SPI","result",8.05835325,4e-06,0b00000001,0b00000000
"SPI","result",8.058364,4.25e-06,0b00000001,0b00000000
"SPI","result",8.05836875,4e-06,0b00000100,0b00000000
"SPI","result",8.05837975,4e-06,0b00000010,0b00000000
"SPI","result",8.05838425,4e-06,0b00001100,0b00000000
"SPI","result",8.05839525,4e-06,0b00000001,0b00000000
"SPI","result",8.05839975,4.25e-06,0b00000100,0b00000000
"SPI","result",8.05841075,4e-06,0b00000010,0b00000000
"SPI","result",8.05841525,4.25e-06,0b00001100,0b00000000
"SPI","result",8.05842625,4e-06,0b00000001,0b00000000
"SPI","result",8.05843075,4.25e-06,0b00000100,0b00000000
"SPI","result",8.05844175,4e-06,0b00000010,0b00000000
"SPI","result",8.0584465,4e-06,0b00001100,0b00000000
"SPI","result",8.05845725,4e-06,0b00000001,0b00000000
"SPI","result",8.05846175,4.25e-06,0b00000100,0b00000000
"SPI","result",8.05847275,4e-06,0b00000010,0b00000000
"SPI","result",8.0584775,4e-06,0b00000001,0b00000000
"SPI","result",8.05848825,4e-06,0b00000000,0b00000000
"SPI","result",8.058493,4e-06,0b00000000,0b00000000
"SPI","disable",8.058501,2.50000002e-07,,
"SPI","enable",8.05850325,2.50000001e-07,,
"SPI","result",8.05850425,4e-06,0b00001101,0b00000000
"SPI","disable",8.05850825,2.50000001e-07,,
"SPI","enable",8.3473745,2.49999999e-07,,
"SPI","result",8.34737525,4.25e-06,0b00001010,0b00000000
"SPI","disable",8.3473795,2.49999999e-07,,
"SPI","enable",8.3473825,2.49999999e-07,,
"SPI","result",8.34738475,4e-06,0b00000010,0b00000000
"SPI","result",8.34738925,4.25e-06,0b00001000,0b00000000
"SPI","result",8.347397,4.25e-06,0b00000001,0b00000000
"SPI","result",8.34740175,4e-06,0b00001111,0b00000000
"SPI","disable",8.347407,2.49999999e-07,,
"SPI","enable",8.34740925,2.49999999e-07,,
"SPI","result",8.3474115,4e-06,0b00000000,0b00000000
"SPI","result",8.34741625,4e-06,0b00001110,0b00000000
"SPI","result",8.347424,4e-06,0b00000000,0b00000000
"SPI","result",8.34742875,4e-06,0b00000001,0b00000000
"SPI","disable",8.347434,2.49999999e-07,,
"SPI","enable",8.34743625,2.50000001e-07,,
"SPI","result",8.3474385,4e-06,0b00000000,0b00000000
"SPI","result",8.347443,4.25e-06,0b00000001,0b00000000
"SPI","result",8.347451,4e-06,0b00000110,0b00000000
"SPI","result",8.3474555,4.25e-06,0b00000010,0b00000000
"SPI","disable",8.34746075,2.49999999e-07,,
"SPI","enable",8.34746325,2.49999999e-07,,
"SPI","result",8.34746525,4.25e-06,0b00000001,0b00000000
"SPI","result",8.34747,4e-06,0b00001111,0b00000000
"SPI","result",8.34747775,4.25e-06,0b00000000,0b00000000
"SPI","result",8.3474825,4e-06,0b00001111,0b00000000
"SPI","disable",8.34748775,2.49999999e-07,,
"SPI","enable",8.3474915,2.49999999e-07,,
"SPI","result",8.34749375,4e-06,0b00000000,0b00000000
"SPI","result",8.3474985,4e-06,0b00001111,0b00000000
"SPI","result",8.34750625,4e-06,0b00000000,0b00000000
"SPI","result",8.347511,4e-06,0b00000100,0b00000000
"SPI","disable",8.34751625,2.49999999e-07,,
"SPI","enable",8.3475185,2.50000001e-07,,
"SPI","result",8.34752075,4e-06,0b00000000,0b00000000
"SPI","result",8.3475255,4e-06,0b00001011,0b00000000
"SPI","result",8.34753325,4e-06,0b00000000,0b00000000
"SPI","result",8.34753775,4.25e-06,0b00000001,0b00000000
"SPI","disable",8.34754325,2.50000001e-07,,
"SPI","enable",8.3475455,2.49999999e-07,,
"SPI","result",8.3475475,4.25e-06,0b00000000,0b00000000
"SPI","result",8.34755225,4e-06,0b00000011,0b00000000
"SPI","result",8.34756,4.25e-06,0b00000000,0b00000000
"SPI","result",8.34756475,4e-06,0b00001111,0b00000000
"SPI","disable",8.34757,2.50000001e-07,,
"SPI","enable",8.347778,2.49999999e-07,,
"SPI","result",8.347779,4e-06,0b00001010,0b00000000
"SPI","disable",8.34778325,2.49999999e-07,,
"SPI","enable",8.347786,2.50000001e-07,,
"SPI","result",8.347787,4e-06,0b00001110,0b00000000
"SPI","disable",8.34779125,2.49999999e-07,,
"SPI","enable",8.347793,2.50000001e-07,,
"SPI","result",8.34779525,4.25e-06,0b00000000,0b00000000
"SPI","result",8.3478,4e-06,0b00000101,0b00000000
"SPI","result",8.34781,4.25e-06,0b00000100,0b00000000
"SPI","result",8.34781475,4e-06,0b00001001,0b00000000
"SPI","result",8.3478255,4.25e-06,0b00000110,0b00000000
"SPI","result",8.34783025,4e-06,0b00000100,0b00000000
"SPI","result",8.34784125,4e-06,0b00000010,0b00000000
"SPI","result",8.34784575,4e-06,0b00000001,0b00000000
"SPI","result",8.34785675,4e-06,0b00000110,0b00000000
"SPI","result",8.34786125,4e-06,0b00000100,0b00000000
"SPI","result",8.34787225,4e-06,0b00000010,0b00000000
"SPI","result",8.34787675,4.25e-06,0b00000001,0b00000000
"SPI","result",8.34788775,4e-06,0b00000011,0b00000000
"SPI","result",8.34789225,4.25e-06,0b00000100,0b00000000
"SPI","result",8.34790325,4e-06,0b00000010,0b00000000
"SPI","result",8.34790775,4.25e-06,0b00000001,0b00000000
"SPI","result",8.34791875,4e-06,0b00000001,0b00000000
"SPI","result",8.34792325,4.25e-06,0b00000100,0b00000000
"SPI","result",8.34793425,4e-06,0b00000010,0b00000000
"SPI","result",8.347939,4e-06,0b00001100,0b00000000
"SPI","result",8.34794975,4e-06,0b00000001,0b00000000
"SPI","result",8.3479545,4e-06,0b00000100,0b00000000
"SPI","result",8.34796525,4e-06,0b00000010,0b00000000
"SPI","result",8.34797,4e-06,0b00001100,0b00000000
"SPI","result",8.34798075,4e-06,0b00000001,0b00000000
"SPI","result",8.3479855,4e-06,0b00000100,0b00000000
"SPI","result",8.34799625,4e-06,0b00000010,0b00000000
"SPI","result",8.348001,4e-06,0b00001100,0b00000000
"SPI","result",8.34801175,4e-06,0b00000001,0b00000000
"SPI","result",8.3480165,4e-06,0b00000100,0b00000000
"SPI","result",8.34802725,4e-06,0b00000010,0b00000000
"SPI","result",8.348032,4e-06,0b00000001,0b00000000
"SPI","result",8.34804275,4.25e-06,0b00000000,0b00000000
"SPI","result",8.3480475,4e-06,0b00000000,0b00000000
"SPI","disable",8.3480555,2.50000001e-07,,
"SPI","enable",8.34805775,2.49999999e-07,,
"SPI","result",8.34805875,4e-06,0b00001101,0b00000000
"SPI","disable",8.348063,2.49999999e-07,,
"SPI","enable",8.636902,2.50000001e-07,,
"SPI","result",8.636903,4e-06,0b00001010,0b00000000
"SPI","disable",8.636907,2.49999999e-07,,
"SPI","enable",8.63691,2.49999999e-07,,
"SPI","result",8.63691225,4e-06,0b00000010,0b00000000
"SPI","result",8.636917,4e-06,0b00001000,0b00000000
"SPI","result",8.63692475,4e-06,0b00000001,0b00000000
"SPI","result",8.63692925,4.25e-06,0b00001111,0b00000000
"SPI","disable",8.63693475,2.49999999e-07,,
"SPI","enable",8.636937,2.50000001e-07,,
"SPI","result",8.636939,4.25e-06,0b00000000,0b00000000
"SPI","result",8.63694375,4e-06,0b00001110,0b00000000
"SPI","result",8.6369515,4.25e-06,0b00000000,0b00000000
"SPI","result",8.63695625,4e-06,0b00000001,0b00000000
"SPI","disable",8.6369615,2.49999999e-07,,
"SPI","enable",8.63696375,2.50000001e-07,,
"SPI","result",8.636966,4e-06,0b00000000,0b00000000
"SPI","result",8.63697075,4e-06,0b00000001,0b00000000
"SPI","result",8.6369785,4e-06,0b00000110,0b00000000
"SPI","result",8.63698325,4e-06,0b00000010,0b00000000
"SPI","disable",8.6369885,2.50000001e-07,,
"SPI","enable",8.63699075,2.49999999e-07,,
"SPI","result",8.636993,4e-06,0b00000001,0b00000000
"SPI","result",8.6369975,4.25e-06,0b00001111,0b00000000
"SPI","result",8.6370055,4e-06,0b00000000,0b00000000
"SPI","result",8.63701,4.25e-06,0b00001111,0b00000000
"SPI","disable",8.63701525,2.50000001e-07,,
"SPI","enable",8.63701925,2.49999999e-07,,
"SPI","result",8.63702125,4.25e-06,0b00000000,0b00000000
"SPI","result",8.637026,4e-06,0b00001111,0b00000000
"SPI","result",8.63703375,4.25e-06,0b00000000,0b00000000
"SPI","result",8.6370385,4e-06,0b00000100,0b00000000
"SPI","disable",8.63704375,2.49999999e-07,,
"SPI","enable",8.637046,2.49999999e-07,,
"SPI","result",8.63704825,4e-06,0b00000000,0b00000000
"SPI","result",8.637053,4e-06,0b00001011,0b00000000
"SPI","result",8.63706075,4e-06,0b00000000,0b00000000
"SPI","result",8.6370655,4e-06,0b00000001,0b00000000
"SPI","disable",8.63707075,2.50000001e-07,,
"SPI","enable",8.637073,2.50000001e-07,,
"SPI","result",8.63707525,4e-06,0b00000000,0b00000000
"SPI","result",8.63707975,4.25e-06,0b00000011,0b00000000
"SPI","result",8.63708775,4e-06,0b00000000,0b00000000
"SPI","result",8.63709225,4e-06,0b00001111,0b00000000
"SPI","disable",8.6370975,2.50000001e-07,,
"SPI","enable",8.6373055,2.49999999e-07,,
"SPI","result",8.6373065,4e-06,0b00001010,0b00000000
"SPI","disable",8.63731075,2.50000001e-07,,
"SPI","enable",8.6373135,2.50000001e-07,,
"SPI","result",8.6373145,4e-06,0b00001110,0b00000000
"SPI","disable",8.63731875,2.49999999e-07,,
"SPI","enable",8.6373205,2.50000001e-07,,
"SPI","result",8.63732275,4.25e-06,0b00000000,0b00000000
"SPI","result",8.6373275,4e-06,0b00000101,0b00000000
"SPI","result",8.63733775,4e-06,0b00000100,0b00000000
"SPI","result",8.63734225,4.25e-06,0b00001001,0b00000000
"SPI","result",8.63735325,4e-06,0b00000110,0b00000000
"SPI","result",8.63735775,4.25e-06,0b00000100,0b00000000
"SPI","result",8.63736875,4e-06,0b00000010,0b00000000
"SPI","result",8.63737325,4.25e-06,0b00000001,0b00000000
"SPI","result",8.63738425,4e-06,0b00000110,0b00000000
"SPI","result",8.63738875,4.25e-06,0b00000100,0b00000000
"SPI","result",8.63739975,4e-06,0b00000010,0b00000000
"SPI","result",8.6374045,4e-06,0b00000001,0b00000000
"SPI","result",8.63741525,4e-06,0b00000011,0b00000000
"SPI","result",8.63742,4e-06,0b00000100,0b00000000
"SPI","result",8.63743075,4e-06,0b00000010,0b00000000
"SPI","result",8.6374355,4e-06,0b00000001,0b00000000
"SPI","result",8.63744625,4e-06,0b00000001,0b00000000
"SPI","result",8.637451,4e-06,0b00000100,0b00000000
"SPI","result",8.63746175,4e-06,0b00000010,0b00000000
"SPI","result",8.6374665,4e-06,0b00001100,0b00000000
"SPI","result",8.63747725,4e-06,0b00000001,0b00000000
"SPI","result",8.637482,4e-06,0b00000100,0b00000000
"SPI","result",8.63749275,4.25e-06,0b00000010,0b00000000
"SPI","result",8.6374975,4e-06,0b00001100,0b00000000
"SPI","result",8.63750825,4.25e-06,0b00000001,0b00000000
"SPI","result",8.637513,4e-06,0b00000100,0b00000000
"SPI","result",8.63752375,4.25e-06,0b00000010,0b00000000
"SPI","result",8.6375285,4e-06,0b00001100,0b00000000
"SPI","result",8.6375395,4e-06,0b00000001,0b00000000
"SPI","result",8.637544,4e-06,0b00000100,0b00000000
"SPI","result",8.637555,4e-06,0b00000010,0b00000000
"SPI","result",8.6375595,4e-06,0b00000001,0b00000000
"SPI","result",8.6375705,4e-06,0b00000000,0b00000000
"SPI","result",8.637575,4.25e-06,0b00000000,0b00000000
"SPI","disable",8.63758325,2.50000001e-07,,
"SPI","enable",8.63758525,2.50000001e-07,,
"SPI","result",8.63758625,4e-06,0b00001101,0b00000000
"SPI","disable",8.6375905,2.49999999e-07,,
"SPI","enable",8.92643625,2.49999999e-07,,
"SPI","result",8.92643725,4e-06,0b00001010,0b00000000
"SPI","disable",8.9264415,2.50000001e-07,,
"SPI","enable",8.9264445,2.49999999e-07,,
"SPI","result",8.9264465,4.25e-06,0b00000010,0b00000000
"SPI","result",8.92645125,4e-06,0b00001000,0b00000000
"SPI","result",8.926459,4.25e-06,0b00000001,0b00000000
"SPI","result",8.92646375,4e-06,0b00001111,0b00000000
"SPI","disable",8.926469,2.49999999e-07,,
"SPI","enable",8.92647125,2.49999999e-07,,
"SPI","result",8.9264735,4e-06,0b00000000,0b00000000
"SPI","result",8.92647825,4e-06,0b00001110,0b00000000
"SPI","result",8.926486,4e-06,0b00000000,0b00000000
"SPI","result",8.92649075,4e-06,0b00000001,0b00000000
"SPI","disable",8.926496,2.49999999e-07,,
"SPI","enable",8.92649825,2.49999999e-07,,
"SPI","result",8.9265005,4e-06,0b00000000,0b00000000
"SPI","result",8.926505,4.25e-06,0b00000001,0b00000000
"SPI","result",8.926513,4e-06,0b00000110,0b00000000
"SPI","result",8.9265175,4e-06,0b00000010,0b00000000
"SPI","disable",8.92652275,2.49999999e-07,,
"SPI","enable",8.92652525,2.50000001e-07,,
"SPI","result",8.92652725,4.25e-06,0b00000001,0b00000000
"SPI","result",8.926532,4e-06,0b00001111,0b00000000
"SPI","result",8.92653975,4e-06,0b00000000,0b00000000
"SPI","result",8.9265445,4e-06,0b00001111,0b00000000
"SPI","disable",8.92654975,2.50000001e-07,,
"SPI","enable",8.9265535,2.50000001e-07,,
"SPI","result",8.92655575,4e-06,0b00000000,0b00000000
"SPI","result",8.9265605,4e-06,0b00001111,0b00000000
"SPI","result",8.92656825,4e-06,0b00000000,0b00000000
"SPI","result",8.926573,4e-06,0b00000100,0b00000000
"SPI","disable",8.92657825,2.49999999e-07,,
"SPI","enable",8.9265805,2.49999999e-07,,
"SPI","result",8.92658275,4e-06,0b00000000,0b00000000
"SPI","result",8.92658725,4.25e-06,0b00001011,0b00000000
"SPI","result",8.92659525,4e-06,0b00000000,0b00000000
"SPI","result",8.92659975,4e-06,0b00000001,0b00000000
"SPI","disable",8.926605,2.50000001e-07,,
"SPI","enable",8.9266075,2.50000001e-07,,
"SPI","result",8.9266095,4.25e-06,0b00000000,0b00000000
"SPI","result",8.92661425,4e-06,0b00000011,0b00000000
"SPI","result",8.926622,4e-06,0b00000000,0b00000000
"SPI","result",8.92662675,4e-06,0b00001111,0b00000000
"SPI","disable",8.926632,2.50000001e-07,,
"SPI","enable",8.92684,2.49999999e-07,,
"SPI","result",8.926841,4e-06,0b00001010,0b00000000
"SPI","disable",8.92684525,2.50000001e-07,,
"SPI","enable",8.926848,2.50000001e-07,,
"SPI","result",8.926849,4e-06,0b00001110,0b00000000
"SPI","disable",8.92685325,2.49999999e-07,,
"SPI","enable",8.926855,2.49999999e-07,,
"SPI","result",8.92685725,4.25e-06,0b00000000,0b00000000
"SPI","result",8.926862,4e-06,0b00000101,0b00000000
"SPI","result",8.926872,4.25e-06,0b00000100,0b00000000
"SPI","result",8.92687675,4e-06,0b00001001,0b00000000
"SPI","result",8.92688775,4e-06,0b00000110,0b00000000
"SPI","result",8.92689225,4e-06,0b00000100,0b00000000
"SPI","result",8.92690325,4e-06,0b00000010,0b00000000
"SPI","result",8.92690775,4.25e-06,0b00000001,0b00000000
"SPI","result",8.92691875,4e-06,0b00000110,0b00000000
"SPI","result",8.92692325,4.25e-06,0b00000100,0b00000000
"SPI","result",8.92693425,4e-06,0b00000010,0b00000000
"SPI","result",8.92693875,4.25e-06,0b00000001,0b00000000
"SPI","result",8.92694975,4e-06,0b00000011,0b00000000
"SPI","result",8.92695425,4.25e-06,0b00000100,0b00000000
"SPI","result",8.92696525,4e-06,0b00000010,0b00000000
"SPI","result",8.92697,4e-06,0b00000001,0b00000000
"SPI","result",8.92698075,4e-06,0b00000001,0b00000000
"SPI","result",8.9269855,4e-06,0b00000100,0b00000000
"SPI","result",8.92699625,4e-06,0b00000010,0b00000000
"SPI","result",8.927001,4e-06,0b00001100,0b00000000
"SPI","result",8.92701175,4e-06,0b00000001,0b00000000
"SPI","result",8.9270165,4e-06,0b00000100,0b00000000
"SPI","result",8.92702725,4e-06,0b00000010,0b00000000
"SPI","result",8.927032,4e-06,0b00001100,0b00000000
"SPI","result",8.92704275,4.25e-06,0b00000001,0b00000000
"SPI","result",8.9270475,4e-06,0b00000100,0b00000000
"SPI","result",8.92705825,4.25e-06,0b00000010,0b00000000
"SPI","result",8.927063,4e-06,0b00001100,0b00000000
"SPI","result",8.92707375,4.25e-06,0b00000001,0b00000000
"SPI","result",8.9270785,4e-06,0b00000100,0b00000000
"SPI","result",8.92708925,4.25e-06,0b00000010,0b00000000
"SPI","result",8.927094,4e-06,0b00000001,0b00000000
"SPI","result",8.927105,4e-06,0b00000000,0b00000000
"SPI","result",8.9271095,4e-06,0b00000000,0b00000000
"SPI","disable",8.92711775,2.49999999e-07,,
"SPI","enable",8.92711975,2.50000001e-07,,
"SPI","result",8.92712075,4e-06,0b00001101,0b00000000
"SPI","disable",8.927125,2.49999999e-07,,
"SPI","enable",9.21596525,2.50000001e-07,,
"SPI","result",9.21596625,4.25e-06,0b00001010,0b00000000
"SPI","disable",9.2159705,2.50000001e-07,,
"SPI","enable",9.2159735,2.49999999e-07,,
"SPI","result",9.21597575,4e-06,0b00000010,0b00000000
"SPI","result",9.21598025,4e-06,0b00001000,0b00000000
"SPI","result",9.215988,4.25e-06,0b00000001,0b00000000
"SPI","result",9.21599275,4e-06,0b00001111,0b00000000
"SPI","disable",9.215998,2.49999999e-07,,
"SPI","enable",9.21600025,2.49999999e-07,,
"SPI","result",9.2160025,4e-06,0b00000000,0b00000000
"SPI","result",9.21600725,4e-06,0b00001110,0b00000000
"SPI","result",9.216015,4e-06,0b00000000,0b00000000
"SPI","result",9.21601975,4e-06,0b00000001,0b00000000
"SPI","disable",9.216025,2.49999999e-07,,
"SPI","enable",9.21602725,2.49999999e-07,,
"SPI","result",9.2160295,4e-06,0b00000000,0b00000000
"SPI","result",9.216034,4.25e-06,0b00000001,0b00000000
"SPI","result",9.216042,4e-06,0b00000110,0b00000000
"SPI","result",9.2160465,4.25e-06,0b00000010,0b00000000
"SPI","disable",9.21605175,2.49999999e-07,,
"SPI","enable",9.21605425,2.50000001e-07,,
"SPI","result",9.21605625,4.25e-06,0b00000001,0b00000000
"SPI","result",9.216061,4e-06,0b00001111,0b00000000
"SPI","result",9.21606875,4.25e-06,0b00000000,0b00000000
"SPI","result",9.2160735,4e-06,0b00001111,0b00000000
"SPI","disable",9.21607875,2.50000001e-07,,
"SPI","enable",9.2160825,2.49999999e-07,,
"SPI","result",9.21608475,4e-06,0b00000000,0b00000000
"SPI","result",9.2160895,4e-06,0b00001111,0b00000000
"SPI","result",9.21609725,4e-06,0b00000000,0b00000000
"SPI","result",9.216102,4e-06,0b00000100,0b00000000
"SPI","disable",9.21610725,2.49999999e-07,,
"SPI","enable",9.2161095,2.49999999e-07,,
"SPI","result",9.21611175,4e-06,0b00000000,0b00000000
"SPI","result",9.2161165,4e-06,0b00001011,0b00000000
"SPI","result",9.21612425,4e-06,0b00000000,0b00000000
"SPI","result",9.21612875,4.25e-06,0b00000001,0b00000000
"SPI","disable",9.21613425,2.50000001e-07,,
"SPI","enable",9.2161365,2.50000001e-07,,
"SPI","result",9.2161385,4.25e-06,0b00000000,0b00000000
"SPI","result",9.21614325,4e-06,0b00000011,0b00000000
"SPI","result",9.216151,4.25e-06,0b00000000,0b00000000
"SPI","result",9.21615575,4e-06,0b00001111,0b00000000
"SPI","disable",9.216161,2.50000001e-07,,
"SPI","enable",9.216369,2.49999999e-07,,
"SPI","result",9.21637,4e-06,0b00001010,0b00000000
"SPI","disable",9.21637425,2.50000001e-07,,
"SPI","enable",9.216377,2.50000001e-07,,
"SPI","result",9.216378,4e-06,0b00001110,0b00000000
"SPI","disable",9.21638225,2.49999999e-07,,
"SPI","enable",9.216384,2.50000001e-07,,
"SPI","result",9.21638625,4e-06,0b00000000,0b00000000
"SPI","result",9.216391,4e-06,0b00000101,0b00000000
"SPI","result",9.216401,4.25e-06,0b00000100,0b00000000
"SPI","result",9.21640575,4e-06,0b00001001,0b00000000
"SPI","result",9.2164165,4.25e-06,0b00000110,0b00000000
"SPI","result",9.21642125,4e-06,0b00000100,0b00000000
"SPI","result",9.21643225,4e-06,0b00000010,0b00000000
"SPI","result",9.21643675,4e-06,0b00000001,0b00000000
"SPI","result",9.21644775,4e-06,0b00000110,0b00000000
"SPI","result",9.21645225,4e-06,0b00000100,0b00000000
"SPI","result",9.21646325,4e-06,0b00000010,0b00000000
"SPI","result",9.21646775,4.25e-06,0b00000001,0b00000000
"SPI","result",9.21647875,4e-06,0b00000011,0b00000000
"SPI","result",9.21648325,4.25e-06,0b00000100,0b00000000
"SPI","result",9.21649425,4e-06,0b00000010,0b00000000
"SPI","result",9.21649875,4.25e-06,0b00000001,0b00000000
"SPI","result",9.21650975,4e-06,0b00000001,0b00000000
"SPI","result",9.21651425,4.25e-06,0b00000100,0b00000000
"SPI","result",9.21652525,4e-06,0b00000010,0b00000000
"SPI","result",9.21653,4e-06,0b00001100,0b00000000
"SPI","result",9.21654075,4e-06,0b00000001,0b00000000
"SPI","result",9.2165455,4e-06,0b00000100,0b00000000
"SPI","result",9.21655625,4e-06,0b00000010,0b00000000
"SPI","result",9.216561,4e-06,0b00001100,0b00000000
"SPI","result",9.21657175,4e-06,0b00000001,0b00000000
"SPI","result",9.2165765,4e-06,0b00000100,0b00000000
"SPI","result",9.21658725,4e-06,0b00000010,0b00000000
"SPI","result",9.216592,4e-06,0b00001100,0b00000000
"SPI","result",9.21660275,4e-06,0b00000001,0b00000000
"SPI","result",9.2166075,4e-06,0b00000100,0b00000000
"SPI","result",9.21661825,4e-06,0b00000010,0b00000000
"SPI","result",9.216623,4e-06,0b00000001,0b00000000
"SPI","result",9.21663375,4e-06,0b00000000,0b00000000
"SPI","result",9.2166385,4e-06,0b00000000,0b00000000
"SPI","disable",9.2166465,2.50000001e-07,,
"SPI","enable",9.21664875,2.50000001e-07,,
"SPI","result",9.21664975,4e-06,0b00001101,0b00000000
"SPI","disable",9.216654,2.49999999e-07,,
"SPI","enable",9.50548775,2.49999999e-07,,
"SPI","result",9.50548875,4e-06,0b00001010,0b00000000
"SPI","disable",9.50549275,2.50000001e-07,,
"SPI","enable",9.50549575,2.50000001e-07,,
"SPI","result",9.505498,4e-06,0b00000010,0b00000000
"SPI","result",9.50550275,4e-06,0b00001000,0b00000000
"SPI","result",9.5055105,4e-06,0b00000001,0b00000000
"SPI","result",9.505515,4.25e-06,0b00001111,0b00000000
"SPI","disable",9.5055205,2.50000001e-07,,
"SPI","enable",9.50552275,2.50000001e-07,,
"SPI","result",9.50552475,4.25e-06,0b00000000,0b00000000
"SPI","result",9.5055295,4e-06,0b00001110,0b00000000
"SPI","result",9.50553725,4.25e-06,0b00000000,0b00000000
"SPI","result",9.505542,4e-06,0b00000001,0b00000000
"SPI","disable",9.50554725,2.50000001e-07,,
"SPI","enable",9.5055495,2.49999999e-07,,
"SPI","result",9.50555175,4e-06,0b00000000,0b00000000
"SPI","result",9.5055565,4e-06,0b00000001,0b00000000
"SPI","result",9.50556425,4e-06,0b00000110,0b00000000
"SPI","result",9.505569,4e-06,0b00000010,0b00000000
"SPI","disable",9.50557425,2.50000001e-07,,
"SPI","enable",9.5055765,2.50000001e-07,,
"SPI","result",9.50557875,4e-06,0b00000001,0b00000000
"SPI","result",9.50558325,4.25e-06,0b00001111,0b00000000
"SPI","result",9.50559125,4e-06,0b00000000,0b00000000
"SPI","result",9.50559575,4e-06,0b00001111,0b00000000
"SPI","disable",9.505601,2.49999999e-07,,
"SPI","enable",9.505605,2.50000001e-07,,
"SPI","result",9.505607,4.25e-06,0b00000000,0b00000000
"SPI","result",9.50561175,4e-06,0b00001111,0b00000000
"SPI","result",9.5056195,4.25e-06,0b00000000,0b00000000
"SPI","result",9.50562425,4e-06,0b00000100,0b00000000
"SPI","disable",9.5056295,2.50000001e-07,,
"SPI","enable",9.50563175,2.50000001e-07,,
"SPI","result",9.505634,4e-06,0b00000000,0b00000000
"SPI","result",9.50563875,4e-06,0b00001011,0b00000000
"SPI","result",9.5056465,4e-06,0b00000000,0b00000000
"SPI","result",9.50565125,4e-06,0b00000001,0b00000000
"SPI","disable",9.5056565,2.49999999e-07,,
"SPI","enable",9.50565875,2.49999999e-07,,
"SPI","result",9.505661,4e-06,0b00000000,0b00000000
"SPI","result",9.5056655,4.25e-06,0b00000011,0b00000000
"SPI","result",9.50567325,4.25e-06,0b00000000,0b00000000
"SPI","result",9.505678,4e-06,0b00001111,0b00000000
"SPI","disable",9.50568325,2.49999999e-07,,
"SPI","enable",9.50589125,2.50000001e-07,,
"SPI","result",9.50589225,4e-06,0b00001010,0b00000000
"SPI","disable",9.5058965,2.49999999e-07,,
"SPI","enable",9.50589925,2.49999999e-07,,
"SPI","result",9.50590025,4e-06,0b00001110,0b00000000
"SPI","disable",9.5059045,2.49999999e-07,,
"SPI","enable",9.50590625,2.49999999e-07,,
"SPI","result",9.5059085,4.25e-06,0b00000000,0b00000000
"SPI","result",9.50591325,4e-06,0b00000101,0b00000000
"SPI","result",9.50592325,4.25e-06,0b00000100,0b00000000
"SPI","result",9.505928,4e-06,0b00001001,0b00000000
"SPI","result",9.505939,4e-06,0b00000110,0b00000000
"SPI","result",9.5059435,4e-06,0b00000100,0b00000000
"SPI","result",9.5059545,4e-06,0b00000010,0b00000000
"SPI","result",9.505959,4.25e-06,0b00000001,0b00000000
"SPI","result",9.50597,4e-06,0b00000110,0b00000000
"SPI","result",9.5059745,4.25e-06,0b00000100,0b00000000
"SPI","result",9.5059855,4e-06,0b00000010,0b00000000
"SPI","result",9.50599,4.25e-06,0b00000001,0b00000000
"SPI","result",9.506001,4e-06,0b00000011,0b00000000
"SPI","result",9.5060055,4.25e-06,0b00000100,0b00000000
"SPI","result",9.5060165,4e-06,0b00000010,0b00000000
"SPI","result",9.506021,4.25e-06,0b00000001,0b00000000
"SPI","result",9.506032,4e-06,0b00000001,0b00000000
"SPI","result",9.5060365,4.25e-06,0b00000100,0b00000000
"SPI","result",9.5060475,4e-06,0b00000010,0b00000000
"SPI","result",9.50605225,4e-06,0b00001100,0b00000000
"SPI","result",9.506063,4e-06,0b00000001,0b00000000
"SPI","result",9.50606775,4e-06,0b00000100,0b00000000
"SPI","result",9.5060785,4e-06,0b00000010,0b00000000
"SPI","result",9.50608325,4e-06,0b00001100,0b00000000
"SPI","result",9.506094,4e-06,0b00000001,0b00000000
"SPI","result",9.50609875,4e-06,0b00000100,0b00000000
"SPI","result",9.5061095,4e-06,0b00000010,0b00000000
"SPI","result",9.50611425,4e-06,0b00001100,0b00000000
"SPI","result",9.506125,4e-06,0b00000001,0b00000000
"SPI","result",9.50612975,4e-06,0b00000100,0b00000000
"SPI","result",9.5061405,4.25e-06,0b00000010,0b00000000
"SPI","result",9.50614525,4e-06,0b00000001,0b00000000
"SPI","result",9.506156,4.25e-06,0b00000000,0b00000000
"SPI","result",9.50616075,4e-06,0b00000000,0b00000000
"SPI","disable",9.50616875,2.49999999e-07,,
"SPI","enable",9.506171,2.49999999e-07,,
"SPI","result",9.506172,4e-06,0b00001101,0b00000000
"SPI","disable",9.50617625,2.50000001e-07,,
"SPI","enable",9.79504325,2.49999999e-07,,
"SPI","result",9.795044,4.25e-06,0b00001010,0b00000000
"SPI","disable",9.79504825,2.50000001e-07,,
"SPI","enable",9.79505125,2.49999999e-07,,
"SPI","result",9.7950535,4e-06,0b00000010,0b00000000
"SPI","result",9.795058,4.25e-06,0b00001000,0b00000000
"SPI","result",9.795066,4e-06,0b00000001,0b00000000
"SPI","result",9.7950705,4e-06,0b00001111,0b00000000
"SPI","disable",9.79507575,2.49999999e-07,,
"SPI","enable",9.79507825,2.50000003e-07,,
"SPI","result",9.79508025,4.25e-06,0b00000000,0b00000000
"SPI","result",9.795085,4e-06,0b00001110,0b00000000
"SPI","result",9.79509275,4e-06,0b00000000,0b00000000
"SPI","result",9.7950975,4e-06,0b00000001,0b00000000
"SPI","disable",9.79510275,2.49999999e-07,,
"SPI","enable",9.795105,2.50000001e-07,,
"SPI","result",9.79510725,4e-06,0b00000000,0b00000000
"SPI","result",9.795112,4e-06,0b00000001,0b00000000
"SPI","result",9.79511975,4e-06,0b00000110,0b00000000
"SPI","result",9.79512425,4.25e-06,0b00000010,0b00000000
"SPI","disable",9.79512975,2.50000001e-07,,
"SPI","enable",9.795132,2.49999999e-07,,
"SPI","result",9.79513425,4e-06,0b00000001,0b00000000
"SPI","result",9.79513875,4.25e-06,0b00001111,0b00000000
"SPI","result",9.7951465,4.25e-06,0b00000000,0b00000000
"SPI","result",9.79515125,4e-06,0b00001111,0b00000000
"SPI","disable",9.7951565,2.50000001e-07,,
"SPI","enable",9.7951605,2.50000001e-07,,
"SPI","result",9.7951625,4.25e-06,0b00000000,0b00000000
"SPI","result",9.79516725,4e-06,0b00001111,0b00000000
"SPI","result",9.795175,4e-06,0b00000000,0b00000000
"SPI","result",9.79517975,4e-06,0b00000100,0b00000000
"SPI","disable",9.795185,2.49999999e-07,,
"SPI","enable",9.79518725,2.50000001e-07,,
"SPI","result",9.7951895,4e-06,0b00000000,0b00000000
"SPI","result",9.79519425,4e-06,0b00001011,0b00000000
"SPI","result",9.795202,4e-06,0b00000000,0b00000000
"SPI","result",9.79520675,4e-06,0b00000001,0b00000000
"SPI","disable",9.795212,2.50000001e-07,,
"SPI","enable",9.79521425,2.49999999e-07,,
"SPI","result",9.7952165,4e-06,0b00000000,0b00000000
"SPI","result",9.795221,4.25e-06,0b00000011,0b00000000
"SPI","result",9.79522875,4.25e-06,0b00000000,0b00000000
"SPI","result",9.7952335,4e-06,0b00001111,0b00000000
"SPI","disable",9.79523875,2.50000001e-07,,
"SPI","enable",9.795447,2.50000001e-07,,
"SPI","result",9.79544775,4.25e-06,0b00001010,0b00000000
"SPI","disable",9.795452,2.50000001e-07,,
"SPI","enable",9.795455,2.49999999e-07,,
"SPI","result",9.79545575,4.25e-06,0b00001110,0b00000000
"SPI","disable",9.79546,2.49999999e-07,,
"SPI","enable",9.79546175,2.50000003e-07,,
"SPI","result",9.79546425,4e-06,0b00000000,0b00000000
"SPI","result",9.79546875,4.25e-06,0b00000101,0b00000000
"SPI","result",9.795479,4e-06,0b00000100,0b00000000
"SPI","result",9.79548375,4e-06,0b00001001,0b00000000
"SPI","result",9.7954945,4e-06,0b00000110,0b00000000
"SPI","result",9.79549925,4e-06,0b00000100,0b00000000
"SPI","result",9.79551,4e-06,0b00000010,0b00000000
"SPI","result",9.79551475,4e-06,0b00000001,0b00000000
"SPI","result",9.7955255,4e-06,0b00000110,0b00000000
"SPI","result",9.79553025,4e-06,0b00000100,0b00000000
"SPI","result",9.795541,4e-06,0b00000010,0b00000000
"SPI","result",9.79554575,4e-06,0b00000001,0b00000000
"SPI","result",9.7955565,4.25e-06,0b00000011,0b00000000
"SPI","result",9.79556125,4e-06,0b00000100,0b00000000
"SPI","result",9.795572,4.25e-06,0b00000010,0b00000000
"SPI","result",9.79557675,4e-06,0b00000001,0b00000000
"SPI","result",9.7955875,4.25e-06,0b00000001,0b00000000
"SPI","result",9.79559225,4e-06,0b00000100,0b00000000
"SPI","result",9.79560325,4e-06,0b00000010,0b00000000
"SPI","result",9.79560775,4e-06,0b00001100,0b00000000
"SPI","result",9.79561875,4e-06,0b00000001,0b00000000
"SPI","result",9.79562325,4.25e-06,0b00000100,0b00000000
"SPI","result",9.79563425,4e-06,0b00000010,0b00000000
"SPI","result",9.79563875,4.25e-06,0b00001100,0b00000000
"SPI","result",9.79564975,4e-06,0b00000001,0b00000000
"SPI","result",9.79565425,4.25e-06,0b00000100,0b00000000
"SPI","result",9.79566525,4e-06,0b00000010,0b00000000
"SPI","result",9.79567,4e-06,0b00001100,0b00000000
"SPI","result",9.79568075,4e-06,0b00000001,0b00000000
"SPI","result",9.7956855,4e-06,0b00000100,0b00000000
"SPI","result",9.79569625,4e-06,0b00000010,0b00000000
"SPI","result",9.795701,4e-06,0b00000001,0b00000000
"SPI","result",9.79571175,4e-06,0b00000000,0b00000000
"SPI","result",9.7957165,4e-06,0b00000000,0b00000000
"SPI","disable",9.7957245,2.49999999e-07,,
"SPI","enable",9.79572675,2.49999999e-07,,
"SPI","result",9.79572775,4e-06,0b00001101,0b00000000
"SPI","disable",9.79573175,2.50000001e-07,,
"SPI","enable",10.0847712,2.50000001e-07,,
"SPI","result",10.0847723,4e-06,0b00001010,0b00000000
"SPI","disable",10.0847763,2.49999999e-07,,
"SPI","enable",10.0847793,2.50000001e-07,,
"SPI","result",10.0847815,4e-06,0b00000010,0b00000000
"SPI","result",10.0847863,4e-06,0b00001000,0b00000000
"SPI","result",10.084794,4e-06,0b00000001,0b00000000
"SPI","result",10.0847987,4e-06,0b00001111,0b00000000
"SPI","disable",10.084804,2.49999999e-07,,
"SPI","enable",10.0848062,2.49999999e-07,,
"SPI","result",10.0848085,4e-06,0b00000000,0b00000000
"SPI","result",10.084813,4.25e-06,0b00001110,0b00000000
"SPI","result",10.084821,4e-06,0b00000000,0b00000000
"SPI","result",10.0848255,4e-06,0b00000001,0b00000000
"SPI","disable",10.0848307,2.50000001e-07,,
"SPI","enable",10.0848333,2.49999999e-07,,
"SPI","result",10.0848352,4.25e-06,0b00000000,0b00000000
"SPI","result",10.08484,4e-06,0b00000001,0b00000000
"SPI","result",10.0848477,4e-06,0b00000110,0b00000000
"SPI","result",10.0848525,4e-06,0b00000010,0b00000000
"SPI","disable",10.0848577,2.50000001e-07,,
"SPI","enable",10.08486,2.49999999e-07,,
"SPI","result",10.0848623,4e-06,0b00000001,0b00000000
"SPI","result",10.084867,4e-06,0b00001111,0b00000000
"SPI","result",10.0848748,4e-06,0b00000000,0b00000000
"SPI","result",10.0848795,4e-06,0b00001111,0b00000000
"SPI","disable",10.0848848,2.49999999e-07,,
"SPI","enable",10.0848885,2.50000001e-07,,
"SPI","result",10.0848907,4e-06,0b00000000,0b00000000
"SPI","result",10.0848953,4.25e-06,0b00001111,0b00000000
"SPI","result",10.0849032,4e-06,0b00000000,0b00000000
"SPI","result",10.0849077,4e-06,0b00000100,0b00000000
"SPI","disable",10.084913,2.49999999e-07,,
"SPI","enable",10.0849155,2.50000001e-07,,
"SPI","result",10.0849175,4.25e-06,0b00000000,0b00000000
"SPI","result",10.0849222,4e-06,0b00001011,0b00000000
"SPI","result",10.08493,4e-06,0b00000000,0b00000000
"SPI","result",10.0849348,4e-06,0b00000001,0b00000000
"SPI","disable",10.08494,2.50000003e-07,,
"SPI","enable",10.0849422,2.50000001e-07,,
"SPI","result",10.0849445,4e-06,0b00000000,0b00000000
"SPI","result",10.0849492,4e-06,0b00000011,0b00000000
"SPI","result",10.084957,4e-06,0b00000000,0b00000000
"SPI","result",10.0849617,4e-06,0b00001111,0b00000000
"SPI","disable",10.084967,2.49999999e-07,,
"SPI","enable",10.085175,2.50000001e-07,,
"SPI","result",10.085176,4e-06,0b00001010,0b00000000
"SPI","disable",10.08518,2.50000003e-07,,
"SPI","enable",10.085183,2.49999999e-07,,
"SPI","result",10.085184,4e-06,0b00001110,0b00000000
"SPI","disable",10.085188,2.49999999e-07,,
"SPI","enable",10.08519,2.49999999e-07,,
"SPI","result",10.0851923,4e-06,0b00000000,0b00000000
"SPI","result",10.085197,4e-06,0b00000101,0b00000000
"SPI","result",10.085207,4e-06,0b00000100,0b00000000
"SPI","result",10.0852117,4e-06,0b00001001,0b00000000
"SPI","result",10.0852225,4.25e-06,0b00000110,0b00000000
"SPI","result",10.0852273,4e-06,0b00000100,0b00000000
"SPI","result",10.085238,4.25e-06,0b00000010,0b00000000
"SPI","result",10.0852428,4e-06,0b00000001,0b00000000
"SPI","result",10.0852535,4.25e-06,0b00000110,0b00000000
"SPI","result",10.0852583,4e-06,0b00000100,0b00000000
"SPI","result",10.0852692,4e-06,0b00000010,0b00000000
"SPI","result",10.0852738,4e-06,0b00000001,0b00000000
"SPI","result",10.0852847,4e-06,0b00000011,0b00000000
"SPI","result",10.0852893,4.25e-06,0b00000100,0b00000000
"SPI","result",10.0853002,4e-06,0b00000010,0b00000000
"SPI","result",10.0853048,4.25e-06,0b00000001,0b00000000
"SPI","result",10.0853157,4e-06,0b00000001,0b00000000
"SPI","result",10.0853203,4.25e-06,0b00000100,0b00000000
"SPI","result",10.0853312,4e-06,0b00000010,0b00000000
"SPI","result",10.085336,4e-06,0b00001100,0b00000000
"SPI","result",10.0853467,4e-06,0b00000001,0b00000000
"SPI","result",10.0853513,4.25e-06,0b00000100,0b00000000
"SPI","result",10.0853622,4e-06,0b00000010,0b00000000
"SPI","result",10.085367,4e-06,0b00001100,0b00000000
"SPI","result",10.0853777,4e-06,0b00000001,0b00000000
"SPI","result",10.0853825,4e-06,0b00000100,0b00000000
"SPI","result",10.0853932,4e-06,0b00000010,0b00000000
"SPI","result",10.085398,4e-06,0b00001100,0b00000000
"SPI","result",10.0854087,4e-06,0b00000001,0b00000000
"SPI","result",10.0854135,4e-06,0b00000100,0b00000000
"SPI","result",10.0854243,4.25e-06,0b00000010,0b00000000
"SPI","result",10.085429,4e-06,0b00000001,0b00000000
"SPI","result",10.0854398,4.25e-06,0b00000000,0b00000000
"SPI","result",10.0854445,4e-06,0b00000000,0b00000000
"SPI","disable",10.0854525,2.49999999e-07,,
"SPI","enable",10.0854548,2.49999999e-07,,
"SPI","result",10.0854557,4e-06,0b00001101,0b00000000
"SPI","disable",10.08546,2.50000001e-07,,
"SPI","enable",10.374595,2.50000001e-07,,
"SPI","result",10.374596,4e-06,0b00001010,0b00000000
"SPI","disable",10.3746003,2.50000001e-07,,
"SPI","enable",10.374603,2.49999999e-07,,
"SPI","result",10.3746053,4e-06,0b00000010,0b00000000
"SPI","result",10.37461,4e-06,0b00001000,0b00000000
"SPI","result",10.3746178,4e-06,0b00000001,0b00000000
"SPI","result",10.3746225,4e-06,0b00001111,0b00000000
"SPI","disable",10.3746278,2.49999999e-07,,
"SPI","enable",10.37463,2.49999999e-07,,
"SPI","result",10.3746322,4e-06,0b00000000,0b00000000
"SPI","result",10.3746368,4.25e-06,0b00001110,0b00000000
"SPI","result",10.3746447,4e-06,0b00000000,0b00000000
"SPI","result",10.3746492,4e-06,0b00000001,0b00000000
"SPI","disable",10.3746545,2.49999999e-07,,
"SPI","enable",10.374657,2.50000001e-07,,
"SPI","result",10.374659,4.25e-06,0b00000000,0b00000000
"SPI","result",10.3746637,4e-06,0b00000001,0b00000000
"SPI","result",10.3746715,4.25e-06,0b00000110,0b00000000
"SPI","result",10.3746763,4e-06,0b00000010,0b00000000
"SPI","disable",10.3746815,2.50000001e-07,,
"SPI","enable",10.3746838,2.50000001e-07,,
"SPI","result",10.374686,4e-06,0b00000001,0b00000000
"SPI","result",10.3746907,4e-06,0b00001111,0b00000000
"SPI","result",10.3746985,4e-06,0b00000000,0b00000000
"SPI","result",10.3747032,4e-06,0b00001111,0b00000000
"SPI","disable",10.3747085,2.49999999e-07,,
"SPI","enable",10.3747122,2.49999999e-07,,
"SPI","result",10.3747145,4e-06,0b00000000,0b00000000
"SPI","result",10.3747193,4e-06,0b00001111,0b00000000
"SPI","result",10.374727,4e-06,0b00000000,0b00000000
"SPI","result",10.3747315,4.25e-06,0b00000100,0b00000000
"SPI","disable",10.3747368,2.49999999e-07,,
"SPI","enable",10.3747392,2.50000001e-07,,
"SPI","result",10.3747412,4.25e-06,0b00000000,0b00000000
"SPI","result",10.374746,4e-06,0b00001011,0b00000000
"SPI","result",10.3747537,4.25e-06,0b00000000,0b00000000
"SPI","result",10.3747585,4e-06,0b00000001,0b00000000
"SPI","disable",10.3747637,2.50000001e-07,,
"SPI","enable",10.374766,2.50000001e-07,,
"SPI","result",10.3747683,4e-06,0b00000000,0b00000000
"SPI","result",10.374773,4e-06,0b00000011,0b00000000
"SPI","result",10.3747807,4e-06,0b00000000,0b00000000
"SPI","result",10.3747855,4e-06,0b00001111,0b00000000
"SPI","disable",10.3747908,2.49999999e-07,,
"SPI","enable",10.3749987,2.50000003e-07,,
"SPI","result",10.3749998,4e-06,0b00001010,0b00000000
"SPI","disable",10.375004,2.49999999e-07,,
"SPI","enable",10.3750068,2.49999999e-07,,
"SPI","result",10.3750077,4e-06,0b00001110,0b00000000
"SPI","disable",10.3750118,2.50000001e-07,,
"SPI","enable",10.3750138,2.50000001e-07,,
"SPI","result",10.375016,4e-06,0b00000000,0b00000000
"SPI","result",10.3750207,4e-06,0b00000101,0b00000000
"SPI","result",10.3750308,4.25e-06,0b00000100,0b00000000
"SPI","result",10.3750355,4e-06,0b00001001,0b00000000
"SPI","result",10.3750463,4.25e-06,0b00000110,0b00000000
"SPI","result",10.375051,4e-06,0b00000100,0b00000000
"SPI","result",10.3750618,4.25e-06,0b00000010,0b00000000
"SPI","result",10.3750665,4e-06,0b00000001,0b00000000
"SPI","result",10.3750773,4.25e-06,0b00000110,0b00000000
"SPI","result",10.375082,4e-06,0b00000100,0b00000000
"SPI","result",10.375093,4e-06,0b00000010,0b00000000
"SPI","result",10.3750975,4e-06,0b00000001,0b00000000
"SPI","result",10.3751085,4e-06,0b00000011,0b00000000
"SPI","result",10.375113,4.25e-06,0b00000100,0b00000000
"SPI","result",10.375124,4e-06,0b00000010,0b00000000
"SPI","result",10.3751285,4.25e-06,0b00000001,0b00000000
"SPI","result",10.3751395,4e-06,0b00000001,0b00000000
"SPI","result",10.375144,4.25e-06,0b00000100,0b00000000
"SPI","result",10.375155,4e-06,0b00000010,0b00000000
"SPI","result",10.3751597,4e-06,0b00001100,0b00000000
"SPI","result",10.3751705,4e-06,0b00000001,0b00000000
"SPI","result",10.3751752,4e-06,0b00000100,0b00000000
"SPI","result",10.375186,4e-06,0b00000010,0b00000000
"SPI","result",10.3751907,4e-06,0b00001100,0b00000000
"SPI","result",10.3752015,4e-06,0b00000001,0b00000000
"SPI","result",10.3752062,4e-06,0b00000100,0b00000000
"SPI","result",10.375217,4e-06,0b00000010,0b00000000
"SPI","result",10.3752217,4e-06,0b00001100,0b00000000
"SPI","result",10.3752325,4e-06,0b00000001,0b00000000
"SPI","result",10.3752372,4e-06,0b00000100,0b00000000
"SPI","result",10.375248,4.25e-06,0b00000010,0b00000000
"SPI","result",10.3752527,4e-06,0b00000001,0b00000000
"SPI","result",10.3752635,4.25e-06,0b00000000,0b00000000
"SPI","result",10.3752682,4e-06,0b00000000,0b00000000
"SPI","disable",10.3752763,2.49999999e-07,,
"SPI","enable",10.3752785,2.49999999e-07,,
"SPI","result",10.3752795,4e-06,0b00001101,0b00000000
"SPI","disable",10.3752837,2.50000003e-07,,
"SPI","enable",10.6648927,2.50000001e-07,,
"SPI","result",10.6648937,4e-06,0b00001010,0b00000000
"SPI","disable",10.6648977,2.50000001e-07,,
"SPI","enable",10.6649007,2.50000001e-07,,
"SPI","result",10.664903,4e-06,0b00000010,0b00000000
"SPI","result",10.6649077,4e-06,0b00001000,0b00000000
"SPI","result",10.6649155,4e-06,0b00000001,0b00000000
"SPI","result",10.6649202,4e-06,0b00001111,0b00000000
"SPI","disable",10.6649255,2.49999999e-07,,
"SPI","enable",10.6649278,2.49999999e-07,,
"SPI","result",10.66493,4e-06,0b00000000,0b00000000
"SPI","result",10.6649345,4.25e-06,0b00001110,0b00000000
"SPI","result",10.6649425,4e-06,0b00000000,0b00000000
"SPI","result",10.664947,4e-06,0b00000001,0b00000000
"SPI","disable",10.6649523,2.49999999e-07,,
"SPI","enable",10.6649547,2.50000003e-07,,
"SPI","result",10.6649567,4.25e-06,0b00000000,0b00000000
"SPI","result",10.6649615,4e-06,0b00000001,0b00000000
"SPI","result",10.6649693,4e-06,0b00000110,0b00000000
"SPI","result",10.664974,4e-06,0b00000010,0b00000000
"SPI","disable",10.6649793,2.49999999e-07,,
"SPI","enable",10.6649815,2.50000001e-07,,
"SPI","result",10.6649837,4e-06,0b00000001,0b00000000
"SPI","result",10.6649885,4e-06,0b00001111,0b00000000
"SPI","result",10.6649962,4e-06,0b00000000,0b00000000
"SPI","result",10.665001,4e-06,0b00001111,0b00000000
"SPI","disable",10.6650062,2.50000003e-07,,
"SPI","enable",10.66501,2.49999999e-07,,
"SPI","result",10.6650123,4e-06,0b00000000,0b00000000
"SPI","result",10.6650167,4.25e-06,0b00001111,0b00000000
"SPI","result",10.6650248,4e-06,0b00000000,0b00000000
"SPI","result",10.6650292,4e-06,0b00000100,0b00000000
"SPI","disable",10.6650345,2.49999999e-07,,
"SPI","enable",10.665037,2.49999999e-07,,
"SPI","result",10.665039,4.25e-06,0b00000000,0b00000000
"SPI","result",10.6650438,4e-06,0b00001011,0b00000000
"SPI","result",10.6650515,4e-06,0b00000000,0b00000000
"SPI","result",10.6650562,4e-06,0b00000001,0b00000000
"SPI","disable",10.6650615,2.49999999e-07,,
"SPI","enable",10.6650637,2.49999999e-07,,
"SPI","result",10.665066,4e-06,0b00000000,0b00000000
"SPI","result",10.6650707,4e-06,0b00000011,0b00000000
"SPI","result",10.6650785,4e-06,0b00000000,0b00000000
"SPI","result",10.6650833,4e-06,0b00001111,0b00000000
"SPI","disable",10.6650885,2.50000001e-07,,
"SPI","enable",10.6652965,2.49999999e-07,,
"SPI","result",10.6652975,4e-06,0b00001010,0b00000000
"SPI","disable",10.6653015,2.49999999e-07,,
"SPI","enable",10.6653045,2.50000001e-07,,
"SPI","result",10.6653055,4e-06,0b00001110,0b00000000
"SPI","disable",10.6653095,2.50000001e-07,,
"SPI","enable",10.6653113,2.49999999e-07,,
"SPI","result",10.6653137,4e-06,0b00000000,0b00000000
"SPI","result",10.6653185,4e-06,0b00000101,0b00000000
"SPI","result",10.6653285,4e-06,0b00000100,0b00000000
"SPI","result",10.6653332,4e-06,0b00001001,0b00000000
"SPI","result",10.665344,4.25e-06,0b00000110,0b00000000
"SPI","result",10.6653487,4e-06,0b00000100,0b00000000
"SPI","result",10.6653595,4.25e-06,0b00000010,0b00000000
"SPI","result",10.6653642,4e-06,0b00000001,0b00000000
"SPI","result",10.665375,4.25e-06,0b00000110,0b00000000
"SPI","result",10.6653797,4e-06,0b00000100,0b00000000
"SPI","result",10.6653905,4.25e-06,0b00000010,0b00000000
"SPI","result",10.6653952,4e-06,0b00000001,0b00000000
"SPI","result",10.665406,4.25e-06,0b00000011,0b00000000
"SPI","result",10.6654107,4e-06,0b00000100,0b00000000
"SPI","result",10.6654218,4e-06,0b00000010,0b00000000
"SPI","result",10.6654262,4.25e-06,0b00000001,0b00000000
"SPI","result",10.6654373,4e-06,0b00000001,0b00000000
"SPI","result",10.6654417,4.25e-06,0b00000100,0b00000000
"SPI","result",10.6654528,4e-06,0b00000010,0b00000000
"SPI","result",10.6654575,4e-06,0b00001100,0b00000000
"SPI","result",10.6654682,4e-06,0b00000001,0b00000000
"SPI","result",10.6654727,4.25e-06,0b00000100,0b00000000
"SPI","result",10.6654837,4e-06,0b00000010,0b00000000
"SPI","result",10.6654885,4e-06,0b00001100,0b00000000
"SPI","result",10.6654992,4e-06,0b00000001,0b00000000
"SPI","result",10.665504,4e-06,0b00000100,0b00000000
"SPI","result",10.6655147,4e-06,0b00000010,0b00000000
"SPI","result",10.6655195,4e-06,0b00001100,0b00000000
"SPI","result",10.6655302,4e-06,0b00000001,0b00000000
"SPI","result",10.665535,4e-06,0b00000100,0b00000000
"SPI","result",10.6655457,4e-06,0b00000010,0b00000000
"SPI","result",10.6655505,4e-06,0b00000001,0b00000000
"SPI","result",10.6655612,4.25e-06,0b00000000,0b00000000
"SPI","result",10.665566,4e-06,0b00000000,0b00000000
"SPI","disable",10.665574,2.50000003e-07,,
"SPI","enable",10.6655763,2.50000001e-07,,
"SPI","result",10.6655773,4e-06,0b00001101,0b00000000
"SPI","disable",10.6655815,2.49999999e-07,,
"SPI","enable",10.9554355,2.49999999e-07,,
"SPI","result",10.9554365,4e-06,0b00001010,0b00000000
"SPI","disable",10.9554407,2.50000001e-07,,
"SPI","enable",10.9554438,2.49999999e-07,,
"SPI","result",10.9554458,4.25e-06,0b00000010,0b00000000
"SPI","result",10.9554505,4e-06,0b00001000,0b00000000
"SPI","result",10.9554582,4.25e-06,0b00000001,0b00000000
"SPI","result",10.955463,4e-06,0b00001111,0b00000000
"SPI","disable",10.9554682,2.50000001e-07,,
"SPI","enable",10.9554705,2.49999999e-07,,
"SPI","result",10.9554728,4e-06,0b00000000,0b00000000
"SPI","result",10.9554775,4e-06,0b00001110,0b00000000
"SPI","result",10.9554852,4e-06,0b00000000,0b00000000
"SPI","result",10.95549,4e-06,0b00000001,0b00000000
"SPI","disable",10.9554953,2.49999999e-07,,
"SPI","enable",10.9554975,2.49999999e-07,,
"SPI","result",10.9554997,4e-06,0b00000000,0b00000000
"SPI","result",10.9555043,4.25e-06,0b00000001,0b00000000
"SPI","result",10.9555122,4e-06,0b00000110,0b00000000
"SPI","result",10.9555167,4.25e-06,0b00000010,0b00000000
"SPI","disable",10.955522,2.49999999e-07,,
"SPI","enable",10.9555245,2.50000001e-07,,
"SPI","result",10.9555265,4.25e-06,0b00000001,0b00000000
"SPI","result",10.9555312,4e-06,0b00001111,0b00000000
"SPI","result",10.955539,4e-06,0b00000000,0b00000000
"SPI","result",10.9555438,4e-06,0b00001111,0b00000000
"SPI","disable",10.955549,2.50000001e-07,,
"SPI","enable",10.9555528,2.49999999e-07,,
"SPI","result",10.955555,4e-06,0b00000000,0b00000000
"SPI","result",10.9555598,4e-06,0b00001111,0b00000000
"SPI","result",10.9555675,4e-06,0b00000000,0b00000000
"SPI","result",10.9555722,4e-06,0b00000100,0b00000000
"SPI","disable",10.9555775,2.49999999e-07,,
"SPI","enable",10.9555798,2.49999999e-07,,
"SPI","result",10.955582,4e-06,0b00000000,0b00000000
"SPI","result",10.9555865,4.25e-06,0b00001011,0b00000000
"SPI","result",10.9555945,4e-06,0b00000000,0b00000000
"SPI","result",10.955599,4e-06,0b00000001,0b00000000
"SPI","disable",10.9556043,2.49999999e-07,,
"SPI","enable",10.9556067,2.50000001e-07,,
"SPI","result",10.9556087,4.25e-06,0b00000000,0b00000000
"SPI","result",10.9556135,4e-06,0b00000011,0b00000000
"SPI","result",10.9556213,4e-06,0b00000000,0b00000000
"SPI","result",10.955626,4e-06,0b00001111,0b00000000
"SPI","disable",10.9556312,2.50000001e-07,,
"SPI","enable",10.9558393,2.49999999e-07,,
"SPI","result",10.9558402,4e-06,0b00001010,0b00000000
"SPI","disable",10.9558445,2.50000001e-07,,
"SPI","enable",10.9558472,2.50000003e-07,,
"SPI","result",10.9558483,4e-06,0b00001110,0b00000000
"SPI","disable",10.9558522,2.50000001e-07,,
"SPI","enable",10.9558542,2.49999999e-07,,
"SPI","result",10.9558565,4e-06,0b00000000,0b00000000
"SPI","result",10.9558612,4e-06,0b00000101,0b00000000
"SPI","result",10.9558712,4.25e-06,0b00000100,0b00000000
"SPI","result",10.955876,4e-06,0b00001001,0b00000000
"SPI","result",10.9558867,4.25e-06,0b00000110,0b00000000
"SPI","result",10.9558915,4e-06,0b00000100,0b00000000
"SPI","result",10.9559022,4.25e-06,0b00000010,0b00000000
"SPI","result",10.955907,4e-06,0b00000001,0b00000000
"SPI","result",10.9559177,4.25e-06,0b00000110,0b00000000
"SPI","result",10.9559225,4e-06,0b00000100,0b00000000
"SPI","result",10.9559335,4e-06,0b00000010,0b00000000
"SPI","result",10.955938,4e-06,0b00000001,0b00000000
"SPI","result",10.955949,4e-06,0b00000011,0b00000000
"SPI","result",10.9559535,4.25e-06,0b00000100,0b00000000
"SPI","result",10.9559645,4e-06,0b00000010,0b00000000
"SPI","result",10.955969,4.25e-06,0b00000001,0b00000000
"SPI","result",10.95598,4e-06,0b00000001,0b00000000
"SPI","result",10.9559845,4.25e-06,0b00000100,0b00000000
"SPI","result",10.9559955,4e-06,0b00000010,0b00000000
"SPI","result",10.9560003,4e-06,0b00001100,0b00000000
"SPI","result",10.956011,4e-06,0b00000001,0b00000000
"SPI","result",10.9560155,4.25e-06,0b00000100,0b00000000
"SPI","result",10.9560265,4e-06,0b00000010,0b00000000
"SPI","result",10.9560313,4e-06,0b00001100,0b00000000
"SPI","result",10.956042,4e-06,0b00000001,0b00000000
"SPI","result",10.9560468,4e-06,0b00000100,0b00000000
"SPI","result",10.9560575,4e-06,0b00000010,0b00000000
"SPI","result",10.9560623,4e-06,0b00001100,0b00000000
"SPI","result",10.956073,4e-06,0b00000001,0b00000000
"SPI","result",10.9560778,4e-06,0b00000100,0b00000000
"SPI","result",10.9560885,4e-06,0b00000010,0b00000000
"SPI","result",10.9560933,4e-06,0b00000001,0b00000000
"SPI","result",10.956104,4.25e-06,0b00000000,0b00000000
"SPI","result",10.9561088,4e-06,0b00000000,0b00000000
"SPI","disable",10.9561167,2.50000001e-07,,
"SPI","enable",10.956119,2.50000001e-07,,
"SPI","result",10.95612,4e-06,0b00001101,0b00000000
"SPI","disable",10.9561243,2.49999999e-07,,
"SPI","enable",11.2460262,2.50000001e-07,,
"SPI","result",11.2460272,4e-06,0b00001010,0b00000000
"SPI","disable",11.2460312,2.50000001e-07,,
"SPI","enable",11.2460342,2.50000001e-07,,
"SPI","result",11.2460365,4e-06,0b00000010,0b00000000
"SPI","result",11.2460413,4e-06,0b00001000,0b00000000
"SPI","result",11.246049,4e-06,0b00000001,0b00000000
"SPI","result",11.2460535,4.25e-06,0b00001111,0b00000000
"SPI","disable",11.246059,2.49999999e-07,,
"SPI","enable",11.2460613,2.49999999e-07,,
"SPI","result",11.2460633,4.25e-06,0b00000000,0b00000000
"SPI","result",11.246068,4e-06,0b00001110,0b00000000
"SPI","result",11.2460757,4.25e-06,0b00000000,0b00000000
"SPI","result",11.2460805,4e-06,0b00000001,0b00000000
"SPI","disable",11.2460858,2.49999999e-07,,
"SPI","enable",11.246088,2.49999999e-07,,
"SPI","result",11.2460902,4e-06,0b00000000,0b00000000
"SPI","result",11.246095,4e-06,0b00000001,0b00000000
"SPI","result",11.2461028,4e-06,0b00000110,0b00000000
"SPI","result",11.2461075,4e-06,0b00000010,0b00000000
"SPI","disable",11.2461127,2.49999999e-07,,
"SPI","enable",11.246115,2.50000001e-07,,
"SPI","result",11.2461172,4e-06,0b00000001,0b00000000
"SPI","result",11.2461218,4.25e-06,0b00001111,0b00000000
"SPI","result",11.2461297,4e-06,0b00000000,0b00000000
"SPI","result",11.2461343,4e-06,0b00001111,0b00000000
"SPI","disable",11.2461395,2.49999999e-07,,
"SPI","enable",11.2461435,2.49999999e-07,,
"SPI","result",11.2461455,4.25e-06,0b00000000,0b00000000
"SPI","result",11.2461502,4e-06,0b00001111,0b00000000
"SPI","result",11.246158,4.25e-06,0b00000000,0b00000000
"SPI","result",11.2461627,4e-06,0b00000100,0b00000000
"SPI","disable",11.246168,2.49999999e-07,,
"SPI","enable",11.2461703,2.49999999e-07,,
"SPI","result",11.2461725,4e-06,0b00000000,0b00000000
"SPI","result",11.2461773,4e-06,0b00001011,0b00000000
"SPI","result",11.246185,4e-06,0b00000000,0b00000000
"SPI","result",11.2461897,4e-06,0b00000001,0b00000000
"SPI","disable",11.246195,2.49999999e-07,,
"SPI","enable",11.2461972,2.49999999e-07,,
"SPI","result",11.2461995,4e-06,0b00000000,0b00000000
"SPI","result",11.246204,4.25e-06,0b00000011,0b00000000
"SPI","result",11.2462118,4.25e-06,0b00000000,0b00000000
"SPI","result",11.2462165,4e-06,0b00001111,0b00000000
"SPI","disable",11.2462218,2.49999999e-07,,
"SPI","enable",11.2464298,2.49999999e-07,,
"SPI","result",11.2464308,4e-06,0b00001010,0b00000000
"SPI","disable",11.246435,2.49999999e-07,,
"SPI","enable",11.2464378,2.49999999e-07,,
"SPI","result",11.2464387,4e-06,0b00001110,0b00000000
"SPI","disable",11.246443,2.50000001e-07,,
"SPI","enable",11.2464448,2.49999999e-07,,
"SPI","result",11.246447,4.25e-06,0b00000000,0b00000000
"SPI","result",11.2464518,4e-06,0b00000101,0b00000000
"SPI","result",11.246462,4e-06,0b00000100,0b00000000
"SPI","result",11.2464665,4.25e-06,0b00001001,0b00000000
"SPI","result",11.2464775,4e-06,0b00000110,0b00000000
"SPI","result",11.246482,4.25e-06,0b00000100,0b00000000
"SPI","result",11.246493,4e-06,0b00000010,0b00000000
"SPI","result",11.2464975,4.25e-06,0b00000001,0b00000000
"SPI","result",11.2465085,4e-06,0b00000110,0b00000000
"SPI","result",11.246513,4.25e-06,0b00000100,0b00000000
"SPI","result",11.246524,4e-06,0b00000010,0b00000000
"SPI","result",11.2465287,4e-06,0b00000001,0b00000000
"SPI","result",11.2465395,4e-06,0b00000011,0b00000000
"SPI","result",11.2465442,4e-06,0b00000100,0b00000000
"SPI","result",11.246555,4e-06,0b00000010,0b00000000
"SPI","result",11.2465597,4e-06,0b00000001,0b00000000
"SPI","result",11.2465705,4e-06,0b00000001,0b00000000
"SPI","result",11.2465752,4e-06,0b00000100,0b00000000
"SPI","result",11.246586,4e-06,0b00000010,0b00000000
"SPI","result",11.2465907,4e-06,0b00001100,0b00000000
"SPI","result",11.2466015,4e-06,0b00000001,0b00000000
"SPI","result",11.2466062,4e-06,0b00000100,0b00000000
"SPI","result",11.246617,4.25e-06,0b00000010,0b00000000
"SPI","result",11.2466217,4e-06,0b00001100,0b00000000
"SPI","result",11.2466325,4.25e-06,0b00000001,0b00000000
"SPI","result",11.2466372,4e-06,0b00000100,0b00000000
"SPI","result",11.246648,4.25e-06,0b00000010,0b00000000
"SPI","result",11.2466528,4e-06,0b00001100,0b00000000
"SPI","result",11.2466637,4e-06,0b00000001,0b00000000
"SPI","result",11.2466683,4e-06,0b00000100,0b00000000
"SPI","result",11.2466792,4e-06,0b00000010,0b00000000
"SPI","result",11.2466838,4.25e-06,0b00000001,0b00000000
"SPI","result",11.2466947,4e-06,0b00000000,0b00000000
"SPI","result",11.2466993,4.25e-06,0b00000000,0b00000000
"SPI","disable",11.2467075,2.50000003e-07,,
"SPI","enable",11.2467095,2.50000001e-07,,
"SPI","result",11.2467105,4e-06,0b00001101,0b00000000
"SPI","disable",11.2467148,2.49999999e-07,,
"SPI","enable",11.5360678,2.49999999e-07,,
"SPI","result",11.5360688,4e-06,0b00001010,0b00000000
"SPI","disable",11.536073,2.49999999e-07,,
"SPI","enable",11.5360758,2.49999999e-07,,
"SPI","result",11.536078,4e-06,0b00000010,0b00000000
"SPI","result",11.5360828,4e-06,0b00001000,0b00000000
"SPI","result",11.5360905,4e-06,0b00000001,0b00000000
"SPI","result",11.5360953,4e-06,0b00001111,0b00000000
"SPI","disable",11.5361005,2.49999999e-07,,
"SPI","enable",11.5361027,2.50000001e-07,,
"SPI","result",11.536105,4e-06,0b00000000,0b00000000
"SPI","result",11.5361097,4e-06,0b00001110,0b00000000
"SPI","result",11.5361175,4e-06,0b00000000,0b00000000
"SPI","result",11.536122,4.25e-06,0b00000001,0b00000000
"SPI","disable",11.5361272,2.49999999e-07,,
"SPI","enable",11.5361298,2.49999999e-07,,
"SPI","result",11.5361317,4.25e-06,0b00000000,0b00000000
"SPI","result",11.5361365,4e-06,0b00000001,0b00000000
"SPI","result",11.5361442,4.25e-06,0b00000110,0b00000000
"SPI","result",11.536149,4e-06,0b00000010,0b00000000
"SPI","disable",11.5361542,2.50000001e-07,,
"SPI","enable",11.5361565,2.49999999e-07,,
"SPI","result",11.5361588,4e-06,0b00000001,0b00000000
"SPI","result",11.5361635,4e-06,0b00001111,0b00000000
"SPI","result",11.5361713,4e-06,0b00000000,0b00000000
"SPI","result",11.536176,4e-06,0b00001111,0b00000000
"SPI","disable",11.5361813,2.49999999e-07,,
"SPI","enable",11.536185,2.50000001e-07,,
"SPI","result",11.5361872,4e-06,0b00000000,0b00000000
"SPI","result",11.536192,4e-06,0b00001111,0b00000000
"SPI","result",11.5361997,4e-06,0b00000000,0b00000000
"SPI","result",11.5362043,4.25e-06,0b00000100,0b00000000
"SPI","disable",11.5362095,2.49999999e-07,,
"SPI","enable",11.536212,2.49999999e-07,,
"SPI","result",11.536214,4.25e-06,0b00000000,0b00000000
"SPI","result",11.5362187,4e-06,0b00001011,0b00000000
"SPI","result",11.5362265,4.25e-06,0b00000000,0b00000000
"SPI","result",11.5362313,4e-06,0b00000001,0b00000000
"SPI","disable",11.5362365,2.50000001e-07,,
"SPI","enable",11.5362388,2.49999999e-07,,
"SPI","result",11.536241,4e-06,0b00000000,0b00000000
"SPI","result",11.5362458,4e-06,0b00000011,0b00000000
"SPI","result",11.5362535,4e-06,0b00000000,0b00000000
"SPI","result",11.5362582,4e-06,0b00001111,0b00000000
"SPI","disable",11.5362635,2.49999999e-07,,
"SPI","enable",11.5364715,2.50000001e-07,,
"SPI","result",11.5364725,4e-06,0b00001010,0b00000000
"SPI","disable",11.5364765,2.50000001e-07,,
"SPI","enable",11.5364795,2.49999999e-07,,
"SPI","result",11.5364805,4e-06,0b00001110,0b00000000
"SPI","disable",11.5364845,2.49999999e-07,,
"SPI","enable",11.5364862,2.50000001e-07,,
"SPI","result",11.5364888,4e-06,0b00000000,0b00000000
"SPI","result",11.5364935,4e-06,0b00000101,0b00000000
"SPI","result",11.5365035,4e-06,0b00000100,0b00000000
"SPI","result",11.5365083,4e-06,0b00001001,0b00000000
"SPI","result",11.536519,4e-06,0b00000110,0b00000000
"SPI","result",11.5365238,4e-06,0b00000100,0b00000000
"SPI","result",11.5365345,4e-06,0b00000010,0b00000000
"SPI","result",11.5365393,4e-06,0b00000001,0b00000000
"SPI","result",11.53655,4.25e-06,0b00000110,0b00000000
"SPI","result",11.5365548,4e-06,0b00000100,0b00000000
"SPI","result",11.5365655,4.25e-06,0b00000010,0b00000000
"SPI","result",11.5365703,4e-06,0b00000001,0b00000000
"SPI","result",11.536581,4.25e-06,0b00000011,0b00000000
"SPI","result",11.5365858,4e-06,0b00000100,0b00000000
"SPI","result",11.5365965,4.25e-06,0b00000010,0b00000000
"SPI","result",11.5366013,4e-06,0b00000001,0b00000000
"SPI","result",11.536612,4.25e-06,0b00000001,0b00000000
"SPI","result",11.5366168,4e-06,0b00000100,0b00000000
"SPI","result",11.5366277,4e-06,0b00000010,0b00000000
"SPI","result",11.5366323,4e-06,0b00001100,0b00000000
"SPI","result",11.5366432,4e-06,0b00000001,0b00000000
"SPI","result",11.5366478,4e-06,0b00000100,0b00000000
"SPI","result",11.5366588,4e-06,0b00000010,0b00000000
"SPI","result",11.5366633,4.25e-06,0b00001100,0b00000000
"SPI","result",11.5366743,4e-06,0b00000001,0b00000000
"SPI","result",11.5366788,4.25e-06,0b00000100,0b00000000
"SPI","result",11.5366898,4e-06,0b00000010,0b00000000
"SPI","result",11.5366945,4e-06,0b00001100,0b00000000
"SPI","result",11.5367053,4e-06,0b00000001,0b00000000
"SPI","result",11.5367097,4.25e-06,0b00000100,0b00000000
"SPI","result",11.5367208,4e-06,0b00000010,0b00000000
"SPI","result",11.5367252,4.25e-06,0b00000001,0b00000000
"SPI","result",11.5367363,4e-06,0b00000000,0b00000000
"SPI","result",11.536741,4e-06,0b00000000,0b00000000
"SPI","disable",11.536749,2.49999999e-07,,
"SPI","enable",11.5367513,2.49999999e-07,,
"SPI","result",11.5367522,4e-06,0b00001101,0b00000000
"SPI","disable",11.5367562,2.49999999e-07,,
"SPI","enable",11.8257575,2.49999999e-07,,
"SPI","result",11.8257585,4e-06,0b00001010,0b00000000
"SPI","disable",11.8257628,2.49999999e-07,,
"SPI","enable",11.8257655,2.50000001e-07,,
"SPI","result",11.8257678,4e-06,0b00000010,0b00000000
"SPI","result",11.8257725,4e-06,0b00001000,0b00000000
"SPI","result",11.8257802,4e-06,0b00000001,0b00000000
"SPI","result",11.825785,4e-06,0b00001111,0b00000000
"SPI","disable",11.8257903,2.50000001e-07,,
"SPI","enable",11.8257925,2.50000001e-07,,
"SPI","result",11.8257948,4e-06,0b00000000,0b00000000
"SPI","result",11.8257995,4e-06,0b00001110,0b00000000
"SPI","result",11.8258073,4e-06,0b00000000,0b00000000
"SPI","result",11.8258117,4.25e-06,0b00000001,0b00000000
"SPI","disable",11.8258173,2.49999999e-07,,
"SPI","enable",11.8258195,2.50000001e-07,,
"SPI","result",11.8258215,4.25e-06,0b00000000,0b00000000
"SPI","result",11.8258263,4e-06,0b00000001,0b00000000
"SPI","result",11.825834,4.25e-06,0b00000110,0b00000000
"SPI","result",11.8258388,4e-06,0b00000010,0b00000000
"SPI","disable",11.825844,2.50000001e-07,,
"SPI","enable",11.8258462,2.50000001e-07,,
"SPI","result",11.8258485,4e-06,0b00000001,0b00000000
"SPI","result",11.8258532,4e-06,0b00001111,0b00000000
"SPI","result",11.825861,4e-06,0b00000000,0b00000000
"SPI","result",11.8258658,4e-06,0b00001111,0b00000000
"SPI","disable",11.825871,2.50000001e-07,,
"SPI","enable",11.8258748,2.49999999e-07,,
"SPI","result",11.825877,4e-06,0b00000000,0b00000000
"SPI","result",11.8258818,4e-06,0b00001111,0b00000000
"SPI","result",11.8258895,4e-06,0b00000000,0b00000000
"SPI","result",11.825894,4.25e-06,0b00000100,0b00000000
"SPI","disable",11.8258993,2.49999999e-07,,
"SPI","enable",11.8259017,2.50000001e-07,,
"SPI","result",11.8259038,4.25e-06,0b00000000,0b00000000
"SPI","result",11.8259085,4e-06,0b00001011,0b00000000
"SPI","result",11.8259163,4.25e-06,0b00000000,0b00000000
"SPI","result",11.825921,4e-06,0b00000001,0b00000000
"SPI","disable",11.8259263,2.49999999e-07,,
"SPI","enable",11.8259285,2.49999999e-07,,
"SPI","result",11.8259307,4e-06,0b00000000,0b00000000
"SPI","result",11.8259355,4e-06,0b00000011,0b00000000
"SPI","result",11.8259432,4e-06,0b00000000,0b00000000
"SPI","result",11.825948,4e-06,0b00001111,0b00000000
"SPI","disable",11.8259532,2.50000003e-07,,
"SPI","enable",11.8261613,2.49999999e-07,,
"SPI","result",11.8261622,4e-06,0b00001010,0b00000000
"SPI","disable",11.8261665,2.50000001e-07,,
"SPI","enable",11.8261692,2.50000001e-07,,
"SPI","result",11.8261703,4e-06,0b00001110,0b00000000
"SPI","disable",11.8261742,2.50000001e-07,,
"SPI","enable",11.8261762,2.50000001e-07,,
"SPI","result",11.8261785,4e-06,0b00000000,0b00000000
"SPI","result",11.8261832,4e-06,0b00000101,0b00000000
"SPI","result",11.8261932,4e-06,0b00000100,0b00000000
"SPI","result",11.826198,4e-06,0b00001001,0b00000000
"SPI","result",11.8262087,4.25e-06,0b00000110,0b00000000
"SPI","result",11.8262135,4e-06,0b00000100,0b00000000
"SPI","result",11.8262242,4.25e-06,0b00000010,0b00000000
"SPI","result",11.826229,4e-06,0b00000001,0b00000000
"SPI","result",11.8262397,4.25e-06,0b00000110,0b00000000
"SPI","result",11.8262445,4e-06,0b00000100,0b00000000
"SPI","result",11.8262555,4e-06,0b00000010,0b00000000
"SPI","result",11.82626,4e-06,0b00000001,0b00000000
"SPI","result",11.826271,4e-06,0b00000011,0b00000000
"SPI","result",11.8262755,4.25e-06,0b00000100,0b00000000
"SPI","result",11.8262865,4e-06,0b00000010,0b00000000
"SPI","result",11.826291,4.25e-06,0b00000001,0b00000000
"SPI","result",11.826302,4e-06,0b00000001,0b00000000
"SPI","result",11.8263065,4.25e-06,0b00000100,0b00000000
"SPI","result",11.8263175,4e-06,0b00000010,0b00000000
"SPI","result",11.8263223,4e-06,0b00001100,0b00000000
"SPI","result",11.826333,4e-06,0b00000001,0b00000000
"SPI","result",11.8263375,4.25e-06,0b00000100,0b00000000
"SPI","result",11.8263485,4e-06,0b00000010,0b00000000
"SPI","result",11.8263533,4e-06,0b00001100,0b00000000
"SPI","result",11.826364,4e-06,0b00000001,0b00000000
"SPI","result",11.8263688,4e-06,0b00000100,0b00000000
"SPI","result",11.8263795,4e-06,0b00000010,0b00000000
"SPI","result",11.8263843,4e-06,0b00001100,0b00000000
"SPI","result",11.826395,4e-06,0b00000001,0b00000000
"SPI","result",11.8263998,4e-06,0b00000100,0b00000000
"SPI","result",11.8264105,4e-06,0b00000010,0b00000000
"SPI","result",11.8264153,4e-06,0b00000001,0b00000000
"SPI","result",11.826426,4.25e-06,0b00000000,0b00000000
"SPI","result",11.8264308,4e-06,0b00000000,0b00000000
"SPI","disable",11.8264387,2.50000001e-07,,
"SPI","enable",11.826441,2.49999999e-07,,
"SPI","result",11.826442,4e-06,0b00001101,0b00000000
"SPI","disable",11.8264463,2.49999999e-07,,
"SPI","enable",12.115388,2.50000001e-07,,
"SPI","result",12.115389,4e-06,0b00001010,0b00000000
"SPI","disable",12.1153933,2.49999999e-07,,
"SPI","enable",12.115396,2.49999999e-07,,
"SPI","result",12.1153983,4e-06,0b00000010,0b00000000
"SPI","result",12.115403,4e-06,0b00001000,0b00000000
"SPI","result",12.1154108,4e-06,0b00000001,0b00000000
"SPI","result",12.1154155,4e-06,0b00001111,0b00000000
"SPI","disable",12.1154208,2.50000001e-07,,
"SPI","enable",12.115423,2.49999999e-07,,
"SPI","result",12.1154252,4e-06,0b00000000,0b00000000
"SPI","result",12.11543,4e-06,0b00001110,0b00000000
"SPI","result",12.1154377,4e-06,0b00000000,0b00000000
"SPI","result",12.1154422,4.25e-06,0b00000001,0b00000000
"SPI","disable",12.1154477,2.50000001e-07,,
"SPI","enable",12.11545,2.50000001e-07,,
"SPI","result",12.115452,4.25e-06,0b00000000,0b00000000
"SPI","result",12.1154567,4e-06,0b00000001,0b00000000
"SPI","result",12.1154645,4.25e-06,0b00000110,0b00000000
"SPI","result",12.1154693,4e-06,0b00000010,0b00000000
"SPI","disable",12.1154745,2.50000001e-07,,
"SPI","enable",12.1154767,2.50000001e-07,,
"SPI","result",12.115479,4e-06,0b00000001,0b00000000
"SPI","result",12.1154837,4e-06,0b00001111,0b00000000
"SPI","result",12.1154915,4e-06,0b00000000,0b00000000
"SPI","result",12.1154962,4e-06,0b00001111,0b00000000
"SPI","disable",12.1155015,2.49999999e-07,,
"SPI","enable",12.1155053,2.49999999e-07,,
"SPI","result",12.1155075,4e-06,0b00000000,0b00000000
"SPI","result",12.1155123,4e-06,0b00001111,0b00000000
"SPI","result",12.11552,4e-06,0b00000000,0b00000000
"SPI","result",12.1155245,4.25e-06,0b00000100,0b00000000
"SPI","disable",12.1155298,2.49999999e-07,,
"SPI","enable",12.1155322,2.50000001e-07,,
"SPI","result",12.1155342,4.25e-06,0b00000000,0b00000000
"SPI","result",12.115539,4e-06,0b00001011,0b00000000
"SPI","result",12.1155468,4.25e-06,0b00000000,0b00000000
"SPI","result",12.1155515,4e-06,0b00000001,0b00000000
"SPI","disable",12.1155567,2.50000001e-07,,
"SPI","enable",12.115559,2.50000001e-07,,
"SPI","result",12.1155613,4e-06,0b00000000,0b00000000
"SPI","result",12.115566,4e-06,0b00000011,0b00000000
"SPI","result",12.1155737,4e-06,0b00000000,0b00000000
"SPI","result",12.1155785,4e-06,0b00001111,0b00000000
"SPI","disable",12.1155838,2.49999999e-07,,
"SPI","enable",12.1157917,2.50000001e-07,,
"SPI","result",12.1157928,4e-06,0b00001010,0b00000000
"SPI","disable",12.115797,2.49999999e-07,,
"SPI","enable",12.1157998,2.49999999e-07,,
"SPI","result",12.1158008,4e-06,0b00001110,0b00000000
"SPI","disable",12.115805,2.49999999e-07,,
"SPI","enable",12.1158068,2.49999999e-07,,
"SPI","result",12.115809,4e-06,0b00000000,0b00000000
"SPI","result",12.1158137,4e-06,0b00000101,0b00000000
"SPI","result",12.1158238,4.25e-06,0b00000100,0b00000000
"SPI","result",12.1158285,4e-06,0b00001001,0b00000000
"SPI","result",12.1158393,4.25e-06,0b00000110,0b00000000
"SPI","result",12.115844,4e-06,0b00000100,0b00000000
"SPI","result",12.115855,4e-06,0b00000010,0b00000000
"SPI","result",12.1158595,4e-06,0b00000001,0b00000000
"SPI","result",12.1158705,4e-06,0b00000110,0b00000000
"SPI","result",12.115875,4e-06,0b00000100,0b00000000
"SPI","result",12.115886,4e-06,0b00000010,0b00000000
"SPI","result",12.1158905,4.25e-06,0b00000001,0b00000000
"SPI","result",12.1159015,4e-06,0b00000011,0b00000000
"SPI","result",12.115906,4.25e-06,0b00000100,0b00000000
"SPI","result",12.115917,4e-06,0b00000010,0b00000000
"SPI","result",12.1159215,4.25e-06,0b00000001,0b00000000
"SPI","result",12.1159325,4e-06,0b00000001,0b00000000
"SPI","result",12.115937,4.25e-06,0b00000100,0b00000000
"SPI","result",12.115948,4e-06,0b00000010,0b00000000
"SPI","result",12.1159527,4e-06,0b00001100,0b00000000
"SPI","result",12.1159635,4e-06,0b00000001,0b00000000
"SPI","result",12.1159682,4e-06,0b00000100,0b00000000
"SPI","result",12.115979,4e-06,0b00000010,0b00000000
"SPI","result",12.1159837,4e-06,0b00001100,0b00000000
"SPI","result",12.1159945,4e-06,0b00000001,0b00000000
"SPI","result",12.1159992,4e-06,0b00000100,0b00000000
"SPI","result",12.11601,4.25e-06,0b00000010,0b00000000
"SPI","result",12.1160147,4e-06,0b00001100,0b00000000
"SPI","result",12.1160255,4.25e-06,0b00000001,0b00000000
"SPI","result",12.1160302,4e-06,0b00000100,0b00000000
"SPI","result",12.116041,4.25e-06,0b00000010,0b00000000
"SPI","result",12.1160457,4e-06,0b00000001,0b00000000
"SPI","result",12.1160568,4e-06,0b00000000,0b00000000
"SPI","result",12.1160612,4e-06,0b00000000,0b00000000
"SPI","disable",12.1160695,2.49999999e-07,,
"SPI","enable",12.1160715,2.49999999e-07,,
"SPI","result",12.1160725,4e-06,0b00001101,0b00000000
"SPI","disable",12.1160767,2.50000001e-07,,
"SPI","enable",12.404942,2.49999999e-07,,
"SPI","result",12.404943,4e-06,0b00001010,0b00000000
"SPI","disable",12.4049472,2.50000001e-07,,
"SPI","enable",12.4049503,2.50000001e-07,,
"SPI","result",12.4049522,4.25e-06,0b00000010,0b00000000
"SPI","result",12.404957,4e-06,0b00001000,0b00000000
"SPI","result",12.4049647,4.25e-06,0b00000001,0b00000000
"SPI","result",12.4049695,4e-06,0b00001111,0b00000000
"SPI","disable",12.4049747,2.50000001e-07,,
"SPI","enable",12.404977,2.49999999e-07,,
"SPI","result",12.4049793,4e-06,0b00000000,0b00000000
"SPI","result",12.404984,4e-06,0b00001110,0b00000000
"SPI","result",12.4049918,4e-06,0b00000000,0b00000000
"SPI","result",12.4049965,4e-06,0b00000001,0b00000000
"SPI","disable",12.4050018,2.50000001e-07,,
"SPI","enable",12.405004,2.49999999e-07,,
"SPI","result",12.4050062,4e-06,0b00000000,0b00000000
"SPI","result",12.4050108,4.25e-06,0b00000001,0b00000000
"SPI","result",12.4050187,4e-06,0b00000110,0b00000000
"SPI","result",12.4050232,4.25e-06,0b00000010,0b00000000
"SPI","disable",12.4050285,2.49999999e-07,,
"SPI","enable",12.405031,2.50000001e-07,,
"SPI","result",12.405033,4.25e-06,0b00000001,0b00000000
"SPI","result",12.4050377,4e-06,0b00001111,0b00000000
"SPI","result",12.4050455,4e-06,0b00000000,0b00000000
"SPI","result",12.4050503,4e-06,0b00001111,0b00000000
"SPI","disable",12.4050555,2.50000001e-07,,
"SPI","enable",12.4050593,2.49999999e-07,,
"SPI","result",12.4050615,4e-06,0b00000000,0b00000000
"SPI","result",12.4050663,4e-06,0b00001111,0b00000000
"SPI","result",12.405074,4e-06,0b00000000,0b00000000
"SPI","result",12.4050787,4e-06,0b00000100,0b00000000
"SPI","disable",12.405084,2.49999999e-07,,
"SPI","enable",12.4050863,2.49999999e-07,,
"SPI","result",12.4050885,4e-06,0b00000000,0b00000000
"SPI","result",12.4050933,4e-06,0b00001011,0b00000000
"SPI","result",12.405101,4e-06,0b00000000,0b00000000
"SPI","result",12.4051055,4e-06,0b00000001,0b00000000
"SPI","disable",12.4051108,2.49999999e-07,,
"SPI","enable",12.4051132,2.50000003e-07,,
"SPI","result",12.4051152,4.25e-06,0b00000000,0b00000000
"SPI","result",12.40512,4e-06,0b00000011,0b00000000
"SPI","result",12.4051278,4e-06,0b00000000,0b00000000
"SPI","result",12.4051325,4e-06,0b00001111,0b00000000
"SPI","disable",12.4051377,2.50000001e-07,,
"SPI","enable",12.4053458,2.49999999e-07,,
"SPI","result",12.4053467,4e-06,0b00001010,0b00000000
"SPI","disable",12.405351,2.50000003e-07,,
"SPI","enable",12.4053537,2.50000001e-07,,
"SPI","result",12.4053548,4e-06,0b00001110,0b00000000
"SPI","disable",12.405359,2.49999999e-07,,
"SPI","enable",12.4053607,2.49999999e-07,,
"SPI","result",12.405363,4e-06,0b00000000,0b00000000
"SPI","result",12.4053677,4e-06,0b00000101,0b00000000
"SPI","result",12.4053777,4.25e-06,0b00000100,0b00000000
"SPI","result",12.4053825,4e-06,0b00001001,0b00000000
"SPI","result",12.4053932,4.25e-06,0b00000110,0b00000000
"SPI","result",12.405398,4e-06,0b00000100,0b00000000
"SPI","result",12.405409,4e-06,0b00000010,0b00000000
"SPI","result",12.4054135,4e-06,0b00000001,0b00000000
"SPI","result",12.4054245,4e-06,0b00000110,0b00000000
"SPI","result",12.405429,4.25e-06,0b00000100,0b00000000
"SPI","result",12.40544,4e-06,0b00000010,0b00000000
"SPI","result",12.4054445,4.25e-06,0b00000001,0b00000000
"SPI","result",12.4054555,4e-06,0b00000011,0b00000000
"SPI","result",12.40546,4.25e-06,0b00000100,0b00000000
"SPI","result",12.405471,4e-06,0b00000010,0b00000000
"SPI","result",12.4054755,4.25e-06,0b00000001,0b00000000
"SPI","result",12.4054865,4e-06,0b00000001,0b00000000
"SPI","result",12.405491,4.25e-06,0b00000100,0b00000000
"SPI","result",12.405502,4e-06,0b00000010,0b00000000
"SPI","result",12.4055068,4e-06,0b00001100,0b00000000
"SPI","result",12.4055175,4e-06,0b00000001,0b00000000
"SPI","result",12.4055223,4e-06,0b00000100,0b00000000
"SPI","result",12.405533,4e-06,0b00000010,0b00000000
"SPI","result",12.4055378,4e-06,0b00001100,0b00000000
"SPI","result",12.4055485,4e-06,0b00000001,0b00000000
"SPI","result",12.4055533,4e-06,0b00000100,0b00000000
"SPI","result",12.405564,4e-06,0b00000010,0b00000000
"SPI","result",12.4055688,4e-06,0b00001100,0b00000000
"SPI","result",12.4055795,4.25e-06,0b00000001,0b00000000
"SPI","result",12.4055843,4e-06,0b00000100,0b00000000
"SPI","result",12.405595,4.25e-06,0b00000010,0b00000000
"SPI","result",12.4055998,4e-06,0b00000001,0b00000000
"SPI","result",12.4056105,4.25e-06,0b00000000,0b00000000
"SPI","result",12.4056153,4e-06,0b00000000,0b00000000
"SPI","disable",12.4056233,2.50000001e-07,,
"SPI","enable",12.4056255,2.50000001e-07,,
"SPI","result",12.4056265,4e-06,0b00001101,0b00000000
"SPI","disable",12.4056308,2.49999999e-07,,
"SPI","enable",12.6945265,2.49999999e-07,,
"SPI","result",12.6945275,4e-06,0b00001010,0b00000000
"SPI","disable",12.6945317,2.50000001e-07,,
"SPI","enable",12.6945345,2.50000001e-07,,
"SPI","result",12.6945367,4e-06,0b00000010,0b00000000
"SPI","result",12.6945415,4e-06,0b00001000,0b00000000
"SPI","result",12.6945492,4e-06,0b00000001,0b00000000
"SPI","result",12.694554,4e-06,0b00001111,0b00000000
"SPI","disable",12.6945592,2.50000003e-07,,
"SPI","enable",12.6945615,2.49999999e-07,,
"SPI","result",12.6945638,4e-06,0b00000000,0b00000000
"SPI","result",12.6945685,4e-06,0b00001110,0b00000000
"SPI","result",12.6945763,4e-06,0b00000000,0b00000000
"SPI","result",12.6945808,4.25e-06,0b00000001,0b00000000
"SPI","disable",12.6945863,2.49999999e-07,,
"SPI","enable",12.6945885,2.49999999e-07,,
"SPI","result",12.6945905,4.25e-06,0b00000000,0b00000000
"SPI","result",12.6945953,4e-06,0b00000001,0b00000000
"SPI","result",12.694603,4.25e-06,0b00000110,0b00000000
"SPI","result",12.6946077,4e-06,0b00000010,0b00000000
"SPI","disable",12.694613,2.49999999e-07,,
"SPI","enable",12.6946153,2.49999999e-07,,
"SPI","result",12.6946175,4e-06,0b00000001,0b00000000
"SPI","result",12.6946223,4e-06,0b00001111,0b00000000
"SPI","result",12.69463,4e-06,0b00000000,0b00000000
"SPI","result",12.6946348,4e-06,0b00001111,0b00000000
"SPI","disable",12.69464,2.50000001e-07,,
"SPI","enable",12.6946437,2.50000001e-07,,
"SPI","result",12.694646,4e-06,0b00000000,0b00000000
"SPI","result",12.6946507,4e-06,0b00001111,0b00000000
"SPI","result",12.6946585,4e-06,0b00000000,0b00000000
"SPI","result",12.694663,4.25e-06,0b00000100,0b00000000
"SPI","disable",12.6946682,2.50000001e-07,,
"SPI","enable",12.6946708,2.49999999e-07,,
"SPI","result",12.6946728,4.25e-06,0b00000000,0b00000000
"SPI","result",12.6946775,4e-06,0b00001011,0b00000000
"SPI","result",12.6946852,4.25e-06,0b00000000,0b00000000
"SPI","result",12.69469,4e-06,0b00000001,0b00000000
"SPI","disable",12.6946953,2.49999999e-07,,
"SPI","enable",12.6946975,2.49999999e-07,,
"SPI","result",12.6946997,4e-06,0b00000000,0b00000000
"SPI","result",12.6947045,4e-06,0b00000011,0b00000000
"SPI","result",12.6947123,4e-06,0b00000000,0b00000000
"SPI","result",12.694717,4e-06,0b00001111,0b00000000
"SPI","disable",12.6947222,2.49999999e-07,,
"SPI","enable",12.6949303,2.49999999e-07,,
"SPI","result",12.6949312,4e-06,0b00001010,0b00000000
"SPI","disable",12.6949355,2.50000001e-07,,
"SPI","enable",12.6949382,2.49999999e-07,,
"SPI","result",12.6949392,4e-06,0b00001110,0b00000000
"SPI","disable",12.6949435,2.49999999e-07,,
"SPI","enable",12.6949452,2.49999999e-07,,
"SPI","result",12.6949475,4e-06,0b00000000,0b00000000
"SPI","result",12.6949523,4e-06,0b00000101,0b00000000
"SPI","result",12.6949622,4.25e-06,0b00000100,0b00000000
"SPI","result",12.694967,4e-06,0b00001001,0b00000000
"SPI","result",12.6949777,4.25e-06,0b00000110,0b00000000
"SPI","result",12.6949825,4e-06,0b00000100,0b00000000
"SPI","result",12.6949935,4e-06,0b00000010,0b00000000
"SPI","result",12.694998,4e-06,0b00000001,0b00000000
"SPI","result",12.695009,4e-06,0b00000110,0b00000000
"SPI","result",12.6950135,4.25e-06,0b00000100,0b00000000
"SPI","result",12.6950245,4e-06,0b00000010,0b00000000
"SPI","result",12.695029,4.25e-06,0b00000001,0b00000000
"SPI","result",12.69504,4e-06,0b00000011,0b00000000
"SPI","result",12.6950445,4.25e-06,0b00000100,0b00000000
"SPI","result",12.6950555,4e-06,0b00000010,0b00000000
"SPI","result",12.69506,4.25e-06,0b00000001,0b00000000
"SPI","result",12.695071,4e-06,0b00000001,0b00000000
"SPI","result",12.6950757,4e-06,0b00000100,0b00000000
"SPI","result",12.6950865,4e-06,0b00000010,0b00000000
"SPI","result",12.6950913,4e-06,0b00001100,0b00000000
"SPI","result",12.695102,4e-06,0b00000001,0b00000000
"SPI","result",12.6951068,4e-06,0b00000100,0b00000000
"SPI","result",12.6951175,4e-06,0b00000010,0b00000000
"SPI","result",12.6951223,4e-06,0b00001100,0b00000000
"SPI","result",12.695133,4e-06,0b00000001,0b00000000
"SPI","result",12.6951378,4e-06,0b00000100,0b00000000
"SPI","result",12.6951485,4.25e-06,0b00000010,0b00000000
"SPI","result",12.6951533,4e-06,0b00001100,0b00000000
"SPI","result",12.695164,4.25e-06,0b00000001,0b00000000
"SPI","result",12.6951688,4e-06,0b00000100,0b00000000
"SPI","result",12.6951795,4.25e-06,0b00000010,0b00000000
"SPI","result",12.6951843,4e-06,0b00000001,0b00000000
"SPI","result",12.695195,4.25e-06,0b00000000,0b00000000
"SPI","result",12.6951998,4e-06,0b00000000,0b00000000
"SPI","disable",12.6952077,2.49999999e-07,,
"SPI","enable",12.69521,2.50000001e-07,,
"SPI","result",12.695211,4e-06,0b00001101,0b00000000
"SPI","disable",12.6952153,2.49999999e-07,,
"SPI","enable",12.9850457,2.50000001e-07,,
"SPI","result",12.9850467,4e-06,0b00001010,0b00000000
"SPI","disable",12.985051,2.50000001e-07,,
"SPI","enable",12.985054,2.49999999e-07,,
"SPI","result",12.985056,4.25e-06,0b00000010,0b00000000
"SPI","result",12.9850608,4e-06,0b00001000,0b00000000
"SPI","result",12.9850685,4e-06,0b00000001,0b00000000
"SPI","result",12.9850732,4e-06,0b00001111,0b00000000
"SPI","disable",12.9850785,2.49999999e-07,,
"SPI","enable",12.9850807,2.49999999e-07,,
"SPI","result",12.985083,4e-06,0b00000000,0b00000000
"SPI","result",12.9850877,4e-06,0b00001110,0b00000000
"SPI","result",12.9850955,4e-06,0b00000000,0b00000000
"SPI","result",12.9851003,4e-06,0b00000001,0b00000000
"SPI","disable",12.9851055,2.50000001e-07,,
"SPI","enable",12.9851077,2.50000001e-07,,
"SPI","result",12.9851097,4.25e-06,0b00000000,0b00000000
"SPI","result",12.9851145,4.25e-06,0b00000001,0b00000000
"SPI","result",12.9851222,4.25e-06,0b00000110,0b00000000
"SPI","result",12.985127,4e-06,0b00000010,0b00000000
"SPI","disable",12.9851322,2.50000003e-07,,
"SPI","enable",12.9851345,2.50000003e-07,,
"SPI","result",12.9851367,4e-06,0b00000001,0b00000000
"SPI","result",12.9851415,4e-06,0b00001111,0b00000000
"SPI","result",12.9851492,4e-06,0b00000000,0b00000000
"SPI","result",12.985154,4e-06,0b00001111,0b00000000
"SPI","disable",12.9851593,2.49999999e-07,,
"SPI","enable",12.985163,2.49999999e-07,,
"SPI","result",12.9851652,4e-06,0b00000000,0b00000000
"SPI","result",12.98517,4e-06,0b00001111,0b00000000
"SPI","result",12.9851778,4e-06,0b00000000,0b00000000
"SPI","result",12.9851825,4e-06,0b00000100,0b00000000
"SPI","disable",12.9851877,2.50000001e-07,,
"SPI","enable",12.98519,2.50000001e-07,,
"SPI","result",12.9851923,4e-06,0b00000000,0b00000000
"SPI","result",12.9851967,4.25e-06,0b00001011,0b00000000
"SPI","result",12.9852045,4.25e-06,0b00000000,0b00000000
"SPI","result",12.9852093,4e-06,0b00000001,0b00000000
"SPI","disable",12.9852145,2.50000001e-07,,
"SPI","enable",12.9852167,2.50000001e-07,,
"SPI","result",12.985219,4.25e-06,0b00000000,0b00000000
"SPI","result",12.9852237,4e-06,0b00000011,0b00000000
"SPI","result",12.9852315,4e-06,0b00000000,0b00000000
"SPI","result",12.9852362,4e-06,0b00001111,0b00000000
"SPI","disable",12.9852415,2.50000001e-07,,
"SPI","enable",12.9854495,2.50000003e-07,,
"SPI","result",12.9854505,4e-06,0b00001010,0b00000000
"SPI","disable",12.9854548,2.49999999e-07,,
"SPI","enable",12.9854575,2.49999999e-07,,
"SPI","result",12.9854585,4e-06,0b00001110,0b00000000
"SPI","disable",12.9854627,2.49999999e-07,,
"SPI","enable",12.9854645,2.50000001e-07,,
"SPI","result",12.9854667,4.25e-06,0b00000000,0b00000000
"SPI","result",12.9854715,4e-06,0b00000101,0b00000000
"SPI","result",12.9854818,4e-06,0b00000100,0b00000000
"SPI","result",12.9854862,4e-06,0b00001001,0b00000000
"SPI","result",12.9854972,4e-06,0b00000110,0b00000000
"SPI","result",12.9855017,4.25e-06,0b00000100,0b00000000
"SPI","result",12.9855127,4e-06,0b00000010,0b00000000
"SPI","result",12.9855172,4.25e-06,0b00000001,0b00000000
"SPI","result",12.9855282,4e-06,0b00000110,0b00000000
"SPI","result",12.9855328,4.25e-06,0b00000100,0b00000000
"SPI","result",12.9855437,4e-06,0b00000010,0b00000000
"SPI","result",12.9855483,4.25e-06,0b00000001,0b00000000
"SPI","result",12.9855592,4e-06,0b00000011,0b00000000
"SPI","result",12.985564,4e-06,0b00000100,0b00000000
"SPI","result",12.9855747,4e-06,0b00000010,0b00000000
"SPI","result",12.9855795,4e-06,0b00000001,0b00000000
"SPI","result",12.9855902,4e-06,0b00000001,0b00000000
"SPI","result",12.985595,4e-06,0b00000100,0b00000000
"SPI","result",12.9856057,4e-06,0b00000010,0b00000000
"SPI","result",12.9856105,4e-06,0b00001100,0b00000000
"SPI","result",12.9856212,4.25e-06,0b00000001,0b00000000
"SPI","result",12.985626,4e-06,0b00000100,0b00000000
"SPI","result",12.9856367,4.25e-06,0b00000010,0b00000000
"SPI","result",12.9856415,4e-06,0b00001100,0b00000000
"SPI","result",12.9856522,4.25e-06,0b00000001,0b00000000
"SPI","result",12.985657,4e-06,0b00000100,0b00000000
"SPI","result",12.985668,4e-06,0b00000010,0b00000000
"SPI","result",12.9856725,4e-06,0b00001100,0b00000000
"SPI","result",12.9856835,4e-06,0b00000001,0b00000000
"SPI","result",12.985688,4e-06,0b00000100,0b00000000
"SPI","result",12.985699,4e-06,0b00000010,0b00000000
"SPI","result",12.9857035,4.25e-06,0b00000001,0b00000000
"SPI","result",12.9857145,4e-06,0b00000000,0b00000000
"SPI","result",12.985719,4.25e-06,0b00000000,0b00000000
"SPI","disable",12.9857273,2.49999999e-07,,
"SPI","enable",12.9857293,2.49999999e-07,,
"SPI","result",12.9857302,4e-06,0b00001101,0b00000000
"SPI","disable",12.9857345,2.50000003e-07,,
"SPI","enable",13.274763,2.49999999e-07,,
"SPI","result",13.274764,4e-06,0b00001010,0b00000000
"SPI","disable",13.2747682,2.50000001e-07,,
"SPI","enable",13.2747713,2.50000001e-07,,
"SPI","result",13.2747733,4.25e-06,0b00000010,0b00000000
"SPI","result",13.274778,4e-06,0b00001000,0b00000000
"SPI","result",13.2747857,4.25e-06,0b00000001,0b00000000
"SPI","result",13.2747905,4e-06,0b00001111,0b00000000
"SPI","disable",13.2747957,2.50000001e-07,,
"SPI","enable",13.274798,2.49999999e-07,,
"SPI","result",13.2748003,4e-06,0b00000000,0b00000000
"SPI","result",13.274805,4e-06,0b00001110,0b00000000
"SPI","result",13.2748128,4e-06,0b00000000,0b00000000
"SPI","result",13.2748175,4e-06,0b00000001,0b00000000
"SPI","disable",13.2748228,2.50000001e-07,,
"SPI","enable",13.274825,2.49999999e-07,,
"SPI","result",13.2748272,4e-06,0b00000000,0b00000000
"SPI","result",13.2748318,4.25e-06,0b00000001,0b00000000
"SPI","result",13.2748397,4e-06,0b00000110,0b00000000
"SPI","result",13.2748442,4e-06,0b00000010,0b00000000
"SPI","disable",13.2748495,2.49999999e-07,,
"SPI","enable",13.274852,2.50000001e-07,,
"SPI","result",13.274854,4.25e-06,0b00000001,0b00000000
"SPI","result",13.2748587,4e-06,0b00001111,0b00000000
"SPI","result",13.2748665,4e-06,0b00000000,0b00000000
"SPI","result",13.2748713,4e-06,0b00001111,0b00000000
"SPI","disable",13.2748765,2.50000001e-07,,
"SPI","enable",13.2748803,2.49999999e-07,,
"SPI","result",13.2748825,4e-06,0b00000000,0b00000000
"SPI","result",13.2748873,4e-06,0b00001111,0b00000000
"SPI","result",13.274895,4e-06,0b00000000,0b00000000
"SPI","result",13.2748997,4e-06,0b00000100,0b00000000
"SPI","disable",13.274905,2.49999999e-07,,
"SPI","enable",13.2749073,2.49999999e-07,,
"SPI","result",13.2749095,4e-06,0b00000000,0b00000000
"SPI","result",13.274914,4.25e-06,0b00001011,0b00000000
"SPI","result",13.274922,4e-06,0b00000000,0b00000000
"SPI","result",13.2749265,4e-06,0b00000001,0b00000000
"SPI","disable",13.2749318,2.49999999e-07,,
"SPI","enable",13.2749342,2.50000001e-07,,
"SPI","result",13.2749362,4.25e-06,0b00000000,0b00000000
"SPI","result",13.274941,4e-06,0b00000011,0b00000000
"SPI","result",13.2749488,4e-06,0b00000000,0b00000000
"SPI","result",13.2749535,4e-06,0b00001111,0b00000000
"SPI","disable",13.2749587,2.50000001e-07,,
"SPI","enable",13.2751668,2.49999999e-07,,
"SPI","result",13.2751677,4e-06,0b00001010,0b00000000
"SPI","disable",13.275172,2.50000003e-07,,
"SPI","enable",13.2751747,2.50000001e-07,,
"SPI","result",13.2751758,4e-06,0b00001110,0b00000000
"SPI","disable",13.27518,2.49999999e-07,,
"SPI","enable",13.2751817,2.49999999e-07,,
"SPI","result",13.275184,4.25e-06,0b00000000,0b00000000
"SPI","result",13.2751887,4e-06,0b00000101,0b00000000
"SPI","result",13.275199,4e-06,0b00000100,0b00000000
"SPI","result",13.2752035,4e-06,0b00001001,0b00000000
"SPI","result",13.2752145,4e-06,0b00000110,0b00000000
"SPI","result",13.275219,4.25e-06,0b00000100,0b00000000
"SPI","result",13.27523,4e-06,0b00000010,0b00000000
"SPI","result",13.2752345,4.25e-06,0b00000001,0b00000000
"SPI","result",13.2752455,4e-06,0b00000110,0b00000000
"SPI","result",13.27525,4.25e-06,0b00000100,0b00000000
"SPI","result",13.275261,4e-06,0b00000010,0b00000000
"SPI","result",13.2752655,4.25e-06,0b00000001,0b00000000
"SPI","result",13.2752765,4e-06,0b00000011,0b00000000
"SPI","result",13.275281,4.25e-06,0b00000100,0b00000000
"SPI","result",13.275292,4e-06,0b00000010,0b00000000
"SPI","result",13.2752968,4e-06,0b00000001,0b00000000
"SPI","result",13.2753075,4e-06,0b00000001,0b00000000
"SPI","result",13.2753123,4e-06,0b00000100,0b00000000
"SPI","result",13.275323,4e-06,0b00000010,0b00000000
"SPI","result",13.2753278,4e-06,0b00001100,0b00000000
"SPI","result",13.2753385,4e-06,0b00000001,0b00000000
"SPI","result",13.2753433,4e-06,0b00000100,0b00000000
"SPI","result",13.275354,4e-06,0b00000010,0b00000000
"SPI","result",13.2753588,4e-06,0b00001100,0b00000000
"SPI","result",13.2753695,4.25e-06,0b00000001,0b00000000
"SPI","result",13.2753743,4e-06,0b00000100,0b00000000
"SPI","result",13.275385,4.25e-06,0b00000010,0b00000000
"SPI","result",13.2753898,4e-06,0b00001100,0b00000000
"SPI","result",13.2754005,4.25e-06,0b00000001,0b00000000
"SPI","result",13.2754053,4e-06,0b00000100,0b00000000
"SPI","result",13.2754162,4e-06,0b00000010,0b00000000
"SPI","result",13.2754208,4e-06,0b00000001,0b00000000
"SPI","result",13.2754317,4e-06,0b00000000,0b00000000
"SPI","result",13.2754363,4.25e-06,0b00000000,0b00000000
"SPI","disable",13.2754445,2.49999999e-07,,
"SPI","enable",13.2754465,2.50000001e-07,,
"SPI","result",13.2754475,4e-06,0b00001101,0b00000000
"SPI","disable",13.2754518,2.49999999e-07,,
"SPI","enable",13.5649042,2.50000001e-07,,
"SPI","result",13.5649052,4e-06,0b00001010,0b00000000
"SPI","disable",13.5649092,2.50000001e-07,,
"SPI","enable",13.5649123,2.49999999e-07,,
"SPI","result",13.5649145,4e-06,0b00000010,0b00000000
"SPI","result",13.5649193,4e-06,0b00001000,0b00000000
"SPI","result",13.564927,4e-06,0b00000001,0b00000000
"SPI","result",13.5649317,4e-06,0b00001111,0b00000000
"SPI","disable",13.564937,2.49999999e-07,,
"SPI","enable",13.5649393,2.49999999e-07,,
"SPI","result",13.5649415,4e-06,0b00000000,0b00000000
"SPI","result",13.564946,4.25e-06,0b00001110,0b00000000
"SPI","result",13.564954,4e-06,0b00000000,0b00000000
"SPI","result",13.5649585,4e-06,0b00000001,0b00000000
"SPI","disable",13.5649638,2.49999999e-07,,
"SPI","enable",13.5649662,2.50000001e-07,,
"SPI","result",13.5649682,4.25e-06,0b00000000,0b00000000
"SPI","result",13.564973,4e-06,0b00000001,0b00000000
"SPI","result",13.5649808,4e-06,0b00000110,0b00000000
"SPI","result",13.5649855,4e-06,0b00000010,0b00000000
"SPI","disable",13.5649907,2.50000001e-07,,
"SPI","enable",13.564993,2.50000003e-07,,
"SPI","result",13.5649952,4e-06,0b00000001,0b00000000
"SPI","result",13.565,4e-06,0b00001111,0b00000000
"SPI","result",13.5650077,4e-06,0b00000000,0b00000000
"SPI","result",13.5650125,4e-06,0b00001111,0b00000000
"SPI","disable",13.5650178,2.49999999e-07,,
"SPI","enable",13.5650215,2.49999999e-07,,
"SPI","result",13.5650237,4e-06,0b00000000,0b00000000
"SPI","result",13.5650282,4.25e-06,0b00001111,0b00000000
"SPI","result",13.5650363,4e-06,0b00000000,0b00000000
"SPI","result",13.5650407,4.25e-06,0b00000100,0b00000000
"SPI","disable",13.565046,2.49999999e-07,,
"SPI","enable",13.5650485,2.50000001e-07,,
"SPI","result",13.5650505,4.25e-06,0b00000000,0b00000000
"SPI","result",13.5650553,4e-06,0b00001011,0b00000000
"SPI","result",13.565063,4.25e-06,0b00000000,0b00000000
"SPI","result",13.5650678,4e-06,0b00000001,0b00000000
"SPI","disable",13.565073,2.49999999e-07,,
"SPI","enable",13.5650752,2.50000001e-07,,
"SPI","result",13.5650775,4e-06,0b00000000,0b00000000
"SPI","result",13.5650822,4e-06,0b00000011,0b00000000
"SPI","result",13.56509,4e-06,0b00000000,0b00000000
"SPI","result",13.5650948,4e-06,0b00001111,0b00000000
"SPI","disable",13.5651,2.50000001e-07,,
"SPI","enable",13.565308,2.50000001e-07,,
"SPI","result",13.565309,4e-06,0b00001010,0b00000000
"SPI","disable",13.565313,2.50000001e-07,,
"SPI","enable",13.565316,2.50000001e-07,,
"SPI","result",13.565317,4e-06,0b00001110,0b00000000
"SPI","disable",13.565321,2.49999999e-07,,
"SPI","enable",13.565323,2.50000003e-07,,
"SPI","result",13.5653253,4e-06,0b00000000,0b00000000
"SPI","result",13.56533,4e-06,0b00000101,0b00000000
"SPI","result",13.56534,4e-06,0b00000100,0b00000000
"SPI","result",13.5653447,4e-06,0b00001001,0b00000000
"SPI","result",13.5653555,4.25e-06,0b00000110,0b00000000
"SPI","result",13.5653602,4e-06,0b00000100,0b00000000
"SPI","result",13.565371,4.25e-06,0b00000010,0b00000000
"SPI","result",13.5653757,4e-06,0b00000001,0b00000000
"SPI","result",13.5653865,4.25e-06,0b00000110,0b00000000
"SPI","result",13.5653912,4e-06,0b00000100,0b00000000
"SPI","result",13.565402,4.25e-06,0b00000010,0b00000000
"SPI","result",13.5654067,4e-06,0b00000001,0b00000000
"SPI","result",13.5654177,4e-06,0b00000011,0b00000000
"SPI","result",13.5654222,4e-06,0b00000100,0b00000000
"SPI","result",13.5654332,4e-06,0b00000010,0b00000000
"SPI","result",13.5654377,4.25e-06,0b00000001,0b00000000
"SPI","result",13.5654487,4e-06,0b00000001,0b00000000
"SPI","result",13.5654532,4.25e-06,0b00000100,0b00000000
"SPI","result",13.5654642,4e-06,0b00000010,0b00000000
"SPI","result",13.565469,4e-06,0b00001100,0b00000000
"SPI","result",13.5654797,4e-06,0b00000001,0b00000000
"SPI","result",13.5654843,4.25e-06,0b00000100,0b00000000
"SPI","result",13.5654952,4e-06,0b00000010,0b00000000
"SPI","result",13.5655,4e-06,0b00001100,0b00000000
"SPI","result",13.5655107,4e-06,0b00000001,0b00000000
"SPI","result",13.5655155,4e-06,0b00000100,0b00000000
"SPI","result",13.5655262,4e-06,0b00000010,0b00000000
"SPI","result",13.565531,4e-06,0b00001100,0b00000000
"SPI","result",13.5655417,4e-06,0b00000001,0b00000000
"SPI","result",13.5655465,4e-06,0b00000100,0b00000000
"SPI","result",13.5655572,4e-06,0b00000010,0b00000000
"SPI","result",13.565562,4e-06,0b00000001,0b00000000
"SPI","result",13.5655727,4.25e-06,0b00000000,0b00000000
"SPI","result",13.5655775,4e-06,0b00000000,0b00000000
"SPI","disable",13.5655855,2.50000001e-07,,
"SPI","enable",13.5655878,2.49999999e-07,,
"SPI","result",13.5655887,4e-06,0b00001101,0b00000000
"SPI","disable",13.565593,2.50000001e-07,,
"SPI","enable",13.8545925,2.49999999e-07,,
"SPI","result",13.8545935,4e-06,0b00001010,0b00000000
"SPI","disable",13.8545977,2.49999999e-07,,
"SPI","enable",13.8546007,2.50000001e-07,,
"SPI","result",13.8546027,4.25e-06,0b00000010,0b00000000
"SPI","result",13.8546075,4e-06,0b00001000,0b00000000
"SPI","result",13.8546153,4e-06,0b00000001,0b00000000
"SPI","result",13.85462,4e-06,0b00001111,0b00000000
"SPI","disable",13.8546252,2.49999999e-07,,
"SPI","enable",13.8546275,2.50000003e-07,,
"SPI","result",13.8546298,4e-06,0b00000000,0b00000000
"SPI","result",13.8546345,4e-06,0b00001110,0b00000000
"SPI","result",13.8546422,4e-06,0b00000000,0b00000000
"SPI","result",13.854647,4e-06,0b00000001,0b00000000
"SPI","disable",13.8546522,2.50000001e-07,,
"SPI","enable",13.8546545,2.49999999e-07,,
"SPI","result",13.8546565,4.25e-06,0b00000000,0b00000000
"SPI","result",13.8546612,4.25e-06,0b00000001,0b00000000
"SPI","result",13.854669,4.25e-06,0b00000110,0b00000000
"SPI","result",13.8546737,4e-06,0b00000010,0b00000000
"SPI","disable",13.854679,2.50000001e-07,,
"SPI","enable",13.8546813,2.50000001e-07,,
"SPI","result",13.8546835,4e-06,0b00000001,0b00000000
"SPI","result",13.8546883,4e-06,0b00001111,0b00000000
"SPI","result",13.854696,4e-06,0b00000000,0b00000000
"SPI","result",13.8547007,4e-06,0b00001111,0b00000000
"SPI","disable",13.854706,2.49999999e-07,,
"SPI","enable",13.8547097,2.50000001e-07,,
"SPI","result",13.854712,4e-06,0b00000000,0b00000000
"SPI","result",13.8547167,4e-06,0b00001111,0b00000000
"SPI","result",13.8547245,4e-06,0b00000000,0b00000000
"SPI","result",13.854729,4.25e-06,0b00000100,0b00000000
"SPI","disable",13.8547345,2.50000001e-07,,
"SPI","enable",13.8547368,2.50000001e-07,,
"SPI","result",13.854739,4e-06,0b00000000,0b00000000
"SPI","result",13.8547435,4.25e-06,0b00001011,0b00000000
"SPI","result",13.8547512,4.25e-06,0b00000000,0b00000000
"SPI","result",13.854756,4e-06,0b00000001,0b00000000
"SPI","disable",13.8547612,2.50000001e-07,,
"SPI","enable",13.8547635,2.49999999e-07,,
"SPI","result",13.8547658,4e-06,0b00000000,0b00000000
"SPI","result",13.8547705,4e-06,0b00000011,0b00000000
"SPI","result",13.8547783,4e-06,0b00000000,0b00000000
"SPI","result",13.854783,4e-06,0b00001111,0b00000000
"SPI","disable",13.8547883,2.50000001e-07,,
"SPI","enable",13.8549963,2.50000001e-07,,
"SPI","result",13.8549973,4e-06,0b00001010,0b00000000
"SPI","disable",13.8550015,2.49999999e-07,,
"SPI","enable",13.8550043,2.49999999e-07,,
"SPI","result",13.8550052,4e-06,0b00001110,0b00000000
"SPI","disable",13.8550095,2.50000001e-07,,
"SPI","enable",13.8550113,2.50000001e-07,,
"SPI","result",13.8550135,4e-06,0b00000000,0b00000000
"SPI","result",13.8550183,4e-06,0b00000101,0b00000000
"SPI","result",13.8550283,4.25e-06,0b00000100,0b00000000
"SPI","result",13.855033,4e-06,0b00001001,0b00000000
"SPI","result",13.8550438,4.25e-06,0b00000110,0b00000000
"SPI","result",13.8550485,4e-06,0b00000100,0b00000000
"SPI","result",13.8550595,4e-06,0b00000010,0b00000000
"SPI","result",13.855064,4e-06,0b00000001,0b00000000
"SPI","result",13.855075,4e-06,0b00000110,0b00000000
"SPI","result",13.8550795,4.25e-06,0b00000100,0b00000000
"SPI","result",13.8550905,4e-06,0b00000010,0b00000000
"SPI","result",13.855095,4.25e-06,0b00000001,0b00000000
"SPI","result",13.855106,4e-06,0b00000011,0b00000000
"SPI","result",13.8551105,4.25e-06,0b00000100,0b00000000
"SPI","result",13.8551215,4e-06,0b00000010,0b00000000
"SPI","result",13.855126,4.25e-06,0b00000001,0b00000000
"SPI","result",13.855137,4e-06,0b00000001,0b00000000
"SPI","result",13.8551417,4e-06,0b00000100,0b00000000
"SPI","result",13.8551525,4e-06,0b00000010,0b00000000
"SPI","result",13.8551572,4e-06,0b00001100,0b00000000
"SPI","result",13.855168,4e-06,0b00000001,0b00000000
"SPI","result",13.8551727,4e-06,0b00000100,0b00000000
"SPI","result",13.8551835,4e-06,0b00000010,0b00000000
"SPI","result",13.8551882,4e-06,0b00001100,0b00000000
"SPI","result",13.855199,4e-06,0b00000001,0b00000000
"SPI","result",13.8552037,4e-06,0b00000100,0b00000000
"SPI","result",13.8552145,4.25e-06,0b00000010,0b00000000
"SPI","result",13.8552192,4e-06,0b00001100,0b00000000
"SPI","result",13.85523,4.25e-06,0b00000001,0b00000000
"SPI","result",13.8552347,4e-06,0b00000100,0b00000000
"SPI","result",13.8552455,4.25e-06,0b00000010,0b00000000
"SPI","result",13.8552502,4e-06,0b00000001,0b00000000
"SPI","result",13.855261,4.25e-06,0b00000000,0b00000000
"SPI","result",13.8552657,4e-06,0b00000000,0b00000000
"SPI","disable",13.8552738,2.49999999e-07,,
"SPI","enable",13.855276,2.49999999e-07,,
"SPI","result",13.855277,4e-06,0b00001101,0b00000000
"SPI","disable",13.8552813,2.50000001e-07,,
"SPI","enable",14.1447595,2.50000001e-07,,
"SPI","result",14.1447605,4e-06,0b00001010,0b00000000
"SPI","disable",14.1447648,2.49999999e-07,,
"SPI","enable",14.1447675,2.49999999e-07,,
"SPI","result",14.1447698,4.25e-06,0b00000010,0b00000000
"SPI","result",14.1447745,4e-06,0b00001000,0b00000000
"SPI","result",14.1447823,4e-06,0b00000001,0b00000000
"SPI","result",14.144787,4e-06,0b00001111,0b00000000
"SPI","disable",14.1447923,2.49999999e-07,,
"SPI","enable",14.1447945,2.50000001e-07,,
"SPI","result",14.1447967,4e-06,0b00000000,0b00000000
"SPI","result",14.1448015,4e-06,0b00001110,0b00000000
"SPI","result",14.1448092,4e-06,0b00000000,0b00000000
"SPI","result",14.1448138,4.25e-06,0b00000001,0b00000000
"SPI","disable",14.1448192,2.50000003e-07,,
"SPI","enable",14.1448215,2.50000001e-07,,
"SPI","result",14.1448235,4.25e-06,0b00000000,0b00000000
"SPI","result",14.1448282,4e-06,0b00000001,0b00000000
"SPI","result",14.144836,4.25e-06,0b00000110,0b00000000
"SPI","result",14.1448408,4e-06,0b00000010,0b00000000
"SPI","disable",14.144846,2.50000001e-07,,
"SPI","enable",14.1448483,2.49999999e-07,,
"SPI","result",14.1448505,4e-06,0b00000001,0b00000000
"SPI","result",14.1448553,4e-06,0b00001111,0b00000000
"SPI","result",14.144863,4e-06,0b00000000,0b00000000
"SPI","result",14.1448677,4e-06,0b00001111,0b00000000
"SPI","disable",14.144873,2.50000001e-07,,
"SPI","enable",14.1448767,2.49999999e-07,,
"SPI","result",14.144879,4e-06,0b00000000,0b00000000
"SPI","result",14.1448838,4e-06,0b00001111,0b00000000
"SPI","result",14.1448915,4e-06,0b00000000,0b00000000
"SPI","result",14.144896,4.25e-06,0b00000100,0b00000000
"SPI","disable",14.1449013,2.49999999e-07,,
"SPI","enable",14.1449037,2.50000001e-07,,
"SPI","result",14.1449057,4.25e-06,0b00000000,0b00000000
"SPI","result",14.1449105,4e-06,0b00001011,0b00000000
"SPI","result",14.1449182,4.25e-06,0b00000000,0b00000000
"SPI","result",14.144923,4e-06,0b00000001,0b00000000
"SPI","disable",14.1449282,2.50000001e-07,,
"SPI","enable",14.1449305,2.50000001e-07,,
"SPI","result",14.1449328,4e-06,0b00000000,0b00000000
"SPI","result",14.1449375,4e-06,0b00000011,0b00000000
"SPI","result",14.1449452,4e-06,0b00000000,0b00000000
"SPI","result",14.14495,4e-06,0b00001111,0b00000000
"SPI","disable",14.1449553,2.49999999e-07,,
"SPI","enable",14.1451632,2.50000001e-07,,
"SPI","result",14.1451643,4e-06,0b00001010,0b00000000
"SPI","disable",14.1451682,2.50000001e-07,,
"SPI","enable",14.1451713,2.49999999e-07,,
"SPI","result",14.1451722,4e-06,0b00001110,0b00000000
"SPI","disable",14.1451763,2.49999999e-07,,
"SPI","enable",14.145178,2.50000001e-07,,
"SPI","result",14.1451805,4e-06,0b00000000,0b00000000
"SPI","result",14.1451853,4e-06,0b00000101,0b00000000
"SPI","result",14.1451953,4e-06,0b00000100,0b00000000
"SPI","result",14.1452,4e-06,0b00001001,0b00000000
"SPI","result",14.1452108,4e-06,0b00000110,0b00000000
"SPI","result",14.1452155,4e-06,0b00000100,0b00000000
"SPI","result",14.1452263,4e-06,0b00000010,0b00000000
"SPI","result",14.145231,4e-06,0b00000001,0b00000000
"SPI","result",14.1452418,4.25e-06,0b00000110,0b00000000
"SPI","result",14.1452465,4e-06,0b00000100,0b00000000
"SPI","result",14.1452573,4.25e-06,0b00000010,0b00000000
"SPI","result",14.145262,4e-06,0b00000001,0b00000000
"SPI","result",14.1452728,4.25e-06,0b00000011,0b00000000
"SPI","result",14.1452775,4e-06,0b00000100,0b00000000
"SPI","result",14.1452883,4.25e-06,0b00000010,0b00000000
"SPI","result",14.145293,4e-06,0b00000001,0b00000000
"SPI","result",14.1453038,4.25e-06,0b00000001,0b00000000
"SPI","result",14.1453085,4e-06,0b00000100,0b00000000
"SPI","result",14.1453195,4e-06,0b00000010,0b00000000
"SPI","result",14.145324,4e-06,0b00001100,0b00000000
"SPI","result",14.145335,4e-06,0b00000001,0b00000000
"SPI","result",14.1453395,4e-06,0b00000100,0b00000000
"SPI","result",14.1453505,4e-06,0b00000010,0b00000000
"SPI","result",14.145355,4.25e-06,0b00001100,0b00000000
"SPI","result",14.145366,4e-06,0b00000001,0b00000000
"SPI","result",14.1453705,4.25e-06,0b00000100,0b00000000
"SPI","result",14.1453815,4e-06,0b00000010,0b00000000
"SPI","result",14.1453862,4e-06,0b00001100,0b00000000
"SPI","result",14.145397,4e-06,0b00000001,0b00000000
"SPI","result",14.1454015,4.25e-06,0b00000100,0b00000000
"SPI","result",14.1454125,4e-06,0b00000010,0b00000000
"SPI","result",14.1454172,4e-06,0b00000001,0b00000000
"SPI","result",14.145428,4e-06,0b00000000,0b00000000
"SPI","result",14.1454327,4e-06,0b00000000,0b00000000
"SPI","disable",14.1454408,2.50000001e-07,,
"SPI","enable",14.145443,2.50000001e-07,,
"SPI","result",14.145444,4e-06,0b00001101,0b00000000
"SPI","disable",14.145448,2.49999999e-07,,
"SPI","enable",14.434469,2.50000001e-07,,
"SPI","result",14.43447,4e-06,0b00001010,0b00000000
"SPI","disable",14.4344742,2.50000001e-07,,
"SPI","enable",14.434477,2.50000001e-07,,
"SPI","result",14.4344793,4e-06,0b00000010,0b00000000
"SPI","result",14.434484,4e-06,0b00001000,0b00000000
"SPI","result",14.4344917,4e-06,0b00000001,0b00000000
"SPI","result",14.4344965,4e-06,0b00001111,0b00000000
"SPI","disable",14.4345018,2.49999999e-07,,
"SPI","enable",14.434504,2.49999999e-07,,
"SPI","result",14.4345063,4e-06,0b00000000,0b00000000
"SPI","result",14.434511,4e-06,0b00001110,0b00000000
"SPI","result",14.4345188,4e-06,0b00000000,0b00000000
"SPI","result",14.4345232,4.25e-06,0b00000001,0b00000000
"SPI","disable",14.4345285,2.49999999e-07,,
"SPI","enable",14.434531,2.50000001e-07,,
"SPI","result",14.434533,4.25e-06,0b00000000,0b00000000
"SPI","result",14.4345378,4e-06,0b00000001,0b00000000
"SPI","result",14.4345455,4e-06,0b00000110,0b00000000
"SPI","result",14.4345502,4e-06,0b00000010,0b00000000
"SPI","disable",14.4345555,2.49999999e-07,,
"SPI","enable",14.4345577,2.50000001e-07,,
"SPI","result",14.43456,4e-06,0b00000001,0b00000000
"SPI","result",14.4345647,4e-06,0b00001111,0b00000000
"SPI","result",14.4345725,4e-06,0b00000000,0b00000000
"SPI","result",14.4345773,4e-06,0b00001111,0b00000000
"SPI","disable",14.4345825,2.50000003e-07,,
"SPI","enable",14.4345863,2.49999999e-07,,
"SPI","result",14.4345885,4e-06,0b00000000,0b00000000
"SPI","result",14.434593,4.25e-06,0b00001111,0b00000000
"SPI","result",14.4346007,4.25e-06,0b00000000,0b00000000
"SPI","result",14.4346055,4e-06,0b00000100,0b00000000
"SPI","disable",14.4346107,2.50000001e-07,,
"SPI","enable",14.434613,2.49999999e-07,,
"SPI","result",14.4346153,4.25e-06,0b00000000,0b00000000
"SPI","result",14.43462,4e-06,0b00001011,0b00000000
"SPI","result",14.4346278,4e-06,0b00000000,0b00000000
"SPI","result",14.4346325,4e-06,0b00000001,0b00000000
"SPI","disable",14.4346378,2.49999999e-07,,
"SPI","enable",14.43464,2.49999999e-07,,
"SPI","result",14.4346422,4e-06,0b00000000,0b00000000
"SPI","result",14.4346468,4.25e-06,0b00000011,0b00000000
"SPI","result",14.4346547,4e-06,0b00000000,0b00000000
"SPI","result",14.4346595,4e-06,0b00001111,0b00000000
"SPI","disable",14.4346647,2.50000001e-07,,
"SPI","enable",14.4348728,2.49999999e-07,,
"SPI","result",14.4348735,4.25e-06,0b00001010,0b00000000
"SPI","disable",14.4348778,2.49999999e-07,,
"SPI","enable",14.4348805,2.49999999e-07,,
"SPI","result",14.4348815,4.25e-06,0b00001110,0b00000000
"SPI","disable",14.4348857,2.50000001e-07,,
"SPI","enable",14.4348875,2.49999999e-07,,
"SPI","result",14.43489,4e-06,0b00000000,0b00000000
"SPI","result",14.4348945,4.25e-06,0b00000101,0b00000000
"SPI","result",14.4349047,4e-06,0b00000100,0b00000000
"SPI","result",14.4349095,4e-06,0b00001001,0b00000000
"SPI","result",14.4349202,4e-06,0b00000110,0b00000000
"SPI","result",14.4349248,4.25e-06,0b00000100,0b00000000
"SPI","result",14.4349357,4e-06,0b00000010,0b00000000
"SPI","result",14.4349405,4e-06,0b00000001,0b00000000
"SPI","result",14.4349512,4e-06,0b00000110,0b00000000
"SPI","result",14.434956,4e-06,0b00000100,0b00000000
"SPI","result",14.4349667,4e-06,0b00000010,0b00000000
"SPI","result",14.4349715,4e-06,0b00000001,0b00000000
"SPI","result",14.4349822,4e-06,0b00000011,0b00000000
"SPI","result",14.434987,4e-06,0b00000100,0b00000000
"SPI","result",14.4349978,4e-06,0b00000010,0b00000000
"SPI","result",14.4350025,4e-06,0b00000001,0b00000000
"SPI","result",14.4350133,4e-06,0b00000001,0b00000000
"SPI","result",14.435018,4e-06,0b00000100,0b00000000
"SPI","result",14.4350288,4e-06,0b00000010,0b00000000
"SPI","result",14.4350335,4e-06,0b00001100,0b00000000
"SPI","result",14.4350443,4e-06,0b00000001,0b00000000
"SPI","result",14.435049,4e-06,0b00000100,0b00000000
"SPI","result",14.4350598,4.25e-06,0b00000010,0b00000000
"SPI","result",14.4350645,4e-06,0b00001100,0b00000000
"SPI","result",14.4350753,4.25e-06,0b00000001,0b00000000
"SPI","result",14.43508,4e-06,0b00000100,0b00000000
"SPI","result",14.4350908,4.25e-06,0b00000010,0b00000000
"SPI","result",14.4350955,4e-06,0b00001100,0b00000000
"SPI","result",14.4351063,4.25e-06,0b00000001,0b00000000
"SPI","result",14.435111,4e-06,0b00000100,0b00000000
"SPI","result",14.4351218,4.25e-06,0b00000010,0b00000000
"SPI","result",14.4351265,4e-06,0b00000001,0b00000000
"SPI","result",14.4351373,4.25e-06,0b00000000,0b00000000
"SPI","result",14.435142,4e-06,0b00000000,0b00000000
"SPI","disable",14.43515,2.49999999e-07,,
"SPI","enable",14.4351522,2.49999999e-07,,
"SPI","result",14.4351533,4e-06,0b00001101,0b00000000
"SPI","disable",14.4351575,2.49999999e-07,,
"SPI","enable",14.7239975,2.50000001e-07,,
"SPI","result",14.7239985,4e-06,0b00001010,0b00000000
"SPI","disable",14.7240025,2.50000001e-07,,
"SPI","enable",14.7240055,2.49999999e-07,,
"SPI","result",14.7240078,4e-06,0b00000010,0b00000000
"SPI","result",14.7240125,4e-06,0b00001000,0b00000000
"SPI","result",14.7240203,4e-06,0b00000001,0b00000000
"SPI","result",14.724025,4e-06,0b00001111,0b00000000
"SPI","disable",14.7240303,2.49999999e-07,,
"SPI","enable",14.7240325,2.49999999e-07,,
"SPI","result",14.7240345,4.25e-06,0b00000000,0b00000000
"SPI","result",14.7240393,4e-06,0b00001110,0b00000000
"SPI","result",14.724047,4.25e-06,0b00000000,0b00000000
"SPI","result",14.7240517,4e-06,0b00000001,0b00000000
"SPI","disable",14.724057,2.49999999e-07,,
"SPI","enable",14.7240592,2.49999999e-07,,
"SPI","result",14.7240615,4e-06,0b00000000,0b00000000
"SPI","result",14.7240662,4e-06,0b00000001,0b00000000
"SPI","result",14.724074,4e-06,0b00000110,0b00000000
"SPI","result",14.7240788,4e-06,0b00000010,0b00000000
"SPI","disable",14.724084,2.50000001e-07,,
"SPI","enable",14.7240862,2.50000001e-07,,
"SPI","result",14.7240885,4e-06,0b00000001,0b00000000
"SPI","result",14.724093,4.25e-06,0b00001111,0b00000000
"SPI","result",14.724101,4e-06,0b00000000,0b00000000
"SPI","result",14.7241055,4e-06,0b00001111,0b00000000
"SPI","disable",14.7241107,2.50000001e-07,,
"SPI","enable",14.7241148,2.49999999e-07,,
"SPI","result",14.7241168,4.25e-06,0b00000000,0b00000000
"SPI","result",14.7241215,4e-06,0b00001111,0b00000000
"SPI","result",14.7241293,4.25e-06,0b00000000,0b00000000
"SPI","result",14.724134,4e-06,0b00000100,0b00000000
"SPI","disable",14.7241393,2.49999999e-07,,
"SPI","enable",14.7241415,2.49999999e-07,,
"SPI","result",14.7241437,4e-06,0b00000000,0b00000000
"SPI","result",14.7241485,4e-06,0b00001011,0b00000000
"SPI","result",14.7241563,4e-06,0b00000000,0b00000000
"SPI","result",14.724161,4e-06,0b00000001,0b00000000
"SPI","disable",14.7241662,2.50000001e-07,,
"SPI","enable",14.7241685,2.50000001e-07,,
"SPI","result",14.7241708,4e-06,0b00000000,0b00000000
"SPI","result",14.7241753,4.25e-06,0b00000011,0b00000000
"SPI","result",14.724183,4.25e-06,0b00000000,0b00000000
"SPI","result",14.7241878,4e-06,0b00001111,0b00000000
"SPI","disable",14.724193,2.50000001e-07,,
"SPI","enable",14.724401,2.49999999e-07,,
"SPI","result",14.724402,4e-06,0b00001010,0b00000000
"SPI","disable",14.7244062,2.50000001e-07,,
"SPI","enable",14.724409,2.50000001e-07,,
"SPI","result",14.72441,4e-06,0b00001110,0b00000000
"SPI","disable",14.7244143,2.50000001e-07,,
"SPI","enable",14.724416,2.50000001e-07,,
"SPI","result",14.7244182,4e-06,0b00000000,0b00000000
"SPI","result",14.724423,4e-06,0b00000101,0b00000000
"SPI","result",14.724433,4.25e-06,0b00000100,0b00000000
"SPI","result",14.7244377,4e-06,0b00001001,0b00000000
"SPI","result",14.7244485,4.25e-06,0b00000110,0b00000000
"SPI","result",14.7244532,4e-06,0b00000100,0b00000000
"SPI","result",14.7244643,4e-06,0b00000010,0b00000000
"SPI","result",14.7244687,4e-06,0b00000001,0b00000000
"SPI","result",14.7244798,4e-06,0b00000110,0b00000000
"SPI","result",14.7244842,4e-06,0b00000100,0b00000000
"SPI","result",14.7244953,4e-06,0b00000010,0b00000000
"SPI","result",14.7244997,4e-06,0b00000001,0b00000000
"SPI","result",14.7245108,4e-06,0b00000011,0b00000000
"SPI","result",14.7245152,4.25e-06,0b00000100,0b00000000
"SPI","result",14.7245263,4e-06,0b00000010,0b00000000
"SPI","result",14.7245307,4.25e-06,0b00000001,0b00000000
"SPI","result",14.7245418,4e-06,0b00000001,0b00000000
"SPI","result",14.7245462,4.25e-06,0b00000100,0b00000000
"SPI","result",14.7245573,4e-06,0b00000010,0b00000000
"SPI","result",14.724562,4e-06,0b00001100,0b00000000
"SPI","result",14.7245728,4e-06,0b00000001,0b00000000
"SPI","result",14.7245772,4.25e-06,0b00000100,0b00000000
"SPI","result",14.7245883,4e-06,0b00000010,0b00000000
"SPI","result",14.724593,4e-06,0b00001100,0b00000000
"SPI","result",14.7246037,4e-06,0b00000001,0b00000000
"SPI","result",14.7246085,4e-06,0b00000100,0b00000000
"SPI","result",14.7246192,4e-06,0b00000010,0b00000000
"SPI","result",14.724624,4e-06,0b00001100,0b00000000
"SPI","result",14.7246347,4e-06,0b00000001,0b00000000
"SPI","result",14.7246395,4e-06,0b00000100,0b00000000
"SPI","result",14.7246502,4e-06,0b00000010,0b00000000
"SPI","result",14.724655,4e-06,0b00000001,0b00000000
"SPI","result",14.7246657,4e-06,0b00000000,0b00000000
"SPI","result",14.7246705,4e-06,0b00000000,0b00000000
"SPI","disable",14.7246785,2.50000001e-07,,
"SPI","enable",14.7246807,2.50000001e-07,,
"SPI","result",14.7246818,4e-06,0b00001101,0b00000000
"SPI","disable",14.7246858,2.49999999e-07,,
"SPI","enable",15.0135427,2.50000001e-07,,
"SPI","result",15.0135438,4e-06,0b00001010,0b00000000
"SPI","disable",15.013548,2.49999999e-07,,
"SPI","enable",15.013551,2.50000001e-07,,
"SPI","result",15.013553,4.25e-06,0b00000010,0b00000000
"SPI","result",15.0135578,4e-06,0b00001000,0b00000000
"SPI","result",15.0135655,4.25e-06,0b00000001,0b00000000
"SPI","result",15.0135703,4e-06,0b00001111,0b00000000
"SPI","disable",15.0135755,2.49999999e-07,,
"SPI","enable",15.0135777,2.50000001e-07,,
"SPI","result",15.01358,4e-06,0b00000000,0b00000000
"SPI","result",15.0135847,4e-06,0b00001110,0b00000000
"SPI","result",15.0135925,4e-06,0b00000000,0b00000000
"SPI","result",15.0135973,4e-06,0b00000001,0b00000000
"SPI","disable",15.0136025,2.50000001e-07,,
"SPI","enable",15.0136048,2.49999999e-07,,
"SPI","result",15.013607,4e-06,0b00000000,0b00000000
"SPI","result",15.0136115,4.25e-06,0b00000001,0b00000000
"SPI","result",15.0136195,4e-06,0b00000110,0b00000000
"SPI","result",15.013624,4e-06,0b00000010,0b00000000
"SPI","disable",15.0136292,2.50000001e-07,,
"SPI","enable",15.0136318,2.49999999e-07,,
"SPI","result",15.0136338,4.25e-06,0b00000001,0b00000000
"SPI","result",15.0136385,4e-06,0b00001111,0b00000000
"SPI","result",15.0136463,4e-06,0b00000000,0b00000000
"SPI","result",15.013651,4e-06,0b00001111,0b00000000
"SPI","disable",15.0136563,2.49999999e-07,,
"SPI","enable",15.01366,2.49999999e-07,,
"SPI","result",15.0136622,4e-06,0b00000000,0b00000000
"SPI","result",15.013667,4e-06,0b00001111,0b00000000
"SPI","result",15.0136747,4e-06,0b00000000,0b00000000
"SPI","result",15.0136795,4e-06,0b00000100,0b00000000
"SPI","disable",15.0136847,2.50000001e-07,,
"SPI","enable",15.013687,2.50000001e-07,,
"SPI","result",15.0136893,4e-06,0b00000000,0b00000000
"SPI","result",15.0136937,4.25e-06,0b00001011,0b00000000
"SPI","result",15.0137017,4e-06,0b00000000,0b00000000
"SPI","result",15.0137063,4e-06,0b00000001,0b00000000
"SPI","disable",15.0137115,2.50000001e-07,,
"SPI","enable",15.013714,2.49999999e-07,,
"SPI","result",15.013716,4.25e-06,0b00000000,0b00000000
"SPI","result",15.0137207,4e-06,0b00000011,0b00000000
"SPI","result",15.0137285,4e-06,0b00000000,0b00000000
"SPI","result",15.0137332,4e-06,0b00001111,0b00000000
"SPI","disable",15.0137385,2.49999999e-07,,
"SPI","enable",15.0139465,2.50000001e-07,,
"SPI","result",15.0139475,4e-06,0b00001010,0b00000000
"SPI","disable",15.0139518,2.49999999e-07,,
"SPI","enable",15.0139545,2.50000001e-07,,
"SPI","result",15.0139555,4e-06,0b00001110,0b00000000
"SPI","disable",15.0139597,2.50000001e-07,,
"SPI","enable",15.0139615,2.49999999e-07,,
"SPI","result",15.0139638,4e-06,0b00000000,0b00000000
"SPI","result",15.0139685,4e-06,0b00000101,0b00000000
"SPI","result",15.0139785,4.25e-06,0b00000100,0b00000000
"SPI","result",15.0139833,4e-06,0b00001001,0b00000000
"SPI","result",15.013994,4.25e-06,0b00000110,0b00000000
"SPI","result",15.0139988,4e-06,0b00000100,0b00000000
"SPI","result",15.0140095,4.25e-06,0b00000010,0b00000000
"SPI","result",15.0140143,4e-06,0b00000001,0b00000000
"SPI","result",15.014025,4.25e-06,0b00000110,0b00000000
"SPI","result",15.0140298,4e-06,0b00000100,0b00000000
"SPI","result",15.0140407,4e-06,0b00000010,0b00000000
"SPI","result",15.0140453,4e-06,0b00000001,0b00000000
"SPI","result",15.0140562,4e-06,0b00000011,0b00000000
"SPI","result",15.0140608,4.25e-06,0b00000100,0b00000000
"SPI","result",15.0140717,4e-06,0b00000010,0b00000000
"SPI","result",15.0140763,4.25e-06,0b00000001,0b00000000
"SPI","result",15.0140872,4e-06,0b00000001,0b00000000
"SPI","result",15.0140918,4.25e-06,0b00000100,0b00000000
"SPI","result",15.0141027,4e-06,0b00000010,0b00000000
"SPI","result",15.0141075,4e-06,0b00001100,0b00000000
"SPI","result",15.0141182,4e-06,0b00000001,0b00000000
"SPI","result",15.0141228,4.25e-06,0b00000100,0b00000000
"SPI","result",15.0141337,4e-06,0b00000010,0b00000000
"SPI","result",15.0141385,4e-06,0b00001100,0b00000000
"SPI","result",15.0141492,4e-06,0b00000001,0b00000000
"SPI","result",15.014154,4e-06,0b00000100,0b00000000
"SPI","result",15.0141648,4e-06,0b00000010,0b00000000
"SPI","result",15.0141695,4e-06,0b00001100,0b00000000
"SPI","result",15.0141803,4e-06,0b00000001,0b00000000
"SPI","result",15.014185,4e-06,0b00000100,0b00000000
"SPI","result",15.0141958,4e-06,0b00000010,0b00000000
"SPI","result",15.0142005,4e-06,0b00000001,0b00000000
"SPI","result",15.0142113,4.25e-06,0b00000000,0b00000000
"SPI","result",15.014216,4e-06,0b00000000,0b00000000
"SPI","disable",15.014224,2.49999999e-07,,
"SPI","enable",15.0142263,2.49999999e-07,,
"SPI","result",15.0142272,4e-06,0b00001101,0b00000000
"SPI","disable",15.0142315,2.50000001e-07,,
"SPI","enable",15.3032622,2.50000001e-07,,
"SPI","result",15.3032633,4e-06,0b00001010,0b00000000
"SPI","disable",15.3032672,2.50000001e-07,,
"SPI","enable",15.3032703,2.49999999e-07,,
"SPI","result",15.3032725,4e-06,0b00000010,0b00000000
"SPI","result",15.3032773,4e-06,0b00001000,0b00000000
"SPI","result",15.303285,4e-06,0b00000001,0b00000000
"SPI","result",15.3032895,4.25e-06,0b00001111,0b00000000
"SPI","disable",15.303295,2.49999999e-07,,
"SPI","enable",15.3032972,2.49999999e-07,,
"SPI","result",15.3032993,4.25e-06,0b00000000,0b00000000
"SPI","result",15.303304,4e-06,0b00001110,0b00000000
"SPI","result",15.3033118,4.25e-06,0b00000000,0b00000000
"SPI","result",15.3033165,4e-06,0b00000001,0b00000000
"SPI","disable",15.3033218,2.49999999e-07,,
"SPI","enable",15.303324,2.49999999e-07,,
"SPI","result",15.3033262,4e-06,0b00000000,0b00000000
"SPI","result",15.303331,4e-06,0b00000001,0b00000000
"SPI","result",15.3033387,4e-06,0b00000110,0b00000000
"SPI","result",15.3033435,4e-06,0b00000010,0b00000000
"SPI","disable",15.3033487,2.50000001e-07,,
"SPI","enable",15.303351,2.50000001e-07,,
"SPI","result",15.3033533,4e-06,0b00000001,0b00000000
"SPI","result",15.3033577,4.25e-06,0b00001111,0b00000000
"SPI","result",15.3033657,4e-06,0b00000000,0b00000000
"SPI","result",15.3033703,4e-06,0b00001111,0b00000000
"SPI","disable",15.3033755,2.50000001e-07,,
"SPI","enable",15.3033795,2.49999999e-07,,
"SPI","result",15.3033815,4.25e-06,0b00000000,0b00000000
"SPI","result",15.3033863,4e-06,0b00001111,0b00000000
"SPI","result",15.303394,4.25e-06,0b00000000,0b00000000
"SPI","result",15.3033987,4e-06,0b00000100,0b00000000
"SPI","disable",15.303404,2.49999999e-07,,
"SPI","enable",15.3034063,2.49999999e-07,,
"SPI","result",15.3034085,4e-06,0b00000000,0b00000000
"SPI","result",15.3034133,4e-06,0b00001011,0b00000000
"SPI","result",15.303421,4e-06,0b00000000,0b00000000
"SPI","result",15.3034258,4e-06,0b00000001,0b00000000
"SPI","disable",15.303431,2.49999999e-07,,
"SPI","enable",15.3034332,2.50000001e-07,,
"SPI","result",15.3034355,4e-06,0b00000000,0b00000000
"SPI","result",15.30344,4.25e-06,0b00000011,0b00000000
"SPI","result",15.303448,4e-06,0b00000000,0b00000000
"SPI","result",15.3034525,4e-06,0b00001111,0b00000000
"SPI","disable",15.3034577,2.49999999e-07,,
"SPI","enable",15.303666,2.49999999e-07,,
"SPI","result",15.3036667,4.25e-06,0b00001010,0b00000000
"SPI","disable",15.303671,2.50000001e-07,,
"SPI","enable",15.303674,2.49999999e-07,,
"SPI","result",15.3036748,4.25e-06,0b00001110,0b00000000
"SPI","disable",15.303679,2.49999999e-07,,
"SPI","enable",15.3036807,2.49999999e-07,,
"SPI","result",15.3036833,4e-06,0b00000000,0b00000000
"SPI","result",15.3036877,4.25e-06,0b00000101,0b00000000
"SPI","result",15.303698,4e-06,0b00000100,0b00000000
"SPI","result",15.3037027,4e-06,0b00001001,0b00000000
"SPI","result",15.3037135,4e-06,0b00000110,0b00000000
"SPI","result",15.3037182,4e-06,0b00000100,0b00000000
"SPI","result",15.303729,4e-06,0b00000010,0b00000000
"SPI","result",15.3037337,4e-06,0b00000001,0b00000000
"SPI","result",15.3037445,4e-06,0b00000110,0b00000000
"SPI","result",15.3037492,4e-06,0b00000100,0b00000000
"SPI","result",15.30376,4e-06,0b00000010,0b00000000
"SPI","result",15.3037647,4e-06,0b00000001,0b00000000
"SPI","result",15.3037755,4e-06,0b00000011,0b00000000
"SPI","result",15.3037803,4e-06,0b00000100,0b00000000
"SPI","result",15.303791,4.25e-06,0b00000010,0b00000000
"SPI","result",15.3037958,4e-06,0b00000001,0b00000000
"SPI","result",15.3038065,4.25e-06,0b00000001,0b00000000
"SPI","result",15.3038113,4e-06,0b00000100,0b00000000
"SPI","result",15.303822,4.25e-06,0b00000010,0b00000000
"SPI","result",15.3038268,4e-06,0b00001100,0b00000000
"SPI","result",15.3038375,4.25e-06,0b00000001,0b00000000
"SPI","result",15.3038423,4e-06,0b00000100,0b00000000
"SPI","result",15.3038532,4e-06,0b00000010,0b00000000
"SPI","result",15.3038578,4e-06,0b00001100,0b00000000
"SPI","result",15.3038687,4e-06,0b00000001,0b00000000
"SPI","result",15.3038733,4.25e-06,0b00000100,0b00000000
"SPI","result",15.3038842,4e-06,0b00000010,0b00000000
"SPI","result",15.3038888,4.25e-06,0b00001100,0b00000000
"SPI","result",15.3038997,4e-06,0b00000001,0b00000000
"SPI","result",15.3039043,4.25e-06,0b00000100,0b00000000
"SPI","result",15.3039152,4e-06,0b00000010,0b00000000
"SPI","result",15.3039198,4.25e-06,0b00000001,0b00000000
"SPI","result",15.3039307,4e-06,0b00000000,0b00000000
"SPI","result",15.3039355,4e-06,0b00000000,0b00000000
"SPI","disable",15.3039435,2.49999999e-07,,
"SPI","enable",15.3039458,2.49999999e-07,,
"SPI","result",15.3039465,4.25e-06,0b00001101,0b00000000
"SPI","disable",15.3039508,2.49999999e-07,,
"SPI","enable",15.5932652,2.49999999e-07,,
"SPI","result",15.593266,4.25e-06,0b00001010,0b00000000
"SPI","disable",15.5932702,2.49999999e-07,,
"SPI","enable",15.5932732,2.50000001e-07,,
"SPI","result",15.5932755,4e-06,0b00000010,0b00000000
"SPI","result",15.59328,4.25e-06,0b00001000,0b00000000
"SPI","result",15.593288,4e-06,0b00000001,0b00000000
"SPI","result",15.5932925,4.25e-06,0b00001111,0b00000000
"SPI","disable",15.5932977,2.50000001e-07,,
"SPI","enable",15.5933003,2.49999999e-07,,
"SPI","result",15.5933023,4.25e-06,0b00000000,0b00000000
"SPI","result",15.593307,4e-06,0b00001110,0b00000000
"SPI","result",15.5933147,4e-06,0b00000000,0b00000000
"SPI","result",15.5933195,4e-06,0b00000001,0b00000000
"SPI","disable",15.5933248,2.49999999e-07,,
"SPI","enable",15.593327,2.49999999e-07,,
"SPI","result",15.5933293,4e-06,0b00000000,0b00000000
"SPI","result",15.593334,4e-06,0b00000001,0b00000000
"SPI","result",15.5933418,4e-06,0b00000110,0b00000000
"SPI","result",15.5933462,4.25e-06,0b00000010,0b00000000
"SPI","disable",15.5933518,2.49999999e-07,,
"SPI","enable",15.593354,2.50000001e-07,,
"SPI","result",15.5933562,4e-06,0b00000001,0b00000000
"SPI","result",15.5933608,4e-06,0b00001111,0b00000000
"SPI","result",15.5933685,4.25e-06,0b00000000,0b00000000
"SPI","result",15.5933733,4e-06,0b00001111,0b00000000
"SPI","disable",15.5933785,2.49999999e-07,,
"SPI","enable",15.5933825,2.50000001e-07,,
"SPI","result",15.5933845,4.25e-06,0b00000000,0b00000000
"SPI","result",15.5933892,4e-06,0b00001111,0b00000000
"SPI","result",15.593397,4e-06,0b00000000,0b00000000
"SPI","result",15.5934017,4e-06,0b00000100,0b00000000
"SPI","disable",15.593407,2.50000001e-07,,
"SPI","enable",15.5934093,2.49999999e-07,,
"SPI","result",15.5934115,4e-06,0b00000000,0b00000000
"SPI","result",15.5934163,4e-06,0b00001011,0b00000000
"SPI","result",15.593424,4e-06,0b00000000,0b00000000
"SPI","result",15.5934285,4.25e-06,0b00000001,0b00000000
"SPI","disable",15.593434,2.49999999e-07,,
"SPI","enable",15.5934362,2.49999999e-07,,
"SPI","result",15.5934383,4.25e-06,0b00000000,0b00000000
"SPI","result",15.593443,4e-06,0b00000011,0b00000000
"SPI","result",15.5934508,4.25e-06,0b00000000,0b00000000
"SPI","result",15.5934555,4e-06,0b00001111,0b00000000
"SPI","disable",15.5934608,2.49999999e-07,,
"SPI","enable",15.5936688,2.49999999e-07,,
"SPI","result",15.5936698,4e-06,0b00001010,0b00000000
"SPI","disable",15.593674,2.49999999e-07,,
"SPI","enable",15.5936768,2.49999999e-07,,
"SPI","result",15.5936777,4e-06,0b00001110,0b00000000
"SPI","disable",15.593682,2.50000001e-07,,
"SPI","enable",15.5936838,2.49999999e-07,,
"SPI","result",15.593686,4.25e-06,0b00000000,0b00000000
"SPI","result",15.5936908,4e-06,0b00000101,0b00000000
"SPI","result",15.593701,4e-06,0b00000100,0b00000000
"SPI","result",15.5937055,4e-06,0b00001001,0b00000000
"SPI","result",15.5937165,4e-06,0b00000110,0b00000000
"SPI","result",15.593721,4.25e-06,0b00000100,0b00000000
"SPI","result",15.593732,4e-06,0b00000010,0b00000000
"SPI","result",15.5937365,4.25e-06,0b00000001,0b00000000
"SPI","result",15.5937475,4e-06,0b00000110,0b00000000
"SPI","result",15.593752,4.25e-06,0b00000100,0b00000000
"SPI","result",15.593763,4e-06,0b00000010,0b00000000
"SPI","result",15.5937675,4.25e-06,0b00000001,0b00000000
"SPI","result",15.5937785,4e-06,0b00000011,0b00000000
"SPI","result",15.593783,4.25e-06,0b00000100,0b00000000
"SPI","result",15.593794,4e-06,0b00000010,0b00000000
"SPI","result",15.5937987,4e-06,0b00000001,0b00000000
"SPI","result",15.5938095,4e-06,0b00000001,0b00000000
"SPI","result",15.5938142,4e-06,0b00000100,0b00000000
"SPI","result",15.593825,4e-06,0b00000010,0b00000000
"SPI","result",15.5938297,4e-06,0b00001100,0b00000000
"SPI","result",15.5938405,4e-06,0b00000001,0b00000000
"SPI","result",15.5938452,4e-06,0b00000100,0b00000000
"SPI","result",15.593856,4e-06,0b00000010,0b00000000
"SPI","result",15.5938607,4e-06,0b00001100,0b00000000
"SPI","result",15.5938715,4e-06,0b00000001,0b00000000
"SPI","result",15.5938762,4e-06,0b00000100,0b00000000
"SPI","result",15.593887,4.25e-06,0b00000010,0b00000000
"SPI","result",15.5938917,4e-06,0b00001100,0b00000000
"SPI","result",15.5939025,4.25e-06,0b00000001,0b00000000
"SPI","result",15.5939073,4e-06,0b00000100,0b00000000
"SPI","result",15.593918,4.25e-06,0b00000010,0b00000000
"SPI","result",15.5939228,4e-06,0b00000001,0b00000000
"SPI","result",15.5939335,4.25e-06,0b00000000,0b00000000
"SPI","result",15.5939383,4e-06,0b00000000,0b00000000
"SPI","disable",15.5939463,2.49999999e-07,,
"SPI","enable",15.5939485,2.49999999e-07,,
"SPI","result",15.5939495,4e-06,0b00001101,0b00000000
"SPI","disable",15.5939538,2.49999999e-07,,
"SPI","enable",15.8829542,2.50000001e-07,,
"SPI","result",15.8829553,4e-06,0b00001010,0b00000000
"SPI","disable",15.8829593,2.50000001e-07,,
"SPI","enable",15.8829623,2.49999999e-07,,
"SPI","result",15.8829645,4e-06,0b00000010,0b00000000
"SPI","result",15.8829693,4e-06,0b00001000,0b00000000
"SPI","result",15.882977,4e-06,0b00000001,0b00000000
"SPI","result",15.8829818,4e-06,0b00001111,0b00000000
"SPI","disable",15.882987,2.50000001e-07,,
"SPI","enable",15.8829892,2.50000003e-07,,
"SPI","result",15.8829915,4e-06,0b00000000,0b00000000
"SPI","result",15.882996,4.25e-06,0b00001110,0b00000000
"SPI","result",15.883004,4e-06,0b00000000,0b00000000
"SPI","result",15.8830085,4e-06,0b00000001,0b00000000
"SPI","disable",15.8830137,2.49999999e-07,,
"SPI","enable",15.8830163,2.49999999e-07,,
"SPI","result",15.8830182,4.25e-06,0b00000000,0b00000000
"SPI","result",15.883023,4e-06,0b00000001,0b00000000
"SPI","result",15.8830307,4e-06,0b00000110,0b00000000
"SPI","result",15.8830355,4e-06,0b00000010,0b00000000
"SPI","disable",15.8830407,2.50000001e-07,,
"SPI","enable",15.883043,2.49999999e-07,,
"SPI","result",15.8830453,4e-06,0b00000001,0b00000000
"SPI","result",15.88305,4e-06,0b00001111,0b00000000
"SPI","result",15.8830578,4e-06,0b00000000,0b00000000
"SPI","result",15.8830625,4e-06,0b00001111,0b00000000
"SPI","disable",15.8830678,2.49999999e-07,,
"SPI","enable",15.8830715,2.49999999e-07,,
"SPI","result",15.8830737,4e-06,0b00000000,0b00000000
"SPI","result",15.8830783,4.25e-06,0b00001111,0b00000000
"SPI","result",15.883086,4.25e-06,0b00000000,0b00000000
"SPI","result",15.8830907,4e-06,0b00000100,0b00000000
"SPI","disable",15.883096,2.49999999e-07,,
"SPI","enable",15.8830985,2.50000003e-07,,
"SPI","result",15.8831005,4.25e-06,0b00000000,0b00000000
"SPI","result",15.8831052,4e-06,0b00001011,0b00000000
"SPI","result",15.883113,4e-06,0b00000000,0b00000000
"SPI","result",15.8831178,4e-06,0b00000001,0b00000000
"SPI","disable",15.883123,2.50000001e-07,,
"SPI","enable",15.8831253,2.49999999e-07,,
"SPI","result",15.8831275,4e-06,0b00000000,0b00000000
"SPI","result",15.8831322,4e-06,0b00000011,0b00000000
"SPI","result",15.88314,4e-06,0b00000000,0b00000000
"SPI","result",15.8831447,4e-06,0b00001111,0b00000000
"SPI","disable",15.88315,2.49999999e-07,,
"SPI","enable",15.883358,2.50000001e-07,,
"SPI","result",15.883359,4e-06,0b00001010,0b00000000
"SPI","disable",15.883363,2.50000001e-07,,
"SPI","enable",15.883366,2.49999999e-07,,
"SPI","result",15.883367,4e-06,0b00001110,0b00000000
"SPI","disable",15.883371,2.49999999e-07,,
"SPI","enable",15.8833727,2.50000003e-07,,
"SPI","result",15.8833753,4e-06,0b00000000,0b00000000
"SPI","result",15.8833797,4.25e-06,0b00000101,0b00000000
"SPI","result",15.88339,4e-06,0b00000100,0b00000000
"SPI","result",15.8833948,4e-06,0b00001001,0b00000000
"SPI","result",15.8834055,4e-06,0b00000110,0b00000000
"SPI","result",15.8834103,4e-06,0b00000100,0b00000000
"SPI","result",15.883421,4e-06,0b00000010,0b00000000
"SPI","result",15.8834258,4e-06,0b00000001,0b00000000
"SPI","result",15.8834365,4e-06,0b00000110,0b00000000
"SPI","result",15.8834413,4e-06,0b00000100,0b00000000
"SPI","result",15.883452,4.25e-06,0b00000010,0b00000000
"SPI","result",15.8834568,4e-06,0b00000001,0b00000000
"SPI","result",15.8834675,4.25e-06,0b00000011,0b00000000
"SPI","result",15.8834723,4e-06,0b00000100,0b00000000
"SPI","result",15.883483,4.25e-06,0b00000010,0b00000000
"SPI","result",15.8834878,4e-06,0b00000001,0b00000000
"SPI","result",15.8834985,4.25e-06,0b00000001,0b00000000
"SPI","result",15.8835033,4e-06,0b00000100,0b00000000
"SPI","result",15.8835143,4e-06,0b00000010,0b00000000
"SPI","result",15.8835188,4e-06,0b00001100,0b00000000
"SPI","result",15.8835297,4e-06,0b00000001,0b00000000
"SPI","result",15.8835343,4e-06,0b00000100,0b00000000
"SPI","result",15.8835452,4e-06,0b00000010,0b00000000
"SPI","result",15.8835498,4.25e-06,0b00001100,0b00000000
"SPI","result",15.8835607,4e-06,0b00000001,0b00000000
"SPI","result",15.8835653,4.25e-06,0b00000100,0b00000000
"SPI","result",15.8835763,4e-06,0b00000010,0b00000000
"SPI","result",15.883581,4e-06,0b00001100,0b00000000
"SPI","result",15.8835918,4e-06,0b00000001,0b00000000
"SPI","result",15.8835963,4.25e-06,0b00000100,0b00000000
"SPI","result",15.8836073,4e-06,0b00000010,0b00000000
"SPI","result",15.883612,4e-06,0b00000001,0b00000000
"SPI","result",15.8836228,4e-06,0b00000000,0b00000000
"SPI","result",15.8836275,4e-06,0b00000000,0b00000000
"SPI","disable",15.8836355,2.49999999e-07,,
"SPI","enable",15.8836378,2.49999999e-07,,
"SPI","result",15.8836387,4e-06,0b00001101,0b00000000
"SPI","disable",15.8836427,2.50000001e-07,,
"SPI","enable",16.1725815,2.49999999e-07,,
"SPI","result",16.1725823,4.25e-06,0b00001010,0b00000000
"SPI","disable",16.1725865,2.49999999e-07,,
"SPI","enable",16.1725895,2.50000001e-07,,
"SPI","result",16.1725917,4e-06,0b00000010,0b00000000
"SPI","result",16.1725963,4.25e-06,0b00001000,0b00000000
"SPI","result",16.172604,4.25e-06,0b00000001,0b00000000
"SPI","result",16.1726087,4e-06,0b00001111,0b00000000
"SPI","disable",16.172614,2.49999999e-07,,
"SPI","enable",16.1726163,2.49999999e-07,,
"SPI","result",16.1726185,4e-06,0b00000000,0b00000000
"SPI","result",16.1726233,4e-06,0b00001110,0b00000000
"SPI","result",16.172631,4e-06,0b00000000,0b00000000
"SPI","result",16.1726358,4e-06,0b00000001,0b00000000
"SPI","disable",16.172641,2.50000003e-07,,
"SPI","enable",16.1726433,2.49999999e-07,,
"SPI","result",16.1726455,4e-06,0b00000000,0b00000000
"SPI","result",16.17265,4.25e-06,0b00000001,0b00000000
"SPI","result",16.172658,4e-06,0b00000110,0b00000000
"SPI","result",16.1726625,4.25e-06,0b00000010,0b00000000
"SPI","disable",16.1726677,2.50000003e-07,,
"SPI","enable",16.1726702,2.49999999e-07,,
"SPI","result",16.1726723,4.25e-06,0b00000001,0b00000000
"SPI","result",16.172677,4e-06,0b00001111,0b00000000
"SPI","result",16.1726847,4.25e-06,0b00000000,0b00000000
"SPI","result",16.1726895,4e-06,0b00001111,0b00000000
"SPI","disable",16.1726948,2.49999999e-07,,
"SPI","enable",16.1726985,2.49999999e-07,,
"SPI","result",16.1727008,4e-06,0b00000000,0b00000000
"SPI","result",16.1727055,4e-06,0b00001111,0b00000000
"SPI","result",16.1727133,4e-06,0b00000000,0b00000000
"SPI","result",16.172718,4e-06,0b00000100,0b00000000
"SPI","disable",16.1727233,2.49999999e-07,,
"SPI","enable",16.1727255,2.50000003e-07,,
"SPI","result",16.1727277,4e-06,0b00000000,0b00000000
"SPI","result",16.1727325,4e-06,0b00001011,0b00000000
"SPI","result",16.1727403,4e-06,0b00000000,0b00000000
"SPI","result",16.1727447,4.25e-06,0b00000001,0b00000000
"SPI","disable",16.1727502,2.50000001e-07,,
"SPI","enable",16.1727525,2.49999999e-07,,
"SPI","result",16.1727545,4.25e-06,0b00000000,0b00000000
"SPI","result",16.1727592,4e-06,0b00000011,0b00000000
"SPI","result",16.172767,4.25e-06,0b00000000,0b00000000
"SPI","result",16.1727717,4e-06,0b00001111,0b00000000
"SPI","disable",16.172777,2.49999999e-07,,
"SPI","enable",16.172985,2.49999999e-07,,
"SPI","result",16.172986,4e-06,0b00001010,0b00000000
"SPI","disable",16.1729903,2.50000001e-07,,
"SPI","enable",16.172993,2.49999999e-07,,
"SPI","result",16.172994,4e-06,0b00001110,0b00000000
"SPI","disable",16.1729982,2.49999999e-07,,
"SPI","enable",16.173,2.50000003e-07,,
"SPI","result",16.1730022,4e-06,0b00000000,0b00000000
"SPI","result",16.173007,4e-06,0b00000101,0b00000000
"SPI","result",16.173017,4.25e-06,0b00000100,0b00000000
"SPI","result",16.1730218,4e-06,0b00001001,0b00000000
"SPI","result",16.1730325,4.25e-06,0b00000110,0b00000000
"SPI","result",16.1730373,4e-06,0b00000100,0b00000000
"SPI","result",16.1730483,4e-06,0b00000010,0b00000000
"SPI","result",16.1730528,4e-06,0b00000001,0b00000000
"SPI","result",16.1730638,4e-06,0b00000110,0b00000000
"SPI","result",16.1730683,4e-06,0b00000100,0b00000000
"SPI","result",16.1730793,4e-06,0b00000010,0b00000000
"SPI","result",16.1730837,4.25e-06,0b00000001,0b00000000
"SPI","result",16.1730948,4e-06,0b00000011,0b00000000
"SPI","result",16.1730992,4.25e-06,0b00000100,0b00000000
"SPI","result",16.1731103,4e-06,0b00000010,0b00000000
"SPI","result",16.1731147,4.25e-06,0b00000001,0b00000000
"SPI","result",16.1731258,4e-06,0b00000001,0b00000000
"SPI","result",16.1731302,4.25e-06,0b00000100,0b00000000
"SPI","result",16.1731413,4e-06,0b00000010,0b00000000
"SPI","result",16.173146,4e-06,0b00001100,0b00000000
"SPI","result",16.1731568,4e-06,0b00000001,0b00000000
"SPI","result",16.1731615,4e-06,0b00000100,0b00000000
"SPI","result",16.1731723,4e-06,0b00000010,0b00000000
"SPI","result",16.173177,4e-06,0b00001100,0b00000000
"SPI","result",16.1731878,4e-06,0b00000001,0b00000000
"SPI","result",16.1731925,4e-06,0b00000100,0b00000000
"SPI","result",16.1732033,4e-06,0b00000010,0b00000000
"SPI","result",16.173208,4e-06,0b00001100,0b00000000
"SPI","result",16.1732188,4e-06,0b00000001,0b00000000
"SPI","result",16.1732235,4e-06,0b00000100,0b00000000
"SPI","result",16.1732343,4.25e-06,0b00000010,0b00000000
"SPI","result",16.173239,4e-06,0b00000001,0b00000000
"SPI","result",16.1732498,4.25e-06,0b00000000,0b00000000
"SPI","result",16.1732545,4e-06,0b00000000,0b00000000
"SPI","disable",16.1732625,2.49999999e-07,,
"SPI","enable",16.1732648,2.49999999e-07,,
"SPI","result",16.1732657,4e-06,0b00001101,0b00000000
"SPI","disable",16.17327,2.50000003e-07,,
"SPI","enable",16.4623577,2.49999997e-07,,
"SPI","result",16.4623585,4.25e-06,0b00001010,0b00000000
"SPI","disable",16.4623628,2.50000001e-07,,
"SPI","enable",16.4623658,2.49999997e-07,,
"SPI","result",16.462368,4e-06,0b00000010,0b00000000
"SPI","result",16.4623725,4.25e-06,0b00001000,0b00000000
"SPI","result",16.4623805,4e-06,0b00000001,0b00000000
"SPI","result",16.462385,4e-06,0b00001111,0b00000000
"SPI","disable",16.4623902,2.50000005e-07,,
"SPI","enable",16.4623927,2.50000001e-07,,
"SPI","result",16.4623948,4.25e-06,0b00000000,0b00000000
"SPI","result",16.4623995,4e-06,0b00001110,0b00000000
"SPI","result",16.4624072,4e-06,0b00000000,0b00000000
"SPI","result",16.462412,4e-06,0b00000001,0b00000000
"SPI","disable",16.4624173,2.49999997e-07,,
"SPI","enable",16.4624195,2.49999997e-07,,
"SPI","result",16.4624218,4e-06,0b00000000,0b00000000
"SPI","result",16.4624265,4e-06,0b00000001,0b00000000
"SPI","result",16.4624343,4e-06,0b00000110,0b00000000
"SPI","result",16.4624388,4.25e-06,0b00000010,0b00000000
"SPI","disable",16.4624443,2.50000001e-07,,
"SPI","enable",16.4624465,2.50000005e-07,,
"SPI","result",16.4624488,4e-06,0b00000001,0b00000000
"SPI","result",16.4624532,4.25e-06,0b00001111,0b00000000
"SPI","result",16.462461,4.25e-06,0b00000000,0b00000000
"SPI","result",16.4624657,4e-06,0b00001111,0b00000000
"SPI","disable",16.462471,2.49999997e-07,,
"SPI","enable",16.462475,2.49999997e-07,,
"SPI","result",16.462477,4.25e-06,0b00000000,0b00000000
"SPI","result",16.4624817,4e-06,0b00001111,0b00000000
"SPI","result",16.4624895,4e-06,0b00000000,0b00000000
"SPI","result",16.4624942,4e-06,0b00000100,0b00000000
"SPI","disable",16.4624995,2.50000001e-07,,
"SPI","enable",16.4625018,2.49999997e-07,,
"SPI","result",16.462504,4e-06,0b00000000,0b00000000
"SPI","result",16.4625088,4e-06,0b00001011,0b00000000
"SPI","result",16.4625165,4e-06,0b00000000,0b00000000
"SPI","result",16.4625213,4e-06,0b00000001,0b00000000
"SPI","disable",16.4625265,2.49999997e-07,,
"SPI","enable",16.4625288,2.49999997e-07,,
"SPI","result",16.462531,4e-06,0b00000000,0b00000000
"SPI","result",16.4625355,4.25e-06,0b00000011,0b00000000
"SPI","result",16.4625432,4.25e-06,0b00000000,0b00000000
"SPI","result",16.462548,4e-06,0b00001111,0b00000000
"SPI","disable",16.4625532,2.49999997e-07,,
"SPI","enable",16.4627615,2.49999997e-07,,
"SPI","result",16.4627623,4.25e-06,0b00001010,0b00000000
"SPI","disable",16.4627665,2.49999997e-07,,
"SPI","enable",16.4627695,2.50000001e-07,,
"SPI","result",16.4627702,4.25e-06,0b00001110,0b00000000
"SPI","disable",16.4627745,2.50000001e-07,,
"SPI","enable",16.4627763,2.49999997e-07,,
"SPI","result",16.4627787,4e-06,0b00000000,0b00000000
"SPI","result",16.4627833,4.25e-06,0b00000101,0b00000000
"SPI","result",16.4627935,4e-06,0b00000100,0b00000000
"SPI","result",16.4627982,4e-06,0b00001001,0b00000000
"SPI","result",16.462809,4e-06,0b00000110,0b00000000
"SPI","result",16.4628137,4e-06,0b00000100,0b00000000
"SPI","result",16.4628245,4e-06,0b00000010,0b00000000
"SPI","result",16.4628292,4e-06,0b00000001,0b00000000
"SPI","result",16.46284,4e-06,0b00000110,0b00000000
"SPI","result",16.4628447,4e-06,0b00000100,0b00000000
"SPI","result",16.4628555,4e-06,0b00000010,0b00000000
"SPI","result",16.4628602,4e-06,0b00000001,0b00000000
"SPI","result",16.462871,4.25e-06,0b00000011,0b00000000
"SPI","result",16.4628757,4e-06,0b00000100,0b00000000
"SPI","result",16.4628865,4.25e-06,0b00000010,0b00000000
"SPI","result",16.4628912,4e-06,0b00000001,0b00000000
"SPI","result",16.462902,4.25e-06,0b00000001,0b00000000
"SPI","result",16.4629067,4e-06,0b00000100,0b00000000
"SPI","result",16.4629177,4e-06,0b00000010,0b00000000
"SPI","result",16.4629222,4e-06,0b00001100,0b00000000
"SPI","result",16.4629332,4e-06,0b00000001,0b00000000
"SPI","result",16.4629377,4e-06,0b00000100,0b00000000
"SPI","result",16.4629487,4e-06,0b00000010,0b00000000
"SPI","result",16.4629533,4.25e-06,0b00001100,0b00000000
"SPI","result",16.4629642,4e-06,0b00000001,0b00000000
"SPI","result",16.4629688,4.25e-06,0b00000100,0b00000000
"SPI","result",16.4629797,4e-06,0b00000010,0b00000000
"SPI","result",16.4629845,4e-06,0b00001100,0b00000000
"SPI","result",16.4629952,4e-06,0b00000001,0b00000000
"SPI","result",16.4629998,4.25e-06,0b00000100,0b00000000
"SPI","result",16.4630107,4e-06,0b00000010,0b00000000
"SPI","result",16.4630155,4e-06,0b00000001,0b00000000
"SPI","result",16.4630262,4e-06,0b00000000,0b00000000
"SPI","result",16.463031,4e-06,0b00000000,0b00000000
"SPI","disable",16.463039,2.50000005e-07,,
"SPI","enable",16.4630412,2.50000001e-07,,
"SPI","result",16.4630423,4e-06,0b00001101,0b00000000
"SPI","disable",16.4630463,2.49999997e-07,,
"SPI","enable",16.7519275,2.49999997e-07,,
"SPI","result",16.7519282,4.25e-06,0b00001010,0b00000000
"SPI","disable",16.7519325,2.50000001e-07,,
"SPI","enable",16.7519355,2.50000001e-07,,
"SPI","result",16.7519377,4e-06,0b00000010,0b00000000
"SPI","result",16.7519422,4.25e-06,0b00001000,0b00000000
"SPI","result",16.7519503,4e-06,0b00000001,0b00000000
"SPI","result",16.7519547,4e-06,0b00001111,0b00000000
"SPI","disable",16.75196,2.50000001e-07,,
"SPI","enable",16.7519622,2.50000005e-07,,
"SPI","result",16.7519645,4.25e-06,0b00000000,0b00000000
"SPI","result",16.7519692,4e-06,0b00001110,0b00000000
"SPI","result",16.751977,4e-06,0b00000000,0b00000000
"SPI","result",16.7519817,4e-06,0b00000001,0b00000000
"SPI","disable",16.751987,2.49999997e-07,,
"SPI","enable",16.7519893,2.49999997e-07,,
"SPI","result",16.7519915,4e-06,0b00000000,0b00000000
"SPI","result",16.7519963,4e-06,0b00000001,0b00000000
"SPI","result",16.752004,4e-06,0b00000110,0b00000000
"SPI","result",16.7520085,4.25e-06,0b00000010,0b00000000
"SPI","disable",16.752014,2.50000001e-07,,
"SPI","enable",16.7520163,2.50000001e-07,,
"SPI","result",16.7520185,4e-06,0b00000001,0b00000000
"SPI","result",16.752023,4e-06,0b00001111,0b00000000
"SPI","result",16.7520307,4.25e-06,0b00000000,0b00000000
"SPI","result",16.7520355,4e-06,0b00001111,0b00000000
"SPI","disable",16.7520407,2.49999997e-07,,
"SPI","enable",16.7520445,2.50000001e-07,,
"SPI","result",16.7520468,4.25e-06,0b00000000,0b00000000
"SPI","result",16.7520515,4e-06,0b00001111,0b00000000
"SPI","result",16.7520592,4e-06,0b00000000,0b00000000
"SPI","result",16.752064,4e-06,0b00000100,0b00000000
"SPI","disable",16.7520693,2.50000001e-07,,
"SPI","enable",16.7520715,2.50000001e-07,,
"SPI","result",16.7520738,4e-06,0b00000000,0b00000000
"SPI","result",16.7520785,4e-06,0b00001011,0b00000000
"SPI","result",16.7520863,4e-06,0b00000000,0b00000000
"SPI","result",16.7520908,4.25e-06,0b00000001,0b00000000
"SPI","disable",16.7520963,2.49999997e-07,,
"SPI","enable",16.7520985,2.49999997e-07,,
"SPI","result",16.7521005,4.25e-06,0b00000000,0b00000000
"SPI","result",16.7521052,4e-06,0b00000011,0b00000000
"SPI","result",16.752113,4.25e-06,0b00000000,0b00000000
"SPI","result",16.7521178,4e-06,0b00001111,0b00000000
"SPI","disable",16.752123,2.50000001e-07,,
"SPI","enable",16.7523313,2.50000001e-07,,
"SPI","result",16.752332,4.25e-06,0b00001010,0b00000000
"SPI","disable",16.7523362,2.49999997e-07,,
"SPI","enable",16.752339,2.49999997e-07,,
"SPI","result",16.75234,4e-06,0b00001110,0b00000000
"SPI","disable",16.7523443,2.49999997e-07,,
"SPI","enable",16.752346,2.50000001e-07,,
"SPI","result",16.7523485,4e-06,0b00000000,0b00000000
"SPI","result",16.752353,4.25e-06,0b00000101,0b00000000
"SPI","result",16.7523632,4e-06,0b00000100,0b00000000
"SPI","result",16.752368,4e-06,0b00001001,0b00000000
"SPI","result",16.7523787,4e-06,0b00000110,0b00000000
"SPI","result",16.7523833,4.25e-06,0b00000100,0b00000000
"SPI","result",16.7523942,4e-06,0b00000010,0b00000000
"SPI","result",16.752399,4e-06,0b00000001,0b00000000
"SPI","result",16.7524098,4e-06,0b00000110,0b00000000
"SPI","result",16.7524145,4e-06,0b00000100,0b00000000
"SPI","result",16.7524253,4e-06,0b00000010,0b00000000
"SPI","result",16.75243,4e-06,0b00000001,0b00000000
"SPI","result",16.7524408,4e-06,0b00000011,0b00000000
"SPI","result",16.7524455,4e-06,0b00000100,0b00000000
"SPI","result",16.7524563,4e-06,0b00000010,0b00000000
"SPI","result",16.752461,4e-06,0b00000001,0b00000000
"SPI","result",16.7524718,4.25e-06,0b00000001,0b00000000
"SPI","result",16.7524765,4e-06,0b00000100,0b00000000
"SPI","result",16.7524873,4.25e-06,0b00000010,0b00000000
"SPI","result",16.752492,4e-06,0b00001100,0b00000000
"SPI","result",16.7525027,4.25e-06,0b00000001,0b00000000
"SPI","result",16.7525075,4e-06,0b00000100,0b00000000
"SPI","result",16.7525185,4e-06,0b00000010,0b00000000
"SPI","result",16.752523,4e-06,0b00001100,0b00000000
"SPI","result",16.752534,4e-06,0b00000001,0b00000000
"SPI","result",16.7525385,4.25e-06,0b00000100,0b00000000
"SPI","result",16.7525495,4e-06,0b00000010,0b00000000
"SPI","result",16.752554,4.25e-06,0b00001100,0b00000000
"SPI","result",16.752565,4e-06,0b00000001,0b00000000
"SPI","result",16.7525695,4.25e-06,0b00000100,0b00000000
"SPI","result",16.7525805,4e-06,0b00000010,0b00000000
"SPI","result",16.752585,4.25e-06,0b00000001,0b00000000
"SPI","result",16.752596,4e-06,0b00000000,0b00000000
"SPI","result",16.7526007,4e-06,0b00000000,0b00000000
"SPI","disable",16.7526088,2.50000001e-07,,
"SPI","enable",16.752611,2.50000001e-07,,
"SPI","result",16.7526117,4.25e-06,0b00001101,0b00000000
"SPI","disable",16.752616,2.50000001e-07,,
"SPI","enable",17.0415467,2.50000005e-07,,
"SPI","result",17.0415475,4.25e-06,0b00001010,0b00000000
"SPI","disable",17.0415517,2.50000001e-07,,
"SPI","enable",17.0415547,2.50000001e-07,,
"SPI","result",17.041557,4e-06,0b00000010,0b00000000
"SPI","result",17.0415617,4e-06,0b00001000,0b00000000
"SPI","result",17.0415695,4e-06,0b00000001,0b00000000
"SPI","result",17.041574,4.25e-06,0b00001111,0b00000000
"SPI","disable",17.0415795,2.50000001e-07,,
"SPI","enable",17.0415817,2.50000001e-07,,
"SPI","result",17.0415838,4.25e-06,0b00000000,0b00000000
"SPI","result",17.0415885,4e-06,0b00001110,0b00000000
"SPI","result",17.0415963,4.25e-06,0b00000000,0b00000000
"SPI","result",17.041601,4e-06,0b00000001,0b00000000
"SPI","disable",17.0416063,2.50000001e-07,,
"SPI","enable",17.0416085,2.50000005e-07,,
"SPI","result",17.0416108,4e-06,0b00000000,0b00000000
"SPI","result",17.0416155,4e-06,0b00000001,0b00000000
"SPI","result",17.0416233,4e-06,0b00000110,0b00000000
"SPI","result",17.041628,4e-06,0b00000010,0b00000000
"SPI","disable",17.0416333,2.50000001e-07,,
"SPI","enable",17.0416355,2.50000001e-07,,
"SPI","result",17.0416377,4e-06,0b00000001,0b00000000
"SPI","result",17.0416422,4.25e-06,0b00001111,0b00000000
"SPI","result",17.0416502,4e-06,0b00000000,0b00000000
"SPI","result",17.0416547,4e-06,0b00001111,0b00000000
"SPI","disable",17.04166,2.50000001e-07,,
"SPI","enable",17.041664,2.50000001e-07,,
"SPI","result",17.041666,4.25e-06,0b00000000,0b00000000
"SPI","result",17.0416708,4e-06,0b00001111,0b00000000
"SPI","result",17.0416785,4.25e-06,0b00000000,0b00000000
"SPI","result",17.0416832,4e-06,0b00000100,0b00000000
"SPI","disable",17.0416885,2.49999997e-07,,
"SPI","enable",17.0416908,2.49999997e-07,,
"SPI","result",17.041693,4e-06,0b00000000,0b00000000
"SPI","result",17.0416978,4e-06,0b00001011,0b00000000
"SPI","result",17.0417055,4e-06,0b00000000,0b00000000
"SPI","result",17.0417103,4e-06,0b00000001,0b00000000
"SPI","disable",17.0417155,2.50000005e-07,,
"SPI","enable",17.0417178,2.50000001e-07,,
"SPI","result",17.04172,4e-06,0b00000000,0b00000000
"SPI","result",17.0417245,4.25e-06,0b00000011,0b00000000
"SPI","result",17.0417325,4e-06,0b00000000,0b00000000
"SPI","result",17.041737,4.25e-06,0b00001111,0b00000000
"SPI","disable",17.0417422,2.50000001e-07,,
"SPI","enable",17.0419505,2.50000001e-07,,
"SPI","result",17.0419513,4.25e-06,0b00001010,0b00000000
"SPI","disable",17.0419555,2.50000001e-07,,
"SPI","enable",17.0419585,2.49999997e-07,,
"SPI","result",17.0419593,4.25e-06,0b00001110,0b00000000
"SPI","disable",17.0419635,2.49999997e-07,,
"SPI","enable",17.0419653,2.49999997e-07,,
"SPI","result",17.0419678,4e-06,0b00000000,0b00000000
"SPI","result",17.0419723,4.25e-06,0b00000101,0b00000000
"SPI","result",17.0419825,4e-06,0b00000100,0b00000000
"SPI","result",17.0419872,4e-06,0b00001001,0b00000000
"SPI","result",17.041998,4e-06,0b00000110,0b00000000
"SPI","result",17.0420028,4e-06,0b00000100,0b00000000
"SPI","result",17.0420135,4e-06,0b00000010,0b00000000
"SPI","result",17.0420183,4e-06,0b00000001,0b00000000
"SPI","result",17.042029,4e-06,0b00000110,0b00000000
"SPI","result",17.0420338,4e-06,0b00000100,0b00000000
"SPI","result",17.0420445,4e-06,0b00000010,0b00000000
"SPI","result",17.0420493,4e-06,0b00000001,0b00000000
"SPI","result",17.04206,4e-06,0b00000011,0b00000000
"SPI","result",17.0420648,4e-06,0b00000100,0b00000000
"SPI","result",17.0420755,4e-06,0b00000010,0b00000000
"SPI","result",17.0420803,4e-06,0b00000001,0b00000000
"SPI","result",17.042091,4.25e-06,0b00000001,0b00000000
"SPI","result",17.0420958,4e-06,0b00000100,0b00000000
"SPI","result",17.0421065,4.25e-06,0b00000010,0b00000000
"SPI","result",17.0421113,4e-06,0b00001100,0b00000000
"SPI","result",17.042122,4.25e-06,0b00000001,0b00000000
"SPI","result",17.0421268,3.99999999e-06,0b00000100,0b00000000
"SPI","result",17.0421375,4.25e-06,0b00000010,0b00000000
"SPI","result",17.0421423,4e-06,0b00001100,0b00000000
"SPI","result",17.0421532,4e-06,0b00000001,0b00000000
"SPI","result",17.0421578,4e-06,0b00000100,0b00000000
"SPI","result",17.0421687,4e-06,0b00000010,0b00000000
"SPI","result",17.0421733,4e-06,0b00001100,0b00000000
"SPI","result",17.0421842,4e-06,0b00000001,0b00000000
"SPI","result",17.0421888,4.25e-06,0b00000100,0b00000000
"SPI","result",17.0421998,4e-06,0b00000010,0b00000000
"SPI","result",17.0422043,4.25e-06,0b00000001,0b00000000
"SPI","result",17.0422153,4e-06,0b00000000,0b00000000
"SPI","result",17.0422198,4.25e-06,0b00000000,0b00000000
"SPI","disable",17.042228,2.49999997e-07,,
"SPI","enable",17.04223,2.50000001e-07,,
"SPI","result",17.042231,4.25e-06,0b00001101,0b00000000
"SPI","disable",17.0422353,2.49999997e-07,,
"SPI","enable",17.3311155,2.49999997e-07,,
"SPI","result",17.3311165,4e-06,0b00001010,0b00000000
"SPI","disable",17.3311208,2.49999997e-07,,
"SPI","enable",17.3311237,2.50000001e-07,,
"SPI","result",17.3311258,4.25e-06,0b00000010,0b00000000
"SPI","result",17.3311305,4e-06,0b00001000,0b00000000
"SPI","result",17.3311382,4e-06,0b00000001,0b00000000
"SPI","result",17.331143,4e-06,0b00001111,0b00000000
"SPI","disable",17.3311482,2.50000005e-07,,
"SPI","enable",17.3311505,2.50000001e-07,,
"SPI","result",17.3311528,4e-06,0b00000000,0b00000000
"SPI","result",17.3311575,4e-06,0b00001110,0b00000000
"SPI","result",17.3311653,4e-06,0b00000000,0b00000000
"SPI","result",17.3311698,4.25e-06,0b00000001,0b00000000
"SPI","disable",17.3311753,2.50000001e-07,,
"SPI","enable",17.3311775,2.50000001e-07,,
"SPI","result",17.3311795,4.25e-06,0b00000000,0b00000000
"SPI","result",17.3311842,4e-06,0b00000001,0b00000000
"SPI","result",17.331192,4.25e-06,0b00000110,0b00000000
"SPI","result",17.3311968,4e-06,0b00000010,0b00000000
"SPI","disable",17.331202,2.50000001e-07,,
"SPI","enable",17.3312042,2.50000001e-07,,
"SPI","result",17.3312065,4e-06,0b00000001,0b00000000
"SPI","result",17.3312112,4e-06,0b00001111,0b00000000
"SPI","result",17.331219,4e-06,0b00000000,0b00000000
"SPI","result",17.3312237,4e-06,0b00001111,0b00000000
"SPI","disable",17.331229,2.50000001e-07,,
"SPI","enable",17.3312328,2.49999997e-07,,
"SPI","result",17.331235,4e-06,0b00000000,0b00000000
"SPI","result",17.3312398,4e-06,0b00001111,0b00000000
"SPI","result",17.3312475,4e-06,0b00000000,0b00000000
"SPI","result",17.331252,4.25e-06,0b00000100,0b00000000
"SPI","disable",17.3312575,2.50000001e-07,,
"SPI","enable",17.3312598,2.50000001e-07,,
"SPI","result",17.331262,4e-06,0b00000000,0b00000000
"SPI","result",17.3312665,4e-06,0b00001011,0b00000000
"SPI","result",17.3312742,4.25e-06,0b00000000,0b00000000
"SPI","result",17.331279,4e-06,0b00000001,0b00000000
"SPI","disable",17.3312842,2.49999997e-07,,
"SPI","enable",17.3312865,2.49999997e-07,,
"SPI","result",17.3312887,4e-06,0b00000000,0b00000000
"SPI","result",17.3312935,4e-06,0b00000011,0b00000000
"SPI","result",17.3313012,4e-06,0b00000000,0b00000000
"SPI","result",17.331306,4e-06,0b00001111,0b00000000
"SPI","disable",17.3313112,2.50000005e-07,,
"SPI","enable",17.3315192,2.49999997e-07,,
"SPI","result",17.3315203,4e-06,0b00001010,0b00000000
"SPI","disable",17.3315245,2.50000001e-07,,
"SPI","enable",17.3315273,2.50000001e-07,,
"SPI","result",17.3315283,4e-06,0b00001110,0b00000000
"SPI","disable",17.3315322,2.50000001e-07,,
"SPI","enable",17.3315343,2.50000001e-07,,
"SPI","result",17.3315365,4e-06,0b00000000,0b00000000
"SPI","result",17.3315413,4e-06,0b00000101,0b00000000
"SPI","result",17.3315513,4.25e-06,0b00000100,0b00000000
"SPI","result",17.331556,4e-06,0b00001001,0b00000000
"SPI","result",17.3315668,4.25e-06,0b00000110,0b00000000
"SPI","result",17.3315715,4e-06,0b00000100,0b00000000
"SPI","result",17.3315823,4.25e-06,0b00000010,0b00000000
"SPI","result",17.331587,4e-06,0b00000001,0b00000000
"SPI","result",17.3315978,4.25e-06,0b00000110,0b00000000
"SPI","result",17.3316025,4e-06,0b00000100,0b00000000
"SPI","result",17.3316135,4e-06,0b00000010,0b00000000
"SPI","result",17.331618,4e-06,0b00000001,0b00000000
"SPI","result",17.331629,4e-06,0b00000011,0b00000000
"SPI","result",17.3316335,4e-06,0b00000100,0b00000000
"SPI","result",17.3316445,4e-06,0b00000010,0b00000000
"SPI","result",17.331649,4.25e-06,0b00000001,0b00000000
"SPI","result",17.33166,4e-06,0b00000001,0b00000000
"SPI","result",17.3316645,4.25e-06,0b00000100,0b00000000
"SPI","result",17.3316755,4e-06,0b00000010,0b00000000
"SPI","result",17.3316803,4e-06,0b00001100,0b00000000
"SPI","result",17.331691,4e-06,0b00000001,0b00000000
"SPI","result",17.3316955,4.25e-06,0b00000100,0b00000000
"SPI","result",17.3317065,4e-06,0b00000010,0b00000000
"SPI","result",17.3317113,4e-06,0b00001100,0b00000000
"SPI","result",17.331722,4e-06,0b00000001,0b00000000
"SPI","result",17.3317268,4e-06,0b00000100,0b00000000
"SPI","result",17.3317375,4e-06,0b00000010,0b00000000
"SPI","result",17.3317423,4e-06,0b00001100,0b00000000
"SPI","result",17.331753,4e-06,0b00000001,0b00000000
"SPI","result",17.3317578,4e-06,0b00000100,0b00000000
"SPI","result",17.3317685,4e-06,0b00000010,0b00000000
"SPI","result",17.3317733,4e-06,0b00000001,0b00000000
"SPI","result",17.331784,4e-06,0b00000000,0b00000000
"SPI","result",17.3317888,4e-06,0b00000000,0b00000000
"SPI","disable",17.3317967,2.50000005e-07,,
"SPI","enable",17.331799,2.50000001e-07,,
"SPI","result",17.3318,4e-06,0b00001101,0b00000000
"SPI","disable",17.3318043,2.50000001e-07,,
"SPI","enable",17.6206832,2.50000001e-07,,
"SPI","result",17.6206843,4e-06,0b00001010,0b00000000
"SPI","disable",17.6206885,2.50000001e-07,,
"SPI","enable",17.6206913,2.50000001e-07,,
"SPI","result",17.6206935,4e-06,0b00000010,0b00000000
"SPI","result",17.6206983,4e-06,0b00001000,0b00000000
"SPI","result",17.620706,4e-06,0b00000001,0b00000000
"SPI","result",17.6207108,4e-06,0b00001111,0b00000000
"SPI","disable",17.620716,2.50000001e-07,,
"SPI","enable",17.6207182,2.50000001e-07,,
"SPI","result",17.6207205,4e-06,0b00000000,0b00000000
"SPI","result",17.6207252,4e-06,0b00001110,0b00000000
"SPI","result",17.620733,4e-06,0b00000000,0b00000000
"SPI","result",17.6207375,4.25e-06,0b00000001,0b00000000
"SPI","disable",17.620743,2.49999997e-07,,
"SPI","enable",17.6207452,2.50000001e-07,,
"SPI","result",17.6207473,4.25e-06,0b00000000,0b00000000
"SPI","result",17.620752,4e-06,0b00000001,0b00000000
"SPI","result",17.6207598,4.25e-06,0b00000110,0b00000000
"SPI","result",17.6207645,4e-06,0b00000010,0b00000000
"SPI","disable",17.6207698,2.50000001e-07,,
"SPI","enable",17.620772,2.50000005e-07,,
"SPI","result",17.6207743,4e-06,0b00000001,0b00000000
"SPI","result",17.620779,4e-06,0b00001111,0b00000000
"SPI","result",17.6207868,4e-06,0b00000000,0b00000000
"SPI","result",17.6207915,4e-06,0b00001111,0b00000000
"SPI","disable",17.6207968,2.49999997e-07,,
"SPI","enable",17.6208005,2.50000001e-07,,
"SPI","result",17.6208027,4e-06,0b00000000,0b00000000
"SPI","result",17.6208075,4e-06,0b00001111,0b00000000
"SPI","result",17.6208152,4e-06,0b00000000,0b00000000
"SPI","result",17.6208197,4.25e-06,0b00000100,0b00000000
"SPI","disable",17.620825,2.49999997e-07,,
"SPI","enable",17.6208275,2.50000001e-07,,
"SPI","result",17.6208295,4.25e-06,0b00000000,0b00000000
"SPI","result",17.6208343,4e-06,0b00001011,0b00000000
"SPI","result",17.620842,4.25e-06,0b00000000,0b00000000
"SPI","result",17.6208467,4e-06,0b00000001,0b00000000
"SPI","disable",17.620852,2.50000001e-07,,
"SPI","enable",17.6208543,2.50000001e-07,,
"SPI","result",17.6208565,4e-06,0b00000000,0b00000000
"SPI","result",17.6208613,4e-06,0b00000011,0b00000000
"SPI","result",17.620869,4e-06,0b00000000,0b00000000
"SPI","result",17.6208738,4e-06,0b00001111,0b00000000
"SPI","disable",17.620879,2.50000005e-07,,
"SPI","enable",17.621087,2.49999997e-07,,
"SPI","result",17.621088,4e-06,0b00001010,0b00000000
"SPI","disable",17.6210923,2.49999997e-07,,
"SPI","enable",17.621095,2.49999997e-07,,
"SPI","result",17.621096,4e-06,0b00001110,0b00000000
"SPI","disable",17.6211003,2.49999997e-07,,
"SPI","enable",17.621102,2.50000001e-07,,
"SPI","result",17.6211042,4e-06,0b00000000,0b00000000
"SPI","result",17.621109,4e-06,0b00000101,0b00000000
"SPI","result",17.621119,4.25e-06,0b00000100,0b00000000
"SPI","result",17.6211237,4e-06,0b00001001,0b00000000
"SPI","result",17.6211345,4.25e-06,0b00000110,0b00000000
"SPI","result",17.6211392,4e-06,0b00000100,0b00000000
"SPI","result",17.62115,4.25e-06,0b00000010,0b00000000
"SPI","result",17.6211547,4e-06,0b00000001,0b00000000
"SPI","result",17.6211657,4e-06,0b00000110,0b00000000
"SPI","result",17.6211702,4e-06,0b00000100,0b00000000
"SPI","result",17.6211812,4e-06,0b00000010,0b00000000
"SPI","result",17.6211857,4.25e-06,0b00000001,0b00000000
"SPI","result",17.6211967,4e-06,0b00000011,0b00000000
"SPI","result",17.6212012,4.25e-06,0b00000100,0b00000000
"SPI","result",17.6212122,4e-06,0b00000010,0b00000000
"SPI","result",17.6212167,4.25e-06,0b00000001,0b00000000
"SPI","result",17.6212277,4e-06,0b00000001,0b00000000
"SPI","result",17.6212322,4.25e-06,0b00000100,0b00000000
"SPI","result",17.6212432,4e-06,0b00000010,0b00000000
"SPI","result",17.621248,4e-06,0b00001100,0b00000000
"SPI","result",17.6212588,4e-06,0b00000001,0b00000000
"SPI","result",17.6212635,4e-06,0b00000100,0b00000000
"SPI","result",17.6212742,4e-06,0b00000010,0b00000000
"SPI","result",17.621279,4e-06,0b00001100,0b00000000
"SPI","result",17.6212897,4e-06,0b00000001,0b00000000
"SPI","result",17.6212945,4e-06,0b00000100,0b00000000
"SPI","result",17.6213052,4e-06,0b00000010,0b00000000
"SPI","result",17.62131,4e-06,0b00001100,0b00000000
"SPI","result",17.6213207,4e-06,0b00000001,0b00000000
"SPI","result",17.6213255,4e-06,0b00000100,0b00000000
"SPI","result",17.6213362,4.25e-06,0b00000010,0b00000000
"SPI","result",17.621341,4e-06,0b00000001,0b00000000
"SPI","result",17.6213517,4.25e-06,0b00000000,0b00000000
"SPI","result",17.6213565,4e-06,0b00000000,0b00000000
"SPI","disable",17.6213645,2.50000001e-07,,
"SPI","enable",17.6213667,2.49999997e-07,,
"SPI","result",17.6213678,4e-06,0b00001101,0b00000000
"SPI","disable",17.621372,2.50000001e-07,,
"SPI","enable",17.9102692,2.50000001e-07,,
"SPI","result",17.9102702,4e-06,0b00001010,0b00000000
"SPI","disable",17.9102745,2.50000001e-07,,
"SPI","enable",17.9102773,2.50000001e-07,,
"SPI","result",17.9102795,4.25e-06,0b00000010,0b00000000
"SPI","result",17.9102843,4e-06,0b00001000,0b00000000
"SPI","result",17.910292,4e-06,0b00000001,0b00000000
"SPI","result",17.9102968,4e-06,0b00001111,0b00000000
"SPI","disable",17.910302,2.49999997e-07,,
"SPI","enable",17.9103042,2.49999997e-07,,
"SPI","result",17.9103065,4e-06,0b00000000,0b00000000
"SPI","result",17.9103112,4e-06,0b00001110,0b00000000
"SPI","result",17.910319,4e-06,0b00000000,0b00000000
"SPI","result",17.9103235,4.25e-06,0b00000001,0b00000000
"SPI","disable",17.910329,2.49999997e-07,,
"SPI","enable",17.9103312,2.50000001e-07,,
"SPI","result",17.9103333,4.25e-06,0b00000000,0b00000000
"SPI","result",17.910338,4e-06,0b00000001,0b00000000
"SPI","result",17.9103458,4.25e-06,0b00000110,0b00000000
"SPI","result",17.9103505,4e-06,0b00000010,0b00000000
"SPI","disable",17.9103558,2.49999997e-07,,
"SPI","enable",17.910358,2.50000001e-07,,
"SPI","result",17.9103603,4e-06,0b00000001,0b00000000
"SPI","result",17.910365,4e-06,0b00001111,0b00000000
"SPI","result",17.9103728,4e-06,0b00000000,0b00000000
"SPI","result",17.9103775,4e-06,0b00001111,0b00000000
"SPI","disable",17.9103828,2.49999997e-07,,
"SPI","enable",17.9103865,2.50000001e-07,,
"SPI","result",17.9103887,4e-06,0b00000000,0b00000000
"SPI","result",17.9103935,4e-06,0b00001111,0b00000000
"SPI","result",17.9104012,4e-06,0b00000000,0b00000000
"SPI","result",17.910406,4e-06,0b00000100,0b00000000
"SPI","disable",17.9104113,2.49999997e-07,,
"SPI","enable",17.9104135,2.49999997e-07,,
"SPI","result",17.9104157,4e-06,0b00000000,0b00000000
"SPI","result",17.9104203,4.25e-06,0b00001011,0b00000000
"SPI","result",17.910428,4.25e-06,0b00000000,0b00000000
"SPI","result",17.9104327,4e-06,0b00000001,0b00000000
"SPI","disable",17.910438,2.50000001e-07,,
"SPI","enable",17.9104403,2.50000001e-07,,
"SPI","result",17.9104425,4.25e-06,0b00000000,0b00000000
"SPI","result",17.9104473,4e-06,0b00000011,0b00000000
"SPI","result",17.910455,4e-06,0b00000000,0b00000000
"SPI","result",17.9104598,4e-06,0b00001111,0b00000000
"SPI","disable",17.910465,2.50000001e-07,,
"SPI","enable",17.910673,2.50000001e-07,,
"SPI","result",17.910674,4e-06,0b00001010,0b00000000
"SPI","disable",17.9106783,2.49999997e-07,,
"SPI","enable",17.910681,2.50000001e-07,,
"SPI","result",17.910682,4e-06,0b00001110,0b00000000
"SPI","disable",17.9106863,2.49999997e-07,,
"SPI","enable",17.910688,2.49999997e-07,,
"SPI","result",17.9106902,4.25e-06,0b00000000,0b00000000
"SPI","result",17.910695,4e-06,0b00000101,0b00000000
"SPI","result",17.9107052,4e-06,0b00000100,0b00000000
"SPI","result",17.9107097,4.25e-06,0b00001001,0b00000000
"SPI","result",17.9107207,4e-06,0b00000110,0b00000000
"SPI","result",17.9107252,4.25e-06,0b00000100,0b00000000
"SPI","result",17.9107362,4e-06,0b00000010,0b00000000
"SPI","result",17.9107407,4.25e-06,0b00000001,0b00000000
"SPI","result",17.9107517,4e-06,0b00000110,0b00000000
"SPI","result",17.9107565,4e-06,0b00000100,0b00000000
"SPI","result",17.9107672,4e-06,0b00000010,0b00000000
"SPI","result",17.910772,4e-06,0b00000001,0b00000000
"SPI","result",17.9107827,4e-06,0b00000011,0b00000000
"SPI","result",17.9107875,4e-06,0b00000100,0b00000000
"SPI","result",17.9107982,4e-06,0b00000010,0b00000000
"SPI","result",17.910803,4e-06,0b00000001,0b00000000
"SPI","result",17.9108137,4.25e-06,0b00000001,0b00000000
"SPI","result",17.9108185,4e-06,0b00000100,0b00000000
"SPI","result",17.9108292,4.25e-06,0b00000010,0b00000000
"SPI","result",17.910834,4e-06,0b00001100,0b00000000
"SPI","result",17.9108447,4.25e-06,0b00000001,0b00000000
"SPI","result",17.9108495,4e-06,0b00000100,0b00000000
"SPI","result",17.9108605,4e-06,0b00000010,0b00000000
"SPI","result",17.910865,4e-06,0b00001100,0b00000000
"SPI","result",17.910876,4e-06,0b00000001,0b00000000
"SPI","result",17.9108805,4.25e-06,0b00000100,0b00000000
"SPI","result",17.9108915,4e-06,0b00000010,0b00000000
"SPI","result",17.910896,4.25e-06,0b00001100,0b00000000
"SPI","result",17.910907,4e-06,0b00000001,0b00000000
"SPI","result",17.9109115,4.25e-06,0b00000100,0b00000000
"SPI","result",17.9109225,4e-06,0b00000010,0b00000000
"SPI","result",17.910927,4.25e-06,0b00000001,0b00000000
"SPI","result",17.910938,4e-06,0b00000000,0b00000000
"SPI","result",17.9109428,4e-06,0b00000000,0b00000000
"SPI","disable",17.9109508,2.50000001e-07,,
"SPI","enable",17.910953,2.50000001e-07,,
"SPI","result",17.910954,4e-06,0b00001101,0b00000000
"SPI","disable",17.910958,2.49999997e-07,,
"SPI","enable",18.1998615,2.50000001e-07,,
"SPI","result",18.1998625,4.25e-06,0b00001010,0b00000000
"SPI","disable",18.1998668,2.50000001e-07,,
"SPI","enable",18.1998698,2.49999997e-07,,
"SPI","result",18.199872,4e-06,0b00000010,0b00000000
"SPI","result",18.1998765,4e-06,0b00001000,0b00000000
"SPI","result",18.1998843,4.25e-06,0b00000001,0b00000000
"SPI","result",18.199889,4e-06,0b00001111,0b00000000
"SPI","disable",18.1998942,2.49999997e-07,,
"SPI","enable",18.1998965,2.49999997e-07,,
"SPI","result",18.1998987,4e-06,0b00000000,0b00000000
"SPI","result",18.1999035,4e-06,0b00001110,0b00000000
"SPI","result",18.1999112,4e-06,0b00000000,0b00000000
"SPI","result",18.199916,4e-06,0b00000001,0b00000000
"SPI","disable",18.1999212,2.49999997e-07,,
"SPI","enable",18.1999235,2.50000001e-07,,
"SPI","result",18.1999257,4e-06,0b00000000,0b00000000
"SPI","result",18.1999303,4.25e-06,0b00000001,0b00000000
"SPI","result",18.1999382,4e-06,0b00000110,0b00000000
"SPI","result",18.1999428,4.25e-06,0b00000010,0b00000000
"SPI","disable",18.199948,2.49999997e-07,,
"SPI","enable",18.1999505,2.50000001e-07,,
"SPI","result",18.1999525,4.25e-06,0b00000001,0b00000000
"SPI","result",18.1999573,4e-06,0b00001111,0b00000000
"SPI","result",18.199965,4.25e-06,0b00000000,0b00000000
"SPI","result",18.1999698,4e-06,0b00001111,0b00000000
"SPI","disable",18.199975,2.50000005e-07,,
"SPI","enable",18.1999787,2.50000001e-07,,
"SPI","result",18.199981,4e-06,0b00000000,0b00000000
"SPI","result",18.1999857,4e-06,0b00001111,0b00000000
"SPI","result",18.1999935,4e-06,0b00000000,0b00000000
"SPI","result",18.1999983,4e-06,0b00000100,0b00000000
"SPI","disable",18.2000035,2.49999997e-07,,
"SPI","enable",18.2000057,2.49999997e-07,,
"SPI","result",18.200008,4e-06,0b00000000,0b00000000
"SPI","result",18.2000127,4e-06,0b00001011,0b00000000
"SPI","result",18.2000205,4e-06,0b00000000,0b00000000
"SPI","result",18.200025,4.25e-06,0b00000001,0b00000000
"SPI","disable",18.2000303,2.50000001e-07,,
"SPI","enable",18.2000327,2.50000001e-07,,
"SPI","result",18.2000348,4.25e-06,0b00000000,0b00000000
"SPI","result",18.2000395,4e-06,0b00000011,0b00000000
"SPI","result",18.2000473,4.25e-06,0b00000000,0b00000000
"SPI","result",18.200052,4e-06,0b00001111,0b00000000
"SPI","disable",18.2000573,2.49999997e-07,,
"SPI","enable",18.2002653,2.50000001e-07,,
"SPI","result",18.2002662,4e-06,0b00001010,0b00000000
"SPI","disable",18.2002705,2.50000001e-07,,
"SPI","enable",18.2002732,2.50000005e-07,,
"SPI","result",18.2002742,4e-06,0b00001110,0b00000000
"SPI","disable",18.2002785,2.49999997e-07,,
"SPI","enable",18.2002802,2.50000001e-07,,
"SPI","result",18.2002825,4e-06,0b00000000,0b00000000
"SPI","result",18.2002872,4e-06,0b00000101,0b00000000
"SPI","result",18.2002972,4.25e-06,0b00000100,0b00000000
"SPI","result",18.200302,4e-06,0b00001001,0b00000000
"SPI","result",18.2003127,4.25e-06,0b00000110,0b00000000
"SPI","result",18.2003175,4e-06,0b00000100,0b00000000
"SPI","result",18.2003285,4e-06,0b00000010,0b00000000
"SPI","result",18.200333,4e-06,0b00000001,0b00000000
"SPI","result",18.200344,4e-06,0b00000110,0b00000000
"SPI","result",18.2003485,4e-06,0b00000100,0b00000000
"SPI","result",18.2003595,4e-06,0b00000010,0b00000000
"SPI","result",18.200364,4.25e-06,0b00000001,0b00000000
"SPI","result",18.200375,4e-06,0b00000011,0b00000000
"SPI","result",18.2003795,4.25e-06,0b00000100,0b00000000
"SPI","result",18.2003905,4e-06,0b00000010,0b00000000
"SPI","result",18.200395,4.25e-06,0b00000001,0b00000000
"SPI","result",18.200406,4e-06,0b00000001,0b00000000
"SPI","result",18.2004105,4.25e-06,0b00000100,0b00000000
"SPI","result",18.2004215,4e-06,0b00000010,0b00000000
"SPI","result",18.2004262,4e-06,0b00001100,0b00000000
"SPI","result",18.200437,4e-06,0b00000001,0b00000000
"SPI","result",18.2004417,4e-06,0b00000100,0b00000000
"SPI","result",18.2004525,4e-06,0b00000010,0b00000000
"SPI","result",18.2004572,4e-06,0b00001100,0b00000000
"SPI","result",18.200468,4e-06,0b00000001,0b00000000
"SPI","result",18.2004727,4e-06,0b00000100,0b00000000
"SPI","result",18.2004835,4e-06,0b00000010,0b00000000
"SPI","result",18.2004882,4e-06,0b00001100,0b00000000
"SPI","result",18.200499,4e-06,0b00000001,0b00000000
"SPI","result",18.2005037,4e-06,0b00000100,0b00000000
"SPI","result",18.2005145,4e-06,0b00000010,0b00000000
"SPI","result",18.2005192,4e-06,0b00000001,0b00000000
"SPI","result",18.20053,4.25e-06,0b00000000,0b00000000
"SPI","result",18.2005347,4e-06,0b00000000,0b00000000
"SPI","disable",18.2005428,2.50000001e-07,,
"SPI","enable",18.200545,2.50000001e-07,,
"SPI","result",18.200546,4e-06,0b00001101,0b00000000
"SPI","disable",18.2005502,2.49999997e-07,,
"SPI","enable",18.4894305,2.49999997e-07,,
"SPI","result",18.4894315,4e-06,0b00001010,0b00000000
"SPI","disable",18.4894355,2.49999997e-07,,
"SPI","enable",18.4894385,2.50000001e-07,,
"SPI","result",18.4894407,4e-06,0b00000010,0b00000000
"SPI","result",18.4894455,4e-06,0b00001000,0b00000000
"SPI","result",18.4894533,4e-06,0b00000001,0b00000000
"SPI","result",18.4894577,4.25e-06,0b00001111,0b00000000
"SPI","disable",18.4894633,2.49999997e-07,,
"SPI","enable",18.4894655,2.49999997e-07,,
"SPI","result",18.4894675,4.25e-06,0b00000000,0b00000000
"SPI","result",18.4894722,4e-06,0b00001110,0b00000000
"SPI","result",18.48948,4.25e-06,0b00000000,0b00000000
"SPI","result",18.4894847,4e-06,0b00000001,0b00000000
"SPI","disable",18.48949,2.49999997e-07,,
"SPI","enable",18.4894923,2.49999997e-07,,
"SPI","result",18.4894945,4e-06,0b00000000,0b00000000
"SPI","result",18.4894993,4e-06,0b00000001,0b00000000
"SPI","result",18.489507,4e-06,0b00000110,0b00000000
"SPI","result",18.4895117,4e-06,0b00000010,0b00000000
"SPI","disable",18.489517,2.49999997e-07,,
"SPI","enable",18.4895193,2.49999997e-07,,
"SPI","result",18.4895215,4e-06,0b00000001,0b00000000
"SPI","result",18.4895263,4e-06,0b00001111,0b00000000
"SPI","result",18.489534,4e-06,0b00000000,0b00000000
"SPI","result",18.4895385,4.25e-06,0b00001111,0b00000000
"SPI","disable",18.489544,2.50000005e-07,,
"SPI","enable",18.4895477,2.49999997e-07,,
"SPI","result",18.4895497,4.25e-06,0b00000000,0b00000000
"SPI","result",18.4895545,4e-06,0b00001111,0b00000000
"SPI","result",18.4895622,4.25e-06,0b00000000,0b00000000
"SPI","result",18.489567,4e-06,0b00000100,0b00000000
"SPI","disable",18.4895722,2.50000005e-07,,
"SPI","enable",18.4895745,2.50000001e-07,,
"SPI","result",18.4895768,4e-06,0b00000000,0b00000000
"SPI","result",18.4895815,4e-06,0b00001011,0b00000000
"SPI","result",18.4895893,4e-06,0b00000000,0b00000000
"SPI","result",18.489594,4e-06,0b00000001,0b00000000
"SPI","disable",18.4895993,2.49999997e-07,,
"SPI","enable",18.4896015,2.49999997e-07,,
"SPI","result",18.4896038,4e-06,0b00000000,0b00000000
"SPI","result",18.4896082,4.25e-06,0b00000011,0b00000000
"SPI","result",18.4896163,4e-06,0b00000000,0b00000000
"SPI","result",18.4896208,4.25e-06,0b00001111,0b00000000
"SPI","disable",18.489626,2.50000001e-07,,
"SPI","enable",18.4898343,2.50000001e-07,,
"SPI","result",18.489835,4.25e-06,0b00001010,0b00000000
"SPI","disable",18.4898392,2.49999997e-07,,
"SPI","enable",18.4898422,2.50000005e-07,,
"SPI","result",18.489843,4.25e-06,0b00001110,0b00000000
"SPI","disable",18.4898473,2.50000001e-07,,
"SPI","enable",18.489849,2.50000001e-07,,
"SPI","result",18.4898515,4e-06,0b00000000,0b00000000
"SPI","result",18.489856,4.25e-06,0b00000101,0b00000000
"SPI","result",18.4898662,4e-06,0b00000100,0b00000000
"SPI","result",18.489871,4e-06,0b00001001,0b00000000
"SPI","result",18.4898817,4e-06,0b00000110,0b00000000
"SPI","result",18.4898865,4e-06,0b00000100,0b00000000
"SPI","result",18.4898972,4e-06,0b00000010,0b00000000
"SPI","result",18.489902,4e-06,0b00000001,0b00000000
"SPI","result",18.4899127,4e-06,0b00000110,0b00000000
"SPI","result",18.4899175,4e-06,0b00000100,0b00000000
"SPI","result",18.4899282,4e-06,0b00000010,0b00000000
"SPI","result",18.489933,4e-06,0b00000001,0b00000000
"SPI","result",18.4899437,4.25e-06,0b00000011,0b00000000
"SPI","result",18.4899485,4e-06,0b00000100,0b00000000
"SPI","result",18.4899592,4.25e-06,0b00000010,0b00000000
"SPI","result",18.489964,4e-06,0b00000001,0b00000000
"SPI","result",18.4899747,4.25000001e-06,0b00000001,0b00000000
"SPI","result",18.4899795,4e-06,0b00000100,0b00000000
"SPI","result",18.4899903,4.25e-06,0b00000010,0b00000000
"SPI","result",18.489995,4e-06,0b00001100,0b00000000
"SPI","result",18.490006,4e-06,0b00000001,0b00000000
"SPI","result",18.4900105,4e-06,0b00000100,0b00000000
"SPI","result",18.4900215,4e-06,0b00000010,0b00000000
"SPI","result",18.490026,4e-06,0b00001100,0b00000000
"SPI","result",18.490037,4e-06,0b00000001,0b00000000
"SPI","result",18.4900415,4.25e-06,0b00000100,0b00000000
"SPI","result",18.4900525,4e-06,0b00000010,0b00000000
"SPI","result",18.490057,4.25e-06,0b00001100,0b00000000
"SPI","result",18.490068,4e-06,0b00000001,0b00000000
"SPI","result",18.4900725,4.25e-06,0b00000100,0b00000000
"SPI","result",18.4900835,4e-06,0b00000010,0b00000000
"SPI","result",18.490088,4.25e-06,0b00000001,0b00000000
"SPI","result",18.490099,4e-06,0b00000000,0b00000000
"SPI","result",18.4901037,4e-06,0b00000000,0b00000000
"SPI","disable",18.4901118,2.50000001e-07,,
"SPI","enable",18.490114,2.50000005e-07,,
"SPI","result",18.490115,4e-06,0b00001101,0b00000000
"SPI","disable",18.490119,2.50000001e-07,,
"SPI","enable",18.7432653,2.50000001e-07,,
"SPI","result",18.743266,4.25e-06,0b00001010,0b00000000
"SPI","disable",18.7432702,2.50000005e-07,,
"SPI","enable",18.7432733,2.49999997e-07,,
"SPI","result",18.7432755,4e-06,0b00000010,0b00000000
"SPI","result",18.7432803,4e-06,0b00001000,0b00000000
"SPI","result",18.743288,4e-06,0b00000001,0b00000000
"SPI","result",18.7432925,4.25e-06,0b00001111,0b00000000
"SPI","disable",18.743298,2.50000001e-07,,
"SPI","enable",18.7433003,2.50000001e-07,,
"SPI","result",18.7433022,4.25e-06,0b00000000,0b00000000
"SPI","result",18.743307,4e-06,0b00001110,0b00000000
"SPI","result",18.7433147,4.25e-06,0b00000000,0b00000000
"SPI","result",18.7433195,4e-06,0b00000001,0b00000000
"SPI","disable",18.7433247,2.49999997e-07,,
"SPI","enable",18.743327,2.49999997e-07,,
"SPI","result",18.7433292,4e-06,0b00000000,0b00000000
"SPI","result",18.743334,4e-06,0b00000001,0b00000000
"SPI","result",18.7433417,4e-06,0b00000110,0b00000000
"SPI","result",18.7433465,4e-06,0b00000010,0b00000000
"SPI","disable",18.7433517,2.50000005e-07,,
"SPI","enable",18.743354,2.50000001e-07,,
"SPI","result",18.7433563,4e-06,0b00000001,0b00000000
"SPI","result",18.7433608,4.25e-06,0b00001111,0b00000000
"SPI","result",18.7433687,4e-06,0b00000000,0b00000000
"SPI","result",18.7433733,4.25e-06,0b00001111,0b00000000
"SPI","disable",18.7433785,2.50000001e-07,,
"SPI","enable",18.7433825,2.49999997e-07,,
"SPI","result",18.7433845,4.25e-06,0b00000000,0b00000000
"SPI","result",18.7433892,4e-06,0b00001111,0b00000000
"SPI","result",18.743397,4.25e-06,0b00000000,0b00000000
"SPI","result",18.7434018,4e-06,0b00000100,0b00000000
"SPI","disable",18.743407,2.49999997e-07,,
"SPI","enable",18.7434092,2.49999997e-07,,
"SPI","result",18.7434115,4e-06,0b00000000,0b00000000
"SPI","result",18.7434162,4e-06,0b00001011,0b00000000
"SPI","result",18.743424,4e-06,0b00000000,0b00000000
"SPI","result",18.7434287,4e-06,0b00000001,0b00000000
"SPI","disable",18.743434,2.49999997e-07,,
"SPI","enable",18.7434362,2.50000001e-07,,
"SPI","result",18.7434385,4e-06,0b00000000,0b00000000
"SPI","result",18.743443,4.25e-06,0b00000011,0b00000000
"SPI","result",18.743451,4e-06,0b00000000,0b00000000
"SPI","result",18.7434555,4.25e-06,0b00001111,0b00000000
"SPI","disable",18.7434608,2.49999997e-07,,
"SPI","enable",18.743669,2.49999997e-07,,
"SPI","result",18.7436697,4.25e-06,0b00001010,0b00000000
"SPI","disable",18.743674,2.50000001e-07,,
"SPI","enable",18.743677,2.49999997e-07,,
"SPI","result",18.743678,4e-06,0b00001110,0b00000000
"SPI","disable",18.743682,2.49999997e-07,,
"SPI","enable",18.7436837,2.49999997e-07,,
"SPI","result",18.7436862,4e-06,0b00000000,0b00000000
"SPI","result",18.7436907,4.25e-06,0b00000101,0b00000000
"SPI","result",18.743701,4e-06,0b00000100,0b00000000
"SPI","result",18.7437058,4e-06,0b00001001,0b00000000
"SPI","result",18.7437165,4e-06,0b00000110,0b00000000
"SPI","result",18.7437213,4e-06,0b00000100,0b00000000
"SPI","result",18.743732,4e-06,0b00000010,0b00000000
"SPI","result",18.7437368,4e-06,0b00000001,0b00000000
"SPI","result",18.7437475,4.25e-06,0b00000110,0b00000000
"SPI","result",18.7437523,4e-06,0b00000100,0b00000000
"SPI","result",18.743763,4.25e-06,0b00000010,0b00000000
"SPI","result",18.7437677,4e-06,0b00000001,0b00000000
"SPI","result",18.7437785,4.25e-06,0b00000011,0b00000000
"SPI","result",18.7437832,4e-06,0b00000100,0b00000000
"SPI","result",18.7437943,4e-06,0b00000010,0b00000000
"SPI","result",18.7437987,4e-06,0b00000001,0b00000000
"SPI","result",18.7438098,4e-06,0b00000001,0b00000000
"SPI","result",18.7438142,4e-06,0b00000100,0b00000000
"SPI","result",18.7438253,4e-06,0b00000010,0b00000000
"SPI","result",18.7438297,4.25e-06,0b00001100,0b00000000
"SPI","result",18.7438408,4e-06,0b00000001,0b00000000
"SPI","result",18.7438452,4.25e-06,0b00000100,0b00000000
"SPI","result",18.7438563,4e-06,0b00000010,0b00000000
"SPI","result",18.743861,4e-06,0b00001100,0b00000000
"SPI","result",18.7438718,4e-06,0b00000001,0b00000000
"SPI","result",18.7438765,4e-06,0b00000100,0b00000000
"SPI","result",18.7438873,4e-06,0b00000010,0b00000000
"SPI","result",18.743892,4e-06,0b00001100,0b00000000
"SPI","result",18.7439028,4e-06,0b00000001,0b00000000
"SPI","result",18.7439075,4e-06,0b00000100,0b00000000
"SPI","result",18.7439183,4e-06,0b00000010,0b00000000
"SPI","result",18.743923,4e-06,0b00000001,0b00000000
"SPI","result",18.7439338,4e-06,0b00000000,0b00000000
"SPI","result",18.7439385,4e-06,0b00000000,0b00000000
"SPI","disable",18.7439465,2.50000001e-07,,
"SPI","enable",18.7439488,2.50000001e-07,,
"SPI","result",18.7439497,4e-06,0b00001101,0b00000000
"SPI","disable",18.743954,2.50000005e-07,,
"SPI","enable",18.781127,2.50000001e-07,,
"SPI","result",18.781128,4e-06,0b00001010,0b00000000
"SPI","disable",18.781132,2.50000001e-07,,
"SPI","enable",18.781135,2.50000001e-07,,
"SPI","result",18.7811373,4e-06,0b00000010,0b00000000
"SPI","result",18.781142,4e-06,0b00001000,0b00000000
"SPI","result",18.7811498,4e-06,0b00000001,0b00000000
"SPI","result",18.7811545,4e-06,0b00001111,0b00000000
"SPI","disable",18.7811598,2.50000001e-07,,
"SPI","enable",18.781162,2.50000005e-07,,
"SPI","result",18.781164,4.25e-06,0b00000000,0b00000000
"SPI","result",18.7811687,4e-06,0b00001110,0b00000000
"SPI","result",18.7811765,4.25e-06,0b00000000,0b00000000
"SPI","result",18.7811812,4e-06,0b00000001,0b00000000
"SPI","disable",18.7811865,2.50000001e-07,,
"SPI","enable",18.7811887,2.50000005e-07,,
"SPI","result",18.781191,4e-06,0b00000000,0b00000000
"SPI","result",18.7811957,4e-06,0b00000001,0b00000000
"SPI","result",18.7812035,4e-06,0b00000110,0b00000000
"SPI","result",18.7812082,4e-06,0b00000010,0b00000000
"SPI","disable",18.7812135,2.50000001e-07,,
"SPI","enable",18.7812158,2.49999997e-07,,
"SPI","result",18.781218,4e-06,0b00000001,0b00000000
"SPI","result",18.7812228,4e-06,0b00001111,0b00000000
"SPI","result",18.7812305,4e-06,0b00000000,0b00000000
"SPI","result",18.781235,4.25e-06,0b00001111,0b00000000
"SPI","disable",18.7812405,2.49999997e-07,,
"SPI","enable",18.7812443,2.50000001e-07,,
"SPI","result",18.7812462,4.25e-06,0b00000000,0b00000000
"SPI","result",18.781251,4e-06,0b00001111,0b00000000
"SPI","result",18.7812587,4.25e-06,0b00000000,0b00000000
"SPI","result",18.7812635,4e-06,0b00000100,0b00000000
"SPI","disable",18.7812687,2.50000001e-07,,
"SPI","enable",18.781271,2.49999997e-07,,
"SPI","result",18.7812733,4e-06,0b00000000,0b00000000
"SPI","result",18.781278,4e-06,0b00001011,0b00000000
"SPI","result",18.7812857,4e-06,0b00000000,0b00000000
"SPI","result",18.7812905,4e-06,0b00000001,0b00000000
"SPI","disable",18.7812958,2.50000001e-07,,
"SPI","enable",18.781298,2.50000001e-07,,
"SPI","result",18.7813003,4e-06,0b00000000,0b00000000
"SPI","result",18.7813048,4.25e-06,0b00000011,0b00000000
"SPI","result",18.7813128,4e-06,0b00000000,0b00000000
"SPI","result",18.7813175,4e-06,0b00001111,0b00000000
"SPI","disable",18.7813228,2.50000001e-07,,
"SPI","enable",18.7815308,2.50000001e-07,,
"SPI","result",18.7815317,4e-06,0b00001010,0b00000000
"SPI","disable",18.7815357,2.50000001e-07,,
"SPI","enable",18.7815387,2.49999997e-07,,
"SPI","result",18.7815398,4e-06,0b00001110,0b00000000
"SPI","disable",18.7815438,2.50000001e-07,,
"SPI","enable",18.7815457,2.49999997e-07,,
"SPI","result",18.781548,4e-06,0b00000000,0b00000000
"SPI","result",18.7815527,4e-06,0b00000101,0b00000000
"SPI","result",18.7815627,4.25e-06,0b00000100,0b00000000
"SPI","result",18.7815675,4e-06,0b00001001,0b00000000
"SPI","result",18.7815782,4.25e-06,0b00000110,0b00000000
"SPI","result",18.781583,4e-06,0b00000100,0b00000000
"SPI","result",18.7815937,4.25e-06,0b00000010,0b00000000
"SPI","result",18.7815985,4e-06,0b00000001,0b00000000
"SPI","result",18.7816092,4.25e-06,0b00000110,0b00000000
"SPI","result",18.781614,4e-06,0b00000100,0b00000000
"SPI","result",18.781625,4e-06,0b00000010,0b00000000
"SPI","result",18.7816295,4e-06,0b00000001,0b00000000
"SPI","result",18.7816405,4e-06,0b00000011,0b00000000
"SPI","result",18.781645,4.25e-06,0b00000100,0b00000000
"SPI","result",18.781656,4e-06,0b00000010,0b00000000
"SPI","result",18.7816605,4.25e-06,0b00000001,0b00000000
"SPI","result",18.7816715,4e-06,0b00000001,0b00000000
"SPI","result",18.781676,4.25e-06,0b00000100,0b00000000
"SPI","result",18.781687,4e-06,0b00000010,0b00000000
"SPI","result",18.7816918,4e-06,0b00001100,0b00000000
"SPI","result",18.7817025,4e-06,0b00000001,0b00000000
"SPI","result",18.7817073,4e-06,0b00000100,0b00000000
"SPI","result",18.781718,4e-06,0b00000010,0b00000000
"SPI","result",18.7817228,4e-06,0b00001100,0b00000000
"SPI","result",18.7817335,4e-06,0b00000001,0b00000000
"SPI","result",18.7817383,4e-06,0b00000100,0b00000000
"SPI","result",18.781749,4e-06,0b00000010,0b00000000
"SPI","result",18.7817538,4e-06,0b00001100,0b00000000
"SPI","result",18.7817645,4.25e-06,0b00000001,0b00000000
"SPI","result",18.7817692,4e-06,0b00000100,0b00000000
"SPI","result",18.78178,4.25e-06,0b00000010,0b00000000
"SPI","result",18.7817847,4e-06,0b00000001,0b00000000
"SPI","result",18.7817955,4.25e-06,0b00000000,0b00000000
"SPI","result",18.7818002,4e-06,0b00000000,0b00000000
"SPI","disable",18.7818083,2.49999997e-07,,
"SPI","enable",18.7818105,2.50000001e-07,,
"SPI","result",18.7818115,4e-06,0b00001101,0b00000000
"SPI","disable",18.7818157,2.49999997e-07,,
