name,type,start_time,duration,"mosi","miso"
"SPI","enable",4.4143005,2.49999999e-07,,
"SPI","result",4.4143015,4e-06,0b00001010,0b00000000
"SPI","disable",4.4143055,2.49999999e-07,,
"SPI","enable",4.4143085,2.5e-07,,
"SPI","result",4.41431075,4e-06,0b00000010,0b00000000
"SPI","result",4.4143155,4e-06,0b00001000,0b00000000
"SPI","result",4.41432325,4e-06,0b00000001,0b00000000
"SPI","result",4.414328,4e-06,0b00001111,0b00000000
"SPI","disable",4.41433325,2.49999999e-07,,
"SPI","enable",4.4143355,2.5e-07,,
"SPI","result",4.4143375,4.25e-06,0b00000000,0b00000000
"SPI","result",4.41434225,4e-06,0b00001110,0b00000000
"SPI","result",4.41435,4.25e-06,0b00000000,0b00000000
"SPI","result",4.41435475,4e-06,0b00000001,0b00000000
"SPI","disable",4.41436,2.49999999e-07,,
"SPI","enable",4.41436225,2.5e-07,,
"SPI","result",4.4143645,4e-06,0b00000000,0b00000000
"SPI","result",4.41436925,4e-06,0b00000001,0b00000000
"SPI","result",4.414377,4e-06,0b00000110,0b00000000
"SPI","result",4.41438175,4e-06,0b00000010,0b00000000
"SPI","disable",4.414387,2.5e-07,,
"SPI","enable",4.41438925,2.5e-07,,
"SPI","result",4.4143915,4e-06,0b00000001,0b00000000
"SPI","result",4.414396,4.25e-06,0b00001111,0b00000000
"SPI","result",4.414404,4e-06,0b00000000,0b00000000
"SPI","result",4.4144085,4.25e-06,0b00001111,0b00000000
"SPI","disable",4.41441375,2.5e-07,,
"SPI","enable",4.41441775,2.5e-07,,
"SPI","result",4.41441975,4.25e-06,0b00000000,0b00000000
"SPI","result",4.4144245,4e-06,0b00001111,0b00000000
"SPI","result",4.41443225,4.25e-06,0b00000000,0b00000000
"SPI","result",4.414437,4e-06,0b00000100,0b00000000
"SPI","disable",4.41444225,2.50000001e-07,,
"SPI","enable",4.4144445,2.5e-07,,
"SPI","result",4.41444675,4e-06,0b00000000,0b00000000
"SPI","result",4.4144515,4e-06,0b00001011,0b00000000
"SPI","result",4.41445925,4e-06,0b00000000,0b00000000
"SPI","result",4.414464,4e-06,0b00000001,0b00000000
"SPI","disable",4.41446925,2.5e-07,,
"SPI","enable",4.4144715,2.49999999e-07,,
"SPI","result",4.41447375,4e-06,0b00000000,0b00000000
"SPI","result",4.41447825,4.25e-06,0b00000011,0b00000000
"SPI","result",4.41448625,4e-06,0b00000000,0b00000000
"SPI","result",4.41449075,4e-06,0b00001111,0b00000000
"SPI","disable",4.414496,2.5e-07,,
"SPI","enable",4.414704,2.49999999e-07,,
"SPI","result",4.414705,4e-06,0b00001010,0b00000000
"SPI","disable",4.41470925,2.5e-07,,
"SPI","enable",4.414712,2.5e-07,,
"SPI","result",4.414713,4e-06,0b00001110,0b00000000
"SPI","disable",4.41471725,2.5e-07,,
"SPI","enable",4.414719,2.5e-07,,
"SPI","result",4.41472125,4.25e-06,0b00000000,0b00000000
"SPI","result",4.414726,4e-06,0b00000101,0b00000000
"SPI","result",4.41473625,4e-06,0b00000100,0b00000000
"SPI","result",4.41474075,4.25e-06,0b00001001,0b00000000
"SPI","result",4.41475175,4e-06,0b00000010,0b00000000
"SPI","result",4.41475625,4.25e-06,0b00000000,0b00000000
"SPI","result",4.41476725,4e-06,0b00000010,0b00000000
"SPI","result",4.41477175,4.25e-06,0b00000001,0b00000000
"SPI","result",4.41478275,4e-06,0b00000110,0b00000000
"SPI","result",4.41478725,4.25e-06,0b00000100,0b00000000
"SPI","result",4.41479825,4e-06,0b00000010,0b00000000
"SPI","result",4.414803,4e-06,0b00000001,0b00000000
"SPI","result",4.41481375,4e-06,0b00000011,0b00000000
"SPI","result",4.4148185,4e-06,0b00000100,0b00000000
"SPI","result",4.41482925,4e-06,0b00000010,0b00000000
"SPI","result",4.414834,4e-06,0b00000001,0b00000000
"SPI","result",4.41484475,4e-06,0b00000001,0b00000000
"SPI","result",4.4148495,4e-06,0b00000100,0b00000000
"SPI","result",4.41486025,4e-06,0b00000010,0b00000000
"SPI","result",4.414865,4e-06,0b00001100,0b00000000
"SPI","result",4.41487575,4e-06,0b00000001,0b00000000
"SPI","result",4.4148805,4e-06,0b00000100,0b00000000
"SPI","result",4.41489125,4.25e-06,0b00000010,0b00000000
"SPI","result",4.414896,4e-06,0b00001100,0b00000000
"SPI","result",4.41490675,4.25e-06,0b00000001,0b00000000
"SPI","result",4.4149115,4e-06,0b00000100,0b00000000
"SPI","result",4.41492225,4.25e-06,0b00000010,0b00000000
"SPI","result",4.414927,4e-06,0b00001100,0b00000000
"SPI","result",4.41493775,4.25e-06,0b00000001,0b00000000
"SPI","result",4.4149425,4e-06,0b00000100,0b00000000
"SPI","result",4.4149535,4e-06,0b00000010,0b00000000
"SPI","result",4.414958,4e-06,0b00000001,0b00000000
"SPI","result",4.414969,4e-06,0b00000000,0b00000000
"SPI","result",4.4149735,4e-06,0b00000000,0b00000000
"SPI","disable",4.4149815,2.5e-07,,
"SPI","enable",4.41498375,2.49999999e-07,,
"SPI","result",4.41498475,4e-06,0b00001101,0b00000000
"SPI","disable",4.414989,2.49999999e-07,,
"SPI","enable",4.452021,2.49999999e-07,,
"SPI","result",4.45202175,4.25e-06,0b00001010,0b00000000
"SPI","disable",4.452026,2.5e-07,,
"SPI","enable",4.452029,2.5e-07,,
"SPI","result",4.45203125,4e-06,0b00000010,0b00000000
"SPI","result",4.452036,4e-06,0b00001000,0b00000000
"SPI","result",4.45204375,4e-06,0b00000001,0b00000000
"SPI","result",4.45204825,4.25e-06,0b00001111,0b00000000
"SPI","disable",4.4520535,2.5e-07,,
"SPI","enable",4.452056,2.5e-07,,
"SPI","result",4.452058,4.25e-06,0b00000000,0b00000000
"SPI","result",4.45206275,4e-06,0b00001110,0b00000000
"SPI","result",4.4520705,4.25e-06,0b00000000,0b00000000
"SPI","result",4.45207525,4e-06,0b00000001,0b00000000
"SPI","disable",4.4520805,2.5e-07,,
"SPI","enable",4.45208275,2.5e-07,,
"SPI","result",4.452085,4e-06,0b00000000,0b00000000
"SPI","result",4.45208975,4e-06,0b00000001,0b00000000
"SPI","result",4.4520975,4e-06,0b00000110,0b00000000
"SPI","result",4.45210225,4e-06,0b00000010,0b00000000
"SPI","disable",4.4521075,2.5e-07,,
"SPI","enable",4.45210975,2.50000001e-07,,
"SPI","result",4.452112,4e-06,0b00000001,0b00000000
"SPI","result",4.4521165,4.25e-06,0b00001111,0b00000000
"SPI","result",4.45212425,4.25e-06,0b00000000,0b00000000
"SPI","result",4.452129,4e-06,0b00001111,0b00000000
"SPI","disable",4.45213425,2.5e-07,,
"SPI","enable",4.45213825,2.5e-07,,
"SPI","result",4.45214025,4.25e-06,0b00000000,0b00000000
"SPI","result",4.452145,4e-06,0b00001111,0b00000000
"SPI","result",4.45215275,4.25e-06,0b00000000,0b00000000
"SPI","result",4.4521575,4e-06,0b00000100,0b00000000
"SPI","disable",4.45216275,2.49999999e-07,,
"SPI","enable",4.452165,2.5e-07,,
"SPI","result",4.45216725,4e-06,0b00000000,0b00000000
"SPI","result",4.452172,4e-06,0b00001011,0b00000000
"SPI","result",4.45217975,4e-06,0b00000000,0b00000000
"SPI","result",4.4521845,4e-06,0b00000001,0b00000000
"SPI","disable",4.45218975,2.5e-07,,
"SPI","enable",4.452192,2.5e-07,,
"SPI","result",4.45219425,4e-06,0b00000000,0b00000000
"SPI","result",4.45219875,4.25e-06,0b00000011,0b00000000
"SPI","result",4.4522065,4.25e-06,0b00000000,0b00000000
"SPI","result",4.45221125,4e-06,0b00001111,0b00000000
"SPI","disable",4.4522165,2.5e-07,,
"SPI","enable",4.45242475,2.50000001e-07,,
"SPI","result",4.4524255,4.25e-06,0b00001010,0b00000000
"SPI","disable",4.45242975,2.49999999e-07,,
"SPI","enable",4.45243275,2.5e-07,,
"SPI","result",4.4524335,4.25e-06,0b00001110,0b00000000
"SPI","disable",4.45243775,2.5e-07,,
"SPI","enable",4.4524395,2.5e-07,,
"SPI","result",4.452442,4e-06,0b00000000,0b00000000
"SPI","result",4.4524465,4.25e-06,0b00000101,0b00000000
"SPI","result",4.45245675,4e-06,0b00000100,0b00000000
"SPI","result",4.4524615,4e-06,0b00001001,0b00000000
"SPI","result",4.45247225,4e-06,0b00000010,0b00000000
"SPI","result",4.45247675,4.25e-06,0b00000000,0b00000000
"SPI","result",4.45248775,4e-06,0b00000010,0b00000000
"SPI","result",4.4524925,4e-06,0b00000001,0b00000000
"SPI","result",4.45250325,4e-06,0b00000110,0b00000000
"SPI","result",4.452508,4e-06,0b00000100,0b00000000
"SPI","result",4.45251875,4e-06,0b00000010,0b00000000
"SPI","result",4.4525235,4e-06,0b00000001,0b00000000
"SPI","result",4.45253425,4e-06,0b00000011,0b00000000
"SPI","result",4.452539,4e-06,0b00000100,0b00000000
"SPI","result",4.45254975,4e-06,0b00000010,0b00000000
"SPI","result",4.4525545,4e-06,0b00000001,0b00000000
"SPI","result",4.45256525,4e-06,0b00000001,0b00000000
"SPI","result",4.45257,4e-06,0b00000100,0b00000000
"SPI","result",4.45258075,4.25e-06,0b00000010,0b00000000
"SPI","result",4.4525855,4e-06,0b00001100,0b00000000
"SPI","result",4.45259625,4.25e-06,0b00000001,0b00000000
"SPI","result",4.452601,4e-06,0b00000100,0b00000000
"SPI","result",4.45261175,4.25e-06,0b00000010,0b00000000
"SPI","result",4.4526165,4e-06,0b00001100,0b00000000
"SPI","result",4.45262725,4.25e-06,0b00000001,0b00000000
"SPI","result",4.452632,4e-06,0b00000100,0b00000000
"SPI","result",4.452643,4e-06,0b00000010,0b00000000
"SPI","result",4.4526475,4e-06,0b00001100,0b00000000
"SPI","result",4.4526585,4e-06,0b00000001,0b00000000
"SPI","result",4.452663,4.25e-06,0b00000100,0b00000000
"SPI","result",4.452674,4e-06,0b00000010,0b00000000
"SPI","result",4.4526785,4.25e-06,0b00000001,0b00000000
"SPI","result",4.4526895,4e-06,0b00000000,0b00000000
"SPI","result",4.452694,4.25e-06,0b00000000,0b00000000
"SPI","disable",4.45270225,2.50000001e-07,,
"SPI","enable",4.45270425,2.50000001e-07,,
"SPI","result",4.45270525,4e-06,0b00001101,0b00000000
"SPI","disable",4.4527095,2.5e-07,,
"SPI","enable",5.814338,2.49999999e-07,,
"SPI","result",5.814339,4e-06,0b00001010,0b00000000
"SPI","disable",5.814343,2.5e-07,,
"SPI","enable",5.814346,2.5e-07,,
"SPI","result",5.81434825,4e-06,0b00000010,0b00000000
"SPI","result",5.814353,4e-06,0b00001000,0b00000000
"SPI","result",5.81436075,4e-06,0b00000001,0b00000000
"SPI","result",5.8143655,4e-06,0b00001111,0b00000000
"SPI","disable",5.81437075,2.5e-07,,
"SPI","enable",5.814373,2.5e-07,,
"SPI","result",5.814375,4.25e-06,0b00000000,0b00000000
"SPI","result",5.81437975,4e-06,0b00001110,0b00000000
"SPI","result",5.8143875,4.25e-06,0b00000000,0b00000000
"SPI","result",5.81439225,4e-06,0b00000001,0b00000000
"SPI","disable",5.8143975,2.5e-07,,
"SPI","enable",5.81439975,2.5e-07,,
"SPI","result",5.814402,4e-06,0b00000000,0b00000000
"SPI","result",5.81440675,4e-06,0b00000001,0b00000000
"SPI","result",5.8144145,4e-06,0b00000110,0b00000000
"SPI","result",5.81441925,4e-06,0b00000010,0b00000000
"SPI","disable",5.8144245,2.5e-07,,
"SPI","enable",5.81442675,2.50000001e-07,,
"SPI","result",5.814429,4e-06,0b00000001,0b00000000
"SPI","result",5.81443375,4e-06,0b00001111,0b00000000
"SPI","result",5.8144415,4e-06,0b00000000,0b00000000
"SPI","result",5.814446,4.25e-06,0b00001111,0b00000000
"SPI","disable",5.8144515,2.50000001e-07,,
"SPI","enable",5.81445525,2.5e-07,,
"SPI","result",5.81445725,4.25e-06,0b00000000,0b00000000
"SPI","result",5.814462,4e-06,0b00001111,0b00000000
"SPI","result",5.81446975,4.25e-06,0b00000000,0b00000000
"SPI","result",5.8144745,4e-06,0b00000100,0b00000000
"SPI","disable",5.81447975,2.49999999e-07,,
"SPI","enable",5.814482,2.5e-07,,
"SPI","result",5.81448425,4e-06,0b00000000,0b00000000
"SPI","result",5.814489,4e-06,0b00001011,0b00000000
"SPI","result",5.81449675,4e-06,0b00000000,0b00000000
"SPI","result",5.8145015,4e-06,0b00000001,0b00000000
"SPI","disable",5.81450675,2.5e-07,,
"SPI","enable",5.814509,2.5e-07,,
"SPI","result",5.81451125,4e-06,0b00000000,0b00000000
"SPI","result",5.81451575,4.25e-06,0b00000011,0b00000000
"SPI","result",5.81452375,4e-06,0b00000000,0b00000000
"SPI","result",5.81452825,4.25e-06,0b00001111,0b00000000
"SPI","disable",5.8145335,2.5e-07,,
"SPI","enable",5.8147415,2.49999999e-07,,
"SPI","result",5.8147425,4.25e-06,0b00001010,0b00000000
"SPI","disable",5.81474675,2.49999999e-07,,
"SPI","enable",5.8147495,2.5e-07,,
"SPI","result",5.8147505,4e-06,0b00001110,0b00000000
"SPI","disable",5.81475475,2.5e-07,,
"SPI","enable",5.8147565,2.5e-07,,
"SPI","result",5.814759,4e-06,0b00000000,0b00000000
"SPI","result",5.8147635,4e-06,0b00000101,0b00000000
"SPI","result",5.81477375,4e-06,0b00000100,0b00000000
"SPI","result",5.81477825,4.25e-06,0b00001000,0b00000000
"SPI","result",5.81478925,4e-06,0b00000010,0b00000000
"SPI","result",5.81479375,4.25e-06,0b00000000,0b00000000
"SPI","result",5.81480475,4e-06,0b00000010,0b00000000
"SPI","result",5.81480925,4.25e-06,0b00000001,0b00000000
"SPI","result",5.81482025,4e-06,0b00000110,0b00000000
"SPI","result",5.814825,4e-06,0b00000100,0b00000000
"SPI","result",5.81483575,4e-06,0b00000010,0b00000000
"SPI","result",5.8148405,4e-06,0b00000001,0b00000000
"SPI","result",5.81485125,4e-06,0b00000011,0b00000000
"SPI","result",5.814856,4e-06,0b00000100,0b00000000
"SPI","result",5.81486675,4e-06,0b00000010,0b00000000
"SPI","result",5.8148715,4e-06,0b00000001,0b00000000
"SPI","result",5.81488225,4e-06,0b00000001,0b00000000
"SPI","result",5.814887,4e-06,0b00000100,0b00000000
"SPI","result",5.81489775,4e-06,0b00000010,0b00000000
"SPI","result",5.8149025,4e-06,0b00001100,0b00000000
"SPI","result",5.81491325,4.25e-06,0b00000001,0b00000000
"SPI","result",5.814918,4e-06,0b00000100,0b00000000
"SPI","result",5.81492875,4.25e-06,0b00000010,0b00000000
"SPI","result",5.8149335,4e-06,0b00001100,0b00000000
"SPI","result",5.81494425,4.25e-06,0b00000001,0b00000000
"SPI","result",5.814949,4e-06,0b00000100,0b00000000
"SPI","result",5.81495975,4.25e-06,0b00000010,0b00000000
"SPI","result",5.8149645,4e-06,0b00001100,0b00000000
"SPI","result",5.8149755,4e-06,0b00000001,0b00000000
"SPI","result",5.81498,4e-06,0b00000100,0b00000000
"SPI","result",5.814991,4e-06,0b00000010,0b00000000
"SPI","result",5.8149955,4e-06,0b00000001,0b00000000
"SPI","result",5.8150065,4e-06,0b00000000,0b00000000
"SPI","result",5.815011,4.25e-06,0b00000000,0b00000000
"SPI","disable",5.81501925,2.50000001e-07,,
"SPI","enable",5.81502125,2.50000001e-07,,
"SPI","result",5.81502225,4e-06,0b00001101,0b00000000
"SPI","disable",5.8150265,2.5e-07,,
"SPI","enable",5.8521405,2.50000001e-07,,
"SPI","result",5.8521415,4e-06,0b00001010,0b00000000
"SPI","disable",5.8521455,2.5e-07,,
"SPI","enable",5.8521485,2.49999999e-07,,
"SPI","result",5.85215075,4e-06,0b00000010,0b00000000
"SPI","result",5.8521555,4e-06,0b00001000,0b00000000
"SPI","result",5.85216325,4e-06,0b00000001,0b00000000
"SPI","result",5.852168,4e-06,0b00001111,0b00000000
"SPI","disable",5.85217325,2.5e-07,,
"SPI","enable",5.8521755,2.49999999e-07,,
"SPI","result",5.8521775,4.25e-06,0b00000000,0b00000000
"SPI","result",5.85218225,4e-06,0b00001110,0b00000000
"SPI","result",5.85219,4.25e-06,0b00000000,0b00000000
"SPI","result",5.85219475,4e-06,0b00000001,0b00000000
"SPI","disable",5.8522,2.5e-07,,
"SPI","enable",5.85220225,2.49999999e-07,,
"SPI","result",5.8522045,4e-06,0b00000000,0b00000000
"SPI","result",5.85220925,4e-06,0b00000001,0b00000000
"SPI","result",5.852217,4e-06,0b00000110,0b00000000
"SPI","result",5.85222175,4e-06,0b00000010,0b00000000
"SPI","disable",5.852227,2.5e-07,,
"SPI","enable",5.85222925,2.50000001e-07,,
"SPI","result",5.8522315,4e-06,0b00000001,0b00000000
"SPI","result",5.85223625,4e-06,0b00001111,0b00000000
"SPI","result",5.852244,4e-06,0b00000000,0b00000000
"SPI","result",5.8522485,4.25e-06,0b00001111,0b00000000
"SPI","disable",5.852254,2.5e-07,,
"SPI","enable",5.85225775,2.5e-07,,
"SPI","result",5.85225975,4.25e-06,0b00000000,0b00000000
"SPI","result",5.8522645,4e-06,0b00001111,0b00000000
"SPI","result",5.85227225,4.25e-06,0b00000000,0b00000000
"SPI","result",5.852277,4e-06,0b00000100,0b00000000
"SPI","disable",5.85228225,2.5e-07,,
"SPI","enable",5.8522845,2.5e-07,,
"SPI","result",5.85228675,4e-06,0b00000000,0b00000000
"SPI","result",5.8522915,4e-06,0b00001011,0b00000000
"SPI","result",5.85229925,4e-06,0b00000000,0b00000000
"SPI","result",5.852304,4e-06,0b00000001,0b00000000
"SPI","disable",5.85230925,2.49999999e-07,,
"SPI","enable",5.8523115,2.5e-07,,
"SPI","result",5.85231375,4e-06,0b00000000,0b00000000
"SPI","result",5.85231825,4.25e-06,0b00000011,0b00000000
"SPI","result",5.85232625,4e-06,0b00000000,0b00000000
"SPI","result",5.85233075,4.25e-06,0b00001111,0b00000000
"SPI","disable",5.852336,2.49999999e-07,,
"SPI","enable",5.85254425,2.5e-07,,
"SPI","result",5.852545,4.25e-06,0b00001010,0b00000000
"SPI","disable",5.85254925,2.5e-07,,
"SPI","enable",5.852552,2.49999999e-07,,
"SPI","result",5.852553,4.25e-06,0b00001110,0b00000000
"SPI","disable",5.85255725,2.5e-07,,
"SPI","enable",5.852559,2.49999999e-07,,
"SPI","result",5.8525615,4e-06,0b00000000,0b00000000
"SPI","result",5.852566,4.25e-06,0b00000101,0b00000000
"SPI","result",5.85257625,4e-06,0b00000100,0b00000000
"SPI","result",5.852581,4e-06,0b00001000,0b00000000
"SPI","result",5.85259175,4e-06,0b00000010,0b00000000
"SPI","result",5.85259625,4.25e-06,0b00000000,0b00000000
"SPI","result",5.85260725,4e-06,0b00000010,0b00000000
"SPI","result",5.852612,4e-06,0b00000001,0b00000000
"SPI","result",5.85262275,4e-06,0b00000110,0b00000000
"SPI","result",5.8526275,4e-06,0b00000100,0b00000000
"SPI","result",5.85263825,4e-06,0b00000010,0b00000000
"SPI","result",5.852643,4e-06,0b00000001,0b00000000
"SPI","result",5.85265375,4e-06,0b00000011,0b00000000
"SPI","result",5.8526585,4e-06,0b00000100,0b00000000
"SPI","result",5.85266925,4e-06,0b00000010,0b00000000
"SPI","result",5.852674,4e-06,0b00000001,0b00000000
"SPI","result",5.85268475,4e-06,0b00000001,0b00000000
"SPI","result",5.8526895,4e-06,0b00000100,0b00000000
"SPI","result",5.85270025,4.25e-06,0b00000010,0b00000000
"SPI","result",5.852705,4e-06,0b00001100,0b00000000
"SPI","result",5.85271575,4.25e-06,0b00000001,0b00000000
"SPI","result",5.8527205,4e-06,0b00000100,0b00000000
"SPI","result",5.85273125,4.25e-06,0b00000010,0b00000000
"SPI","result",5.852736,4e-06,0b00001100,0b00000000
"SPI","result",5.85274675,4.25e-06,0b00000001,0b00000000
"SPI","result",5.8527515,4e-06,0b00000100,0b00000000
"SPI","result",5.8527625,4e-06,0b00000010,0b00000000
"SPI","result",5.852767,4e-06,0b00001100,0b00000000
"SPI","result",5.852778,4e-06,0b00000001,0b00000000
"SPI","result",5.8527825,4.25e-06,0b00000100,0b00000000
"SPI","result",5.8527935,4e-06,0b00000010,0b00000000
"SPI","result",5.852798,4.25e-06,0b00000001,0b00000000
"SPI","result",5.852809,4e-06,0b00000000,0b00000000
"SPI","result",5.8528135,4.25e-06,0b00000000,0b00000000
"SPI","disable",5.85282175,2.5e-07,,
"SPI","enable",5.85282375,2.5e-07,,
"SPI","result",5.85282475,4e-06,0b00001101,0b00000000
"SPI","disable",5.852829,2.5e-07,,
"SPI","enable",6.6383805,2.49999999e-07,,
"SPI","result",6.6383815,4e-06,0b00001010,0b00000000
"SPI","disable",6.6383855,2.5e-07,,
"SPI","enable",6.6383885,2.5e-07,,
"SPI","result",6.63839075,4e-06,0b00000010,0b00000000
"SPI","result",6.6383955,4e-06,0b00001000,0b00000000
"SPI","result",6.63840325,4e-06,0b00000001,0b00000000
"SPI","result",6.638408,4e-06,0b00001111,0b00000000
"SPI","disable",6.63841325,2.5e-07,,
"SPI","enable",6.6384155,2.5e-07,,
"SPI","result",6.6384175,4.25e-06,0b00000000,0b00000000
"SPI","result",6.63842225,4e-06,0b00001110,0b00000000
"SPI","result",6.63843,4.25e-06,0b00000000,0b00000000
"SPI","result",6.63843475,4e-06,0b00000001,0b00000000
"SPI","disable",6.63844,2.5e-07,,
"SPI","enable",6.63844225,2.5e-07,,
"SPI","result",6.6384445,4e-06,0b00000000,0b00000000
"SPI","result",6.63844925,4e-06,0b00000001,0b00000000
"SPI","result",6.638457,4e-06,0b00000110,0b00000000
"SPI","result",6.63846175,4e-06,0b00000010,0b00000000
"SPI","disable",6.638467,2.49999999e-07,,
"SPI","enable",6.63846925,2.5e-07,,
"SPI","result",6.6384715,4e-06,0b00000001,0b00000000
"SPI","result",6.638476,4.25e-06,0b00001111,0b00000000
"SPI","result",6.638484,4e-06,0b00000000,0b00000000
"SPI","result",6.6384885,4.25e-06,0b00001111,0b00000000
"SPI","disable",6.63849375,2.49999999e-07,,
"SPI","enable",6.63849775,2.50000001e-07,,
"SPI","result",6.63849975,4.25e-06,0b00000000,0b00000000
"SPI","result",6.6385045,4e-06,0b00001111,0b00000000
"SPI","result",6.63851225,4.25e-06,0b00000000,0b00000000
"SPI","result",6.638517,4e-06,0b00000100,0b00000000
"SPI","disable",6.63852225,2.5e-07,,
"SPI","enable",6.6385245,2.50000001e-07,,
"SPI","result",6.63852675,4e-06,0b00000000,0b00000000
"SPI","result",6.6385315,4e-06,0b00001011,0b00000000
"SPI","result",6.63853925,4e-06,0b00000000,0b00000000
"SPI","result",6.638544,4e-06,0b00000001,0b00000000
"SPI","disable",6.63854925,2.5e-07,,
"SPI","enable",6.6385515,2.5e-07,,
"SPI","result",6.63855375,4e-06,0b00000000,0b00000000
"SPI","result",6.63855825,4.25e-06,0b00000011,0b00000000
"SPI","result",6.63856625,4e-06,0b00000000,0b00000000
"SPI","result",6.63857075,4e-06,0b00001111,0b00000000
"SPI","disable",6.638576,2.5e-07,,
"SPI","enable",6.638784,2.49999999e-07,,
"SPI","result",6.638785,4e-06,0b00001010,0b00000000
"SPI","disable",6.63878925,2.49999999e-07,,
"SPI","enable",6.638792,2.5e-07,,
"SPI","result",6.638793,4e-06,0b00001110,0b00000000
"SPI","disable",6.63879725,2.5e-07,,
"SPI","enable",6.638799,2.5e-07,,
"SPI","result",6.63880125,4.25e-06,0b00000000,0b00000000
"SPI","result",6.638806,4e-06,0b00000101,0b00000000
"SPI","result",6.63881625,4e-06,0b00000100,0b00000000
"SPI","result",6.63882075,4e-06,0b00001000,0b00000000
"SPI","result",6.63883175,4e-06,0b00000010,0b00000000
"SPI","result",6.63883625,4.25e-06,0b00000000,0b00000000
"SPI","result",6.63884725,4e-06,0b00000010,0b00000000
"SPI","result",6.63885175,4.25e-06,0b00000001,0b00000000
"SPI","result",6.63886275,4e-06,0b00000110,0b00000000
"SPI","result",6.63886725,4.25e-06,0b00000100,0b00000000
"SPI","result",6.63887825,4e-06,0b00000010,0b00000000
"SPI","result",6.63888275,4.25e-06,0b00000001,0b00000000
"SPI","result",6.63889375,4e-06,0b00000011,0b00000000
"SPI","result",6.63889825,4.25e-06,0b00000100,0b00000000
"SPI","result",6.63890925,4e-06,0b00000010,0b00000000
"SPI","result",6.638914,4e-06,0b00000001,0b00000000
"SPI","result",6.63892475,4e-06,0b00000001,0b00000000
"SPI","result",6.6389295,4e-06,0b00000100,0b00000000
"SPI","result",6.63894025,4e-06,0b00000010,0b00000000
"SPI","result",6.638945,4e-06,0b00001100,0b00000000
"SPI","result",6.63895575,4e-06,0b00000001,0b00000000
"SPI","result",6.6389605,4e-06,0b00000100,0b00000000
"SPI","result",6.63897125,4e-06,0b00000010,0b00000000
"SPI","result",6.638976,4e-06,0b00001100,0b00000000
"SPI","result",6.63898675,4e-06,0b00000001,0b00000000
"SPI","result",6.6389915,4e-06,0b00000100,0b00000000
"SPI","result",6.63900225,4.25e-06,0b00000010,0b00000000
"SPI","result",6.639007,4e-06,0b00001100,0b00000000
"SPI","result",6.63901775,4.25e-06,0b00000001,0b00000000
"SPI","result",6.6390225,4e-06,0b00000100,0b00000000
"SPI","result",6.63903325,4.25e-06,0b00000010,0b00000000
"SPI","result",6.639038,4e-06,0b00000001,0b00000000
"SPI","result",6.63904875,4.25e-06,0b00000000,0b00000000
"SPI","result",6.6390535,4e-06,0b00000000,0b00000000
"SPI","disable",6.6390615,2.49999999e-07,,
"SPI","enable",6.63906375,2.5e-07,,
"SPI","result",6.63906475,4e-06,0b00001101,0b00000000
"SPI","disable",6.639069,2.5e-07,,
"SPI","enable",6.676544,2.5e-07,,
"SPI","result",6.676545,4e-06,0b00001010,0b00000000
"SPI","disable",6.67654925,2.5e-07,,
"SPI","enable",6.67655225,2.49999999e-07,,
"SPI","result",6.67655425,4.25e-06,0b00000010,0b00000000
"SPI","result",6.676559,4e-06,0b00001000,0b00000000
"SPI","result",6.67656675,4.25e-06,0b00000001,0b00000000
"SPI","result",6.6765715,4e-06,0b00001111,0b00000000
"SPI","disable",6.67657675,2.5e-07,,
"SPI","enable",6.676579,2.49999999e-07,,
"SPI","result",6.67658125,4e-06,0b00000000,0b00000000
"SPI","result",6.676586,4e-06,0b00001110,0b00000000
"SPI","result",6.67659375,4e-06,0b00000000,0b00000000
"SPI","result",6.6765985,4e-06,0b00000001,0b00000000
"SPI","disable",6.67660375,2.5e-07,,
"SPI","enable",6.676606,2.5e-07,,
"SPI","result",6.67660825,4e-06,0b00000000,0b00000000
"SPI","result",6.67661275,4.25e-06,0b00000001,0b00000000
"SPI","result",6.6766205,4.25e-06,0b00000110,0b00000000
"SPI","result",6.67662525,4e-06,0b00000010,0b00000000
"SPI","disable",6.6766305,2.5e-07,,
"SPI","enable",6.676633,2.5e-07,,
"SPI","result",6.676635,4.25e-06,0b00000001,0b00000000
"SPI","result",6.67663975,4e-06,0b00001111,0b00000000
"SPI","result",6.6766475,4e-06,0b00000000,0b00000000
"SPI","result",6.67665225,4e-06,0b00001111,0b00000000
"SPI","disable",6.6766575,2.5e-07,,
"SPI","enable",6.67666125,2.5e-07,,
"SPI","result",6.6766635,4e-06,0b00000000,0b00000000
"SPI","result",6.67666825,4e-06,0b00001111,0b00000000
"SPI","result",6.676676,4e-06,0b00000000,0b00000000
"SPI","result",6.67668075,4e-06,0b00000100,0b00000000
"SPI","disable",6.676686,2.50000001e-07,,
"SPI","enable",6.67668825,2.5e-07,,
"SPI","result",6.6766905,4e-06,0b00000000,0b00000000
"SPI","result",6.676695,4.25e-06,0b00001011,0b00000000
"SPI","result",6.67670275,4.25e-06,0b00000000,0b00000000
"SPI","result",6.6767075,4e-06,0b00000001,0b00000000
"SPI","disable",6.67671275,2.50000001e-07,,
"SPI","enable",6.676715,2.5e-07,,
"SPI","result",6.67671725,4e-06,0b00000000,0b00000000
"SPI","result",6.676722,4e-06,0b00000011,0b00000000
"SPI","result",6.67672975,4e-06,0b00000000,0b00000000
"SPI","result",6.6767345,4e-06,0b00001111,0b00000000
"SPI","disable",6.67673975,2.49999999e-07,,
"SPI","enable",6.67694775,2.5e-07,,
"SPI","result",6.67694875,4e-06,0b00001010,0b00000000
"SPI","disable",6.676953,2.5e-07,,
"SPI","enable",6.67695575,2.49999999e-07,,
"SPI","result",6.67695675,4e-06,0b00001110,0b00000000
"SPI","disable",6.67696075,2.5e-07,,
"SPI","enable",6.67696275,2.49999999e-07,,
"SPI","result",6.676965,4e-06,0b00000000,0b00000000
"SPI","result",6.67696975,4e-06,0b00000101,0b00000000
"SPI","result",6.67697975,4e-06,0b00000100,0b00000000
"SPI","result",6.6769845,4e-06,0b00001000,0b00000000
"SPI","result",6.67699525,4.25e-06,0b00000010,0b00000000
"SPI","result",6.677,4e-06,0b00000000,0b00000000
"SPI","result",6.67701075,4.25e-06,0b00000010,0b00000000
"SPI","result",6.6770155,4e-06,0b00000001,0b00000000
"SPI","result",6.67702625,4.25e-06,0b00000110,0b00000000
"SPI","result",6.677031,4e-06,0b00000100,0b00000000
"SPI","result",6.67704175,4.25e-06,0b00000010,0b00000000
"SPI","result",6.6770465,4e-06,0b00000001,0b00000000
"SPI","result",6.67705725,4.25e-06,0b00000011,0b00000000
"SPI","result",6.677062,4e-06,0b00000100,0b00000000
"SPI","result",6.677073,4e-06,0b00000010,0b00000000
"SPI","result",6.6770775,4e-06,0b00000001,0b00000000
"SPI","result",6.6770885,4e-06,0b00000001,0b00000000
"SPI","result",6.677093,4.25e-06,0b00000100,0b00000000
"SPI","result",6.677104,4e-06,0b00000010,0b00000000
"SPI","result",6.6771085,4.25e-06,0b00001100,0b00000000
"SPI","result",6.6771195,4e-06,0b00000001,0b00000000
"SPI","result",6.677124,4.25e-06,0b00000100,0b00000000
"SPI","result",6.677135,4e-06,0b00000010,0b00000000
"SPI","result",6.67713975,4e-06,0b00001100,0b00000000
"SPI","result",6.6771505,4e-06,0b00000001,0b00000000
"SPI","result",6.677155,4.25e-06,0b00000100,0b00000000
"SPI","result",6.677166,4e-06,0b00000010,0b00000000
"SPI","result",6.67717075,4e-06,0b00001100,0b00000000
"SPI","result",6.6771815,4e-06,0b00000001,0b00000000
"SPI","result",6.67718625,4e-06,0b00000100,0b00000000
"SPI","result",6.677197,4e-06,0b00000010,0b00000000
"SPI","result",6.67720175,4e-06,0b00000001,0b00000000
"SPI","result",6.6772125,4e-06,0b00000000,0b00000000
"SPI","result",6.67721725,4e-06,0b00000000,0b00000000
"SPI","disable",6.67722525,2.49999999e-07,,
"SPI","enable",6.6772275,2.5e-07,,
"SPI","result",6.6772285,4e-06,0b00001101,0b00000000
"SPI","disable",6.6772325,2.5e-07,,
"SPI","enable",7.787462,2.5e-07,,
"SPI","result",7.787463,4e-06,0b00001010,0b00000000
"SPI","disable",7.787467,2.49999999e-07,,
"SPI","enable",7.78747,2.5e-07,,
"SPI","result",7.78747225,4e-06,0b00000010,0b00000000
"SPI","result",7.787477,4e-06,0b00001000,0b00000000
"SPI","result",7.78748475,4e-06,0b00000001,0b00000000
"SPI","result",7.7874895,4e-06,0b00001111,0b00000000
"SPI","disable",7.78749475,2.5e-07,,
"SPI","enable",7.787497,2.5e-07,,
"SPI","result",7.78749925,4e-06,0b00000000,0b00000000
"SPI","result",7.78750375,4.25e-06,0b00001110,0b00000000
"SPI","result",7.7875115,4.25e-06,0b00000000,0b00000000
"SPI","result",7.78751625,4e-06,0b00000001,0b00000000
"SPI","disable",7.7875215,2.49999999e-07,,
"SPI","enable",7.78752375,2.5e-07,,
"SPI","result",7.787526,4.25e-06,0b00000000,0b00000000
"SPI","result",7.78753075,4e-06,0b00000001,0b00000000
"SPI","result",7.7875385,4e-06,0b00000110,0b00000000
"SPI","result",7.78754325,4e-06,0b00000010,0b00000000
"SPI","disable",7.7875485,2.5e-07,,
"SPI","enable",7.78755075,2.49999999e-07,,
"SPI","result",7.787553,4e-06,0b00000001,0b00000000
"SPI","result",7.78755775,4e-06,0b00001111,0b00000000
"SPI","result",7.7875655,4e-06,0b00000000,0b00000000
"SPI","result",7.78757025,4e-06,0b00001111,0b00000000
"SPI","disable",7.7875755,2.5e-07,,
"SPI","enable",7.78757925,2.49999999e-07,,
"SPI","result",7.7875815,4e-06,0b00000000,0b00000000
"SPI","result",7.787586,4.25e-06,0b00001111,0b00000000
"SPI","result",7.78759375,4.25e-06,0b00000000,0b00000000
"SPI","result",7.7875985,4e-06,0b00000100,0b00000000
"SPI","disable",7.78760375,2.50000001e-07,,
"SPI","enable",7.787606,2.49999999e-07,,
"SPI","result",7.78760825,4e-06,0b00000000,0b00000000
"SPI","result",7.787613,4e-06,0b00001011,0b00000000
"SPI","result",7.78762075,4e-06,0b00000000,0b00000000
"SPI","result",7.7876255,4e-06,0b00000001,0b00000000
"SPI","disable",7.78763075,2.5e-07,,
"SPI","enable",7.787633,2.5e-07,,
"SPI","result",7.78763525,4e-06,0b00000000,0b00000000
"SPI","result",7.78763975,4.25e-06,0b00000011,0b00000000
"SPI","result",7.78764775,4e-06,0b00000000,0b00000000
"SPI","result",7.78765225,4.25e-06,0b00001111,0b00000000
"SPI","disable",7.78765775,2.5e-07,,
"SPI","enable",7.78786575,2.5e-07,,
"SPI","result",7.7878665,4.25e-06,0b00001010,0b00000000
"SPI","disable",7.78787075,2.5e-07,,
"SPI","enable",7.78787375,2.50000001e-07,,
"SPI","result",7.7878745,4.25e-06,0b00001110,0b00000000
"SPI","disable",7.78787875,2.5e-07,,
"SPI","enable",7.7878805,2.5e-07,,
"SPI","result",7.787883,4e-06,0b00000000,0b00000000
"SPI","result",7.7878875,4.25e-06,0b00000101,0b00000000
"SPI","result",7.78789775,4e-06,0b00000100,0b00000000
"SPI","result",7.7879025,4e-06,0b00001010,0b00000000
"SPI","result",7.78791325,4e-06,0b00000010,0b00000000
"SPI","result",7.787918,4e-06,0b00000000,0b00000000
"SPI","result",7.78792875,4e-06,0b00000010,0b00000000
"SPI","result",7.7879335,4e-06,0b00000001,0b00000000
"SPI","result",7.78794425,4e-06,0b00000110,0b00000000
"SPI","result",7.787949,4e-06,0b00000100,0b00000000
"SPI","result",7.78795975,4e-06,0b00000010,0b00000000
"SPI","result",7.7879645,4e-06,0b00000001,0b00000000
"SPI","result",7.78797525,4e-06,0b00000011,0b00000000
"SPI","result",7.78798,4e-06,0b00000100,0b00000000
"SPI","result",7.78799075,4e-06,0b00000010,0b00000000
"SPI","result",7.7879955,4e-06,0b00000001,0b00000000
"SPI","result",7.78800625,4.25e-06,0b00000001,0b00000000
"SPI","result",7.788011,4e-06,0b00000100,0b00000000
"SPI","result",7.78802175,4.25e-06,0b00000010,0b00000000
"SPI","result",7.7880265,4e-06,0b00001100,0b00000000
"SPI","result",7.78803725,4.25e-06,0b00000001,0b00000000
"SPI","result",7.788042,4e-06,0b00000100,0b00000000
"SPI","result",7.78805275,4.25e-06,0b00000010,0b00000000
"SPI","result",7.7880575,4e-06,0b00001100,0b00000000
"SPI","result",7.7880685,4e-06,0b00000001,0b00000000
"SPI","result",7.788073,4e-06,0b00000100,0b00000000
"SPI","result",7.788084,4e-06,0b00000010,0b00000000
"SPI","result",7.7880885,4e-06,0b00001100,0b00000000
"SPI","result",7.7880995,4e-06,0b00000001,0b00000000
"SPI","result",7.788104,4.25e-06,0b00000100,0b00000000
"SPI","result",7.788115,4e-06,0b00000010,0b00000000
"SPI","result",7.7881195,4.25e-06,0b00000001,0b00000000
"SPI","result",7.7881305,4e-06,0b00000000,0b00000000
"SPI","result",7.788135,4.25e-06,0b00000000,0b00000000
"SPI","disable",7.78814325,2.5e-07,,
"SPI","enable",7.78814525,2.49999999e-07,,
"SPI","result",7.78814625,4e-06,0b00001101,0b00000000
"SPI","disable",7.7881505,2.49999999e-07,,
"SPI","enable",7.825115,2.49999999e-07,,
"SPI","result",7.82511575,4.25e-06,0b00001010,0b00000000
"SPI","disable",7.82512,2.5e-07,,
"SPI","enable",7.825123,2.5e-07,,
"SPI","result",7.82512525,4e-06,0b00000010,0b00000000
"SPI","result",7.82512975,4.25e-06,0b00001000,0b00000000
"SPI","result",7.82513775,4e-06,0b00000001,0b00000000
"SPI","result",7.82514225,4e-06,0b00001111,0b00000000
"SPI","disable",7.8251475,2.5e-07,,
"SPI","enable",7.82515,2.5e-07,,
"SPI","result",7.825152,4.25e-06,0b00000000,0b00000000
"SPI","result",7.82515675,4e-06,0b00001110,0b00000000
"SPI","result",7.8251645,4e-06,0b00000000,0b00000000
"SPI","result",7.82516925,4e-06,0b00000001,0b00000000
"SPI","disable",7.8251745,2.5e-07,,
"SPI","enable",7.82517675,2.5e-07,,
"SPI","result",7.825179,4e-06,0b00000000,0b00000000
"SPI","result",7.82518375,4e-06,0b00000001,0b00000000
"SPI","result",7.8251915,4e-06,0b00000110,0b00000000
"SPI","result",7.825196,4.25e-06,0b00000010,0b00000000
"SPI","disable",7.8252015,2.5e-07,,
"SPI","enable",7.82520375,2.50000001e-07,,
"SPI","result",7.825206,4e-06,0b00000001,0b00000000
"SPI","result",7.8252105,4e-06,0b00001111,0b00000000
"SPI","result",7.82521825,4.25e-06,0b00000000,0b00000000
"SPI","result",7.825223,4e-06,0b00001111,0b00000000
"SPI","disable",7.82522825,2.49999999e-07,,
"SPI","enable",7.825232,2.5e-07,,
"SPI","result",7.82523425,4.25e-06,0b00000000,0b00000000
"SPI","result",7.825239,4e-06,0b00001111,0b00000000
"SPI","result",7.82524675,4e-06,0b00000000,0b00000000
"SPI","result",7.8252515,4e-06,0b00000100,0b00000000
"SPI","disable",7.82525675,2.49999999e-07,,
"SPI","enable",7.825259,2.5e-07,,
"SPI","result",7.82526125,4e-06,0b00000000,0b00000000
"SPI","result",7.825266,4e-06,0b00001011,0b00000000
"SPI","result",7.82527375,4e-06,0b00000000,0b00000000
"SPI","result",7.82527825,4.25e-06,0b00000001,0b00000000
"SPI","disable",7.82528375,2.5e-07,,
"SPI","enable",7.825286,2.5e-07,,
"SPI","result",7.825288,4.25e-06,0b00000000,0b00000000
"SPI","result",7.82529275,4e-06,0b00000011,0b00000000
"SPI","result",7.8253005,4.25e-06,0b00000000,0b00000000
"SPI","result",7.82530525,4e-06,0b00001111,0b00000000
"SPI","disable",7.8253105,2.5e-07,,
"SPI","enable",7.8255185,2.49999999e-07,,
"SPI","result",7.8255195,4e-06,0b00001010,0b00000000
"SPI","disable",7.82552375,2.49999999e-07,,
"SPI","enable",7.8255265,2.5e-07,,
"SPI","result",7.8255275,4e-06,0b00001110,0b00000000
"SPI","disable",7.82553175,2.5e-07,,
"SPI","enable",7.8255335,2.5e-07,,
"SPI","result",7.82553575,4.25e-06,0b00000000,0b00000000
"SPI","result",7.8255405,4e-06,0b00000101,0b00000000
"SPI","result",7.82555075,4e-06,0b00000100,0b00000000
"SPI","result",7.82555525,4e-06,0b00001010,0b00000000
"SPI","result",7.82556625,4e-06,0b00000010,0b00000000
"SPI","result",7.82557075,4.25e-06,0b00000000,0b00000000
"SPI","result",7.82558175,4e-06,0b00000010,0b00000000
"SPI","result",7.82558625,4.25e-06,0b00000001,0b00000000
"SPI","result",7.82559725,4e-06,0b00000110,0b00000000
"SPI","result",7.82560175,4.25e-06,0b00000100,0b00000000
"SPI","result",7.82561275,4e-06,0b00000010,0b00000000
"SPI","result",7.82561725,4.25e-06,0b00000001,0b00000000
"SPI","result",7.82562825,4e-06,0b00000011,0b00000000
"SPI","result",7.825633,4e-06,0b00000100,0b00000000
"SPI","result",7.82564375,4e-06,0b00000010,0b00000000
"SPI","result",7.8256485,4e-06,0b00000001,0b00000000
"SPI","result",7.82565925,4e-06,0b00000001,0b00000000
"SPI","result",7.825664,4e-06,0b00000100,0b00000000
"SPI","result",7.82567475,4e-06,0b00000010,0b00000000
"SPI","result",7.8256795,4e-06,0b00001100,0b00000000
"SPI","result",7.82569025,4e-06,0b00000001,0b00000000
"SPI","result",7.825695,4e-06,0b00000100,0b00000000
"SPI","result",7.82570575,4e-06,0b00000010,0b00000000
"SPI","result",7.8257105,4e-06,0b00001100,0b00000000
"SPI","result",7.82572125,4.25e-06,0b00000001,0b00000000
"SPI","result",7.825726,4e-06,0b00000100,0b00000000
"SPI","result",7.82573675,4.25e-06,0b00000010,0b00000000
"SPI","result",7.8257415,4e-06,0b00001100,0b00000000
"SPI","result",7.82575225,4.25e-06,0b00000001,0b00000000
"SPI","result",7.825757,4e-06,0b00000100,0b00000000
"SPI","result",7.825768,4e-06,0b00000010,0b00000000
"SPI","result",7.8257725,4e-06,0b00000001,0b00000000
"SPI","result",7.8257835,4e-06,0b00000000,0b00000000
"SPI","result",7.825788,4.25e-06,0b00000000,0b00000000
"SPI","disable",7.82579625,2.50000001e-07,,
"SPI","enable",7.82579825,2.5e-07,,
"SPI","result",7.82579925,4e-06,0b00001101,0b00000000
"SPI","disable",7.8258035,2.5e-07,,
"SPI","enable",8.610486,2.50000001e-07,,
"SPI","result",8.610487,4e-06,0b00001010,0b00000000
"SPI","disable",8.61049125,2.49999999e-07,,
"SPI","enable",8.610494,2.50000001e-07,,
"SPI","result",8.61049625,4e-06,0b00000010,0b00000000
"SPI","result",8.610501,4e-06,0b00001000,0b00000000
"SPI","result",8.61050875,4e-06,0b00000001,0b00000000
"SPI","result",8.6105135,4e-06,0b00001111,0b00000000
"SPI","disable",8.61051875,2.49999999e-07,,
"SPI","enable",8.610521,2.49999999e-07,,
"SPI","result",8.61052325,4e-06,0b00000000,0b00000000
"SPI","result",8.610528,4e-06,0b00001110,0b00000000
"SPI","result",8.61053575,4e-06,0b00000000,0b00000000
"SPI","result",8.61054025,4.25e-06,0b00000001,0b00000000
"SPI","disable",8.61054575,2.49999999e-07,,
"SPI","enable",8.610548,2.50000003e-07,,
"SPI","result",8.61055,4.25e-06,0b00000000,0b00000000
"SPI","result",8.61055475,4e-06,0b00000001,0b00000000
"SPI","result",8.6105625,4.25e-06,0b00000110,0b00000000
"SPI","result",8.61056725,4e-06,0b00000010,0b00000000
"SPI","disable",8.6105725,2.49999999e-07,,
"SPI","enable",8.61057475,2.50000001e-07,,
"SPI","result",8.610577,4e-06,0b00000001,0b00000000
"SPI","result",8.61058175,4e-06,0b00001111,0b00000000
"SPI","result",8.6105895,4e-06,0b00000000,0b00000000
"SPI","result",8.61059425,4e-06,0b00001111,0b00000000
"SPI","disable",8.6105995,2.50000003e-07,,
"SPI","enable",8.61060325,2.49999999e-07,,
"SPI","result",8.6106055,4e-06,0b00000000,0b00000000
"SPI","result",8.61061,4.25e-06,0b00001111,0b00000000
"SPI","result",8.610618,4e-06,0b00000000,0b00000000
"SPI","result",8.6106225,4.25e-06,0b00000100,0b00000000
"SPI","disable",8.61062775,2.49999999e-07,,
"SPI","enable",8.61063025,2.49999999e-07,,
"SPI","result",8.61063225,4.25e-06,0b00000000,0b00000000
"SPI","result",8.610637,4e-06,0b00001011,0b00000000
"SPI","result",8.61064475,4e-06,0b00000000,0b00000000
"SPI","result",8.6106495,4e-06,0b00000001,0b00000000
"SPI","disable",8.61065475,2.49999999e-07,,
"SPI","enable",8.610657,2.49999999e-07,,
"SPI","result",8.61065925,4e-06,0b00000000,0b00000000
"SPI","result",8.610664,4e-06,0b00000011,0b00000000
"SPI","result",8.61067175,4e-06,0b00000000,0b00000000
"SPI","result",8.6106765,4e-06,0b00001111,0b00000000
"SPI","disable",8.61068175,2.50000001e-07,,
"SPI","enable",8.61088975,2.49999999e-07,,
"SPI","result",8.6108905,4.25e-06,0b00001010,0b00000000
"SPI","disable",8.61089475,2.49999999e-07,,
"SPI","enable",8.61089775,2.50000001e-07,,
"SPI","result",8.6108985,4.25e-06,0b00001110,0b00000000
"SPI","disable",8.61090275,2.50000001e-07,,
"SPI","enable",8.6109045,2.49999999e-07,,
"SPI","result",8.610907,4e-06,0b00000000,0b00000000
"SPI","result",8.6109115,4.25e-06,0b00000101,0b00000000
"SPI","result",8.61092175,4e-06,0b00000100,0b00000000
"SPI","result",8.6109265,4e-06,0b00001000,0b00000000
"SPI","result",8.61093725,4e-06,0b00000010,0b00000000
"SPI","result",8.610942,4e-06,0b00000000,0b00000000
"SPI","result",8.61095275,4e-06,0b00000010,0b00000000
"SPI","result",8.6109575,4e-06,0b00000001,0b00000000
"SPI","result",8.61096825,4e-06,0b00000110,0b00000000
"SPI","result",8.610973,4e-06,0b00000100,0b00000000
"SPI","result",8.61098375,4e-06,0b00000010,0b00000000
"SPI","result",8.6109885,4e-06,0b00000001,0b00000000
"SPI","result",8.61099925,4e-06,0b00000011,0b00000000
"SPI","result",8.611004,4e-06,0b00000100,0b00000000
"SPI","result",8.61101475,4.25e-06,0b00000010,0b00000000
"SPI","result",8.6110195,4e-06,0b00000001,0b00000000
"SPI","result",8.61103025,4.25e-06,0b00000001,0b00000000
"SPI","result",8.611035,4e-06,0b00000100,0b00000000
"SPI","result",8.61104575,4.25e-06,0b00000010,0b00000000
"SPI","result",8.6110505,4e-06,0b00001100,0b00000000
"SPI","result",8.61106125,4.25e-06,0b00000001,0b00000000
"SPI","result",8.611066,4e-06,0b00000100,0b00000000
"SPI","result",8.611077,4e-06,0b00000010,0b00000000
"SPI","result",8.6110815,4e-06,0b00001100,0b00000000
"SPI","result",8.6110925,4e-06,0b00000001,0b00000000
"SPI","result",8.611097,4e-06,0b00000100,0b00000000
"SPI","result",8.611108,4e-06,0b00000010,0b00000000
"SPI","result",8.6111125,4.25e-06,0b00001100,0b00000000
"SPI","result",8.6111235,4e-06,0b00000001,0b00000000
"SPI","result",8.611128,4.25e-06,0b00000100,0b00000000
"SPI","result",8.611139,4e-06,0b00000010,0b00000000
"SPI","result",8.6111435,4.25e-06,0b00000001,0b00000000
"SPI","result",8.6111545,4e-06,0b00000000,0b00000000
"SPI","result",8.611159,4.25e-06,0b00000000,0b00000000
"SPI","disable",8.61116725,2.50000003e-07,,
"SPI","enable",8.6111695,2.50000001e-07,,
"SPI","result",8.61117025,4.25e-06,0b00001101,0b00000000
"SPI","disable",8.6111745,2.49999999e-07,,
"SPI","enable",8.64828825,2.49999999e-07,,
"SPI","result",8.64828925,4e-06,0b00001010,0b00000000
"SPI","disable",8.6482935,2.50000001e-07,,
"SPI","enable",8.6482965,2.49999999e-07,,
"SPI","result",8.6482985,4.25e-06,0b00000010,0b00000000
"SPI","result",8.64830325,4e-06,0b00001000,0b00000000
"SPI","result",8.648311,4e-06,0b00000001,0b00000000
"SPI","result",8.64831575,4e-06,0b00001111,0b00000000
"SPI","disable",8.648321,2.50000001e-07,,
"SPI","enable",8.64832325,2.49999999e-07,,
"SPI","result",8.6483255,4e-06,0b00000000,0b00000000
"SPI","result",8.64833025,4e-06,0b00001110,0b00000000
"SPI","result",8.648338,4e-06,0b00000000,0b00000000
"SPI","result",8.64834275,4e-06,0b00000001,0b00000000
"SPI","disable",8.648348,2.49999999e-07,,
"SPI","enable",8.64835025,2.49999999e-07,,
"SPI","result",8.6483525,4e-06,0b00000000,0b00000000
"SPI","result",8.648357,4e-06,0b00000001,0b00000000
"SPI","result",8.64836475,4.25e-06,0b00000110,0b00000000
"SPI","result",8.6483695,4e-06,0b00000010,0b00000000
"SPI","disable",8.64837475,2.49999999e-07,,
"SPI","enable",8.648377,2.49999999e-07,,
"SPI","result",8.64837925,4e-06,0b00000001,0b00000000
"SPI","result",8.648384,4e-06,0b00001111,0b00000000
"SPI","result",8.64839175,4e-06,0b00000000,0b00000000
"SPI","result",8.6483965,4e-06,0b00001111,0b00000000
"SPI","disable",8.64840175,2.50000001e-07,,
"SPI","enable",8.6484055,2.49999999e-07,,
"SPI","result",8.64840775,4e-06,0b00000000,0b00000000
"SPI","result",8.6484125,4e-06,0b00001111,0b00000000
"SPI","result",8.64842025,4e-06,0b00000000,0b00000000
"SPI","result",8.64842475,4.25e-06,0b00000100,0b00000000
"SPI","disable",8.64843025,2.49999999e-07,,
"SPI","enable",8.6484325,2.49999999e-07,,
"SPI","result",8.64843475,4e-06,0b00000000,0b00000000
"SPI","result",8.64843925,4e-06,0b00001011,0b00000000
"SPI","result",8.648447,4.25e-06,0b00000000,0b00000000
"SPI","result",8.64845175,4e-06,0b00000001,0b00000000
"SPI","disable",8.648457,2.49999999e-07,,
"SPI","enable",8.64845925,2.49999999e-07,,
"SPI","result",8.6484615,4e-06,0b00000000,0b00000000
"SPI","result",8.64846625,4e-06,0b00000011,0b00000000
"SPI","result",8.648474,4e-06,0b00000000,0b00000000
"SPI","result",8.64847875,4e-06,0b00001111,0b00000000
"SPI","disable",8.648484,2.49999999e-07,,
"SPI","enable",8.648692,2.49999999e-07,,
"SPI","result",8.648693,4e-06,0b00001010,0b00000000
"SPI","disable",8.648697,2.49999999e-07,,
"SPI","enable",8.6487,2.49999999e-07,,
"SPI","result",8.648701,4e-06,0b00001110,0b00000000
"SPI","disable",8.648705,2.50000001e-07,,
"SPI","enable",8.64870675,2.49999999e-07,,
"SPI","result",8.64870925,4e-06,0b00000000,0b00000000
"SPI","result",8.648714,4e-06,0b00000101,0b00000000
"SPI","result",8.648724,4e-06,0b00000100,0b00000000
"SPI","result",8.64872875,4e-06,0b00001000,0b00000000
"SPI","result",8.6487395,4e-06,0b00000010,0b00000000
"SPI","result",8.64874425,4e-06,0b00000000,0b00000000
"SPI","result",8.648755,4e-06,0b00000010,0b00000000
"SPI","result",8.64875975,4e-06,0b00000001,0b00000000
"SPI","result",8.6487705,4e-06,0b00000110,0b00000000
"SPI","result",8.64877525,4e-06,0b00000100,0b00000000
"SPI","result",8.648786,4.25e-06,0b00000010,0b00000000
"SPI","result",8.64879075,4e-06,0b00000001,0b00000000
"SPI","result",8.6488015,4.25e-06,0b00000011,0b00000000
"SPI","result",8.64880625,4e-06,0b00000100,0b00000000
"SPI","result",8.648817,4.25e-06,0b00000010,0b00000000
"SPI","result",8.64882175,4e-06,0b00000001,0b00000000
"SPI","result",8.6488325,4.25e-06,0b00000001,0b00000000
"SPI","result",8.64883725,4e-06,0b00000100,0b00000000
"SPI","result",8.64884825,4e-06,0b00000010,0b00000000
"SPI","result",8.64885275,4e-06,0b00001100,0b00000000
"SPI","result",8.64886375,4e-06,0b00000001,0b00000000
"SPI","result",8.64886825,4.25e-06,0b00000100,0b00000000
"SPI","result",8.64887925,4e-06,0b00000010,0b00000000
"SPI","result",8.64888375,4.25e-06,0b00001100,0b00000000
"SPI","result",8.64889475,4e-06,0b00000001,0b00000000
"SPI","result",8.64889925,4.25e-06,0b00000100,0b00000000
"SPI","result",8.64891025,4e-06,0b00000010,0b00000000
"SPI","result",8.648915,4e-06,0b00001100,0b00000000
"SPI","result",8.64892575,4e-06,0b00000001,0b00000000
"SPI","result",8.6489305,4e-06,0b00000100,0b00000000
"SPI","result",8.64894125,4e-06,0b00000010,0b00000000
"SPI","result",8.648946,4e-06,0b00000001,0b00000000
"SPI","result",8.64895675,4e-06,0b00000000,0b00000000
"SPI","result",8.6489615,4e-06,0b00000000,0b00000000
"SPI","disable",8.6489695,2.49999999e-07,,
"SPI","enable",8.64897175,2.50000001e-07,,
"SPI","result",8.64897275,4e-06,0b00001101,0b00000000
"SPI","disable",8.64897675,2.50000001e-07,,
"SPI","enable",9.398872,2.49999999e-07,,
"SPI","result",9.398873,4e-06,0b00001010,0b00000000
"SPI","disable",9.39887725,2.49999999e-07,,
"SPI","enable",9.39888025,2.50000001e-07,,
"SPI","result",9.39888225,4.25e-06,0b00000010,0b00000000
"SPI","result",9.398887,4e-06,0b00001000,0b00000000
"SPI","result",9.39889475,4.25e-06,0b00000001,0b00000000
"SPI","result",9.3988995,4e-06,0b00001111,0b00000000
"SPI","disable",9.39890475,2.49999999e-07,,
"SPI","enable",9.398907,2.50000001e-07,,
"SPI","result",9.39890925,4e-06,0b00000000,0b00000000
"SPI","result",9.398914,4e-06,0b00001110,0b00000000
"SPI","result",9.39892175,4e-06,0b00000000,0b00000000
"SPI","result",9.3989265,4e-06,0b00000001,0b00000000
"SPI","disable",9.39893175,2.50000001e-07,,
"SPI","enable",9.398934,2.49999999e-07,,
"SPI","result",9.39893625,4e-06,0b00000000,0b00000000
"SPI","result",9.39894075,4.25e-06,0b00000001,0b00000000
"SPI","result",9.39894875,4e-06,0b00000110,0b00000000
"SPI","result",9.39895325,4e-06,0b00000010,0b00000000
"SPI","disable",9.3989585,2.49999999e-07,,
"SPI","enable",9.398961,2.49999999e-07,,
"SPI","result",9.398963,4.25e-06,0b00000001,0b00000000
"SPI","result",9.39896775,4e-06,0b00001111,0b00000000
"SPI","result",9.3989755,4e-06,0b00000000,0b00000000
"SPI","result",9.39898025,4e-06,0b00001111,0b00000000
"SPI","disable",9.3989855,2.49999999e-07,,
"SPI","enable",9.39898925,2.50000003e-07,,
"SPI","result",9.3989915,4e-06,0b00000000,0b00000000
"SPI","result",9.39899625,4e-06,0b00001111,0b00000000
"SPI","result",9.399004,4e-06,0b00000000,0b00000000
"SPI","result",9.39900875,4e-06,0b00000100,0b00000000
"SPI","disable",9.399014,2.50000001e-07,,
"SPI","enable",9.39901625,2.49999999e-07,,
"SPI","result",9.3990185,4e-06,0b00000000,0b00000000
"SPI","result",9.399023,4.25e-06,0b00001011,0b00000000
"SPI","result",9.399031,4e-06,0b00000000,0b00000000
"SPI","result",9.3990355,4e-06,0b00000001,0b00000000
"SPI","disable",9.39904075,2.50000001e-07,,
"SPI","enable",9.39904325,2.49999999e-07,,
"SPI","result",9.39904525,4.25e-06,0b00000000,0b00000000
"SPI","result",9.39905,4e-06,0b00000011,0b00000000
"SPI","result",9.39905775,4e-06,0b00000000,0b00000000
"SPI","result",9.3990625,4e-06,0b00001111,0b00000000
"SPI","disable",9.39906775,2.49999999e-07,,
"SPI","enable",9.39927575,2.50000001e-07,,
"SPI","result",9.39927675,4e-06,0b00001010,0b00000000
"SPI","disable",9.399281,2.49999999e-07,,
"SPI","enable",9.39928375,2.49999999e-07,,
"SPI","result",9.39928475,4e-06,0b00001110,0b00000000
"SPI","disable",9.399289,2.50000001e-07,,
"SPI","enable",9.39929075,2.49999999e-07,,
"SPI","result",9.399293,4.25e-06,0b00000000,0b00000000
"SPI","result",9.39929775,4e-06,0b00000101,0b00000000
"SPI","result",9.39930775,4.25e-06,0b00000100,0b00000000
"SPI","result",9.3993125,4e-06,0b00001000,0b00000000
"SPI","result",9.3993235,4e-06,0b00000010,0b00000000
"SPI","result",9.399328,4e-06,0b00000000,0b00000000
"SPI","result",9.399339,4e-06,0b00000010,0b00000000
"SPI","result",9.3993435,4.25e-06,0b00000001,0b00000000
"SPI","result",9.3993545,4e-06,0b00000110,0b00000000
"SPI","result",9.399359,4.25e-06,0b00000100,0b00000000
"SPI","result",9.39937,4e-06,0b00000010,0b00000000
"SPI","result",9.3993745,4.25e-06,0b00000001,0b00000000
"SPI","result",9.3993855,4e-06,0b00000011,0b00000000
"SPI","result",9.39939,4.25e-06,0b00000100,0b00000000
"SPI","result",9.399401,4e-06,0b00000010,0b00000000
"SPI","result",9.39940575,4e-06,0b00000001,0b00000000
"SPI","result",9.3994165,4e-06,0b00000001,0b00000000
"SPI","result",9.39942125,4e-06,0b00000100,0b00000000
"SPI","result",9.399432,4e-06,0b00000010,0b00000000
"SPI","result",9.39943675,4e-06,0b00001100,0b00000000
"SPI","result",9.3994475,4e-06,0b00000001,0b00000000
"SPI","result",9.39945225,4e-06,0b00000100,0b00000000
"SPI","result",9.399463,4e-06,0b00000010,0b00000000
"SPI","result",9.39946775,4e-06,0b00001100,0b00000000
"SPI","result",9.3994785,4.25e-06,0b00000001,0b00000000
"SPI","result",9.39948325,4e-06,0b00000100,0b00000000
"SPI","result",9.399494,4.25e-06,0b00000010,0b00000000
"SPI","result",9.39949875,4e-06,0b00001100,0b00000000
"SPI","result",9.3995095,4.25e-06,0b00000001,0b00000000
"SPI","result",9.39951425,4e-06,0b00000100,0b00000000
"SPI","result",9.39952525,4e-06,0b00000010,0b00000000
"SPI","result",9.39952975,4e-06,0b00000001,0b00000000
"SPI","result",9.39954075,4e-06,0b00000000,0b00000000
"SPI","result",9.39954525,4e-06,0b00000000,0b00000000
"SPI","disable",9.3995535,2.50000001e-07,,
"SPI","enable",9.3995555,2.49999999e-07,,
"SPI","result",9.3995565,4e-06,0b00001101,0b00000000
"SPI","disable",9.39956075,2.50000001e-07,,
"SPI","enable",9.4365125,2.50000001e-07,,
"SPI","result",9.43651325,4.25e-06,0b00001010,0b00000000
"SPI","disable",9.4365175,2.50000001e-07,,
"SPI","enable",9.4365205,2.49999999e-07,,
"SPI","result",9.43652275,4e-06,0b00000010,0b00000000
"SPI","result",9.43652725,4.25e-06,0b00001000,0b00000000
"SPI","result",9.43653525,4e-06,0b00000001,0b00000000
"SPI","result",9.43653975,4e-06,0b00001111,0b00000000
"SPI","disable",9.436545,2.49999999e-07,,
"SPI","enable",9.4365475,2.50000003e-07,,
"SPI","result",9.4365495,4.25e-06,0b00000000,0b00000000
"SPI","result",9.43655425,4e-06,0b00001110,0b00000000
"SPI","result",9.436562,4e-06,0b00000000,0b00000000
"SPI","result",9.43656675,4e-06,0b00000001,0b00000000
"SPI","disable",9.436572,2.49999999e-07,,
"SPI","enable",9.43657425,2.50000001e-07,,
"SPI","result",9.4365765,4e-06,0b00000000,0b00000000
"SPI","result",9.43658125,4e-06,0b00000001,0b00000000
"SPI","result",9.436589,4e-06,0b00000110,0b00000000
"SPI","result",9.4365935,4.25e-06,0b00000010,0b00000000
"SPI","disable",9.436599,2.50000001e-07,,
"SPI","enable",9.43660125,2.49999999e-07,,
"SPI","result",9.4366035,4e-06,0b00000001,0b00000000
"SPI","result",9.436608,4e-06,0b00001111,0b00000000
"SPI","result",9.43661575,4.25e-06,0b00000000,0b00000000
"SPI","result",9.4366205,4e-06,0b00001111,0b00000000
"SPI","disable",9.43662575,2.50000001e-07,,
"SPI","enable",9.4366295,2.49999999e-07,,
"SPI","result",9.43663175,4.25e-06,0b00000000,0b00000000
"SPI","result",9.4366365,4e-06,0b00001111,0b00000000
"SPI","result",9.43664425,4e-06,0b00000000,0b00000000
"SPI","result",9.436649,4e-06,0b00000100,0b00000000
"SPI","disable",9.43665425,2.49999999e-07,,
"SPI","enable",9.4366565,2.49999999e-07,,
"SPI","result",9.43665875,4e-06,0b00000000,0b00000000
"SPI","result",9.4366635,4e-06,0b00001011,0b00000000
"SPI","result",9.43667125,4e-06,0b00000000,0b00000000
"SPI","result",9.43667575,4.25e-06,0b00000001,0b00000000
"SPI","disable",9.43668125,2.50000001e-07,,
"SPI","enable",9.4366835,2.50000001e-07,,
"SPI","result",9.4366855,4.25e-06,0b00000000,0b00000000
"SPI","result",9.43669025,4e-06,0b00000011,0b00000000
"SPI","result",9.436698,4.25e-06,0b00000000,0b00000000
"SPI","result",9.43670275,4e-06,0b00001111,0b00000000
"SPI","disable",9.436708,2.50000001e-07,,
"SPI","enable",9.436916,2.50000001e-07,,
"SPI","result",9.436917,4e-06,0b00001010,0b00000000
"SPI","disable",9.43692125,2.50000001e-07,,
"SPI","enable",9.436924,2.50000001e-07,,
"SPI","result",9.436925,4e-06,0b00001110,0b00000000
"SPI","disable",9.43692925,2.49999999e-07,,
"SPI","enable",9.436931,2.50000003e-07,,
"SPI","result",9.43693325,4e-06,0b00000000,0b00000000
"SPI","result",9.436938,4e-06,0b00000101,0b00000000
"SPI","result",9.436948,4.25e-06,0b00000100,0b00000000
"SPI","result",9.43695275,4e-06,0b00001000,0b00000000
"SPI","result",9.43696375,4e-06,0b00000010,0b00000000
"SPI","result",9.43696825,4e-06,0b00000000,0b00000000
"SPI","result",9.43697925,4e-06,0b00000010,0b00000000
"SPI","result",9.43698375,4e-06,0b00000001,0b00000000
"SPI","result",9.43699475,4e-06,0b00000110,0b00000000
"SPI","result",9.43699925,4.25e-06,0b00000100,0b00000000
"SPI","result",9.43701025,4e-06,0b00000010,0b00000000
"SPI","result",9.43701475,4.25e-06,0b00000001,0b00000000
"SPI","result",9.43702575,4e-06,0b00000011,0b00000000
"SPI","result",9.43703025,4.25e-06,0b00000100,0b00000000
"SPI","result",9.43704125,4e-06,0b00000010,0b00000000
"SPI","result",9.43704575,4.25e-06,0b00000001,0b00000000
"SPI","result",9.43705675,4e-06,0b00000001,0b00000000
"SPI","result",9.43706125,4.25e-06,0b00000100,0b00000000
"SPI","result",9.43707225,4e-06,0b00000010,0b00000000
"SPI","result",9.437077,4e-06,0b00001100,0b00000000
"SPI","result",9.43708775,4e-06,0b00000001,0b00000000
"SPI","result",9.4370925,4e-06,0b00000100,0b00000000
"SPI","result",9.43710325,4e-06,0b00000010,0b00000000
"SPI","result",9.437108,4e-06,0b00001100,0b00000000
"SPI","result",9.43711875,4e-06,0b00000001,0b00000000
"SPI","result",9.4371235,4e-06,0b00000100,0b00000000
"SPI","result",9.43713425,4e-06,0b00000010,0b00000000
"SPI","result",9.437139,4e-06,0b00001100,0b00000000
"SPI","result",9.43714975,4e-06,0b00000001,0b00000000
"SPI","result",9.4371545,4e-06,0b00000100,0b00000000
"SPI","result",9.43716525,4.25e-06,0b00000010,0b00000000
"SPI","result",9.43717,4e-06,0b00000001,0b00000000
"SPI","result",9.43718075,4.25e-06,0b00000000,0b00000000
"SPI","result",9.4371855,4e-06,0b00000000,0b00000000
"SPI","disable",9.4371935,2.50000001e-07,,
"SPI","enable",9.43719575,2.49999999e-07,,
"SPI","result",9.43719675,4e-06,0b00001101,0b00000000
"SPI","disable",9.437201,2.50000001e-07,,
"SPI","enable",10.3302782,2.50000001e-07,,
"SPI","result",10.330279,4.25e-06,0b00001010,0b00000000
"SPI","disable",10.3302833,2.49999999e-07,,
"SPI","enable",10.3302863,2.49999999e-07,,
"SPI","result",10.3302885,4e-06,0b00000010,0b00000000
"SPI","result",10.330293,4.25e-06,0b00001000,0b00000000
"SPI","result",10.330301,4e-06,0b00000001,0b00000000
"SPI","result",10.3303055,4e-06,0b00001111,0b00000000
"SPI","disable",10.3303108,2.49999999e-07,,
"SPI","enable",10.3303132,2.50000001e-07,,
"SPI","result",10.3303152,4.25e-06,0b00000000,0b00000000
"SPI","result",10.33032,4e-06,0b00001110,0b00000000
"SPI","result",10.3303278,4e-06,0b00000000,0b00000000
"SPI","result",10.3303325,4e-06,0b00000001,0b00000000
"SPI","disable",10.3303377,2.49999999e-07,,
"SPI","enable",10.33034,2.50000001e-07,,
"SPI","result",10.3303422,4e-06,0b00000000,0b00000000
"SPI","result",10.330347,4e-06,0b00000001,0b00000000
"SPI","result",10.3303547,4e-06,0b00000110,0b00000000
"SPI","result",10.3303593,4.25e-06,0b00000010,0b00000000
"SPI","disable",10.3303647,2.50000001e-07,,
"SPI","enable",10.330367,2.49999999e-07,,
"SPI","result",10.3303693,4e-06,0b00000001,0b00000000
"SPI","result",10.3303737,4e-06,0b00001111,0b00000000
"SPI","result",10.3303815,4.25e-06,0b00000000,0b00000000
"SPI","result",10.3303863,4e-06,0b00001111,0b00000000
"SPI","disable",10.3303915,2.50000001e-07,,
"SPI","enable",10.3303952,2.50000001e-07,,
"SPI","result",10.3303975,4.25e-06,0b00000000,0b00000000
"SPI","result",10.3304023,4e-06,0b00001111,0b00000000
"SPI","result",10.33041,4e-06,0b00000000,0b00000000
"SPI","result",10.3304147,4e-06,0b00000100,0b00000000
"SPI","disable",10.33042,2.49999999e-07,,
"SPI","enable",10.3304222,2.49999999e-07,,
"SPI","result",10.3304245,4e-06,0b00000000,0b00000000
"SPI","result",10.3304292,4e-06,0b00001011,0b00000000
"SPI","result",10.330437,4e-06,0b00000000,0b00000000
"SPI","result",10.3304415,4.25e-06,0b00000001,0b00000000
"SPI","disable",10.330447,2.50000001e-07,,
"SPI","enable",10.3304492,2.50000001e-07,,
"SPI","result",10.3304512,4.25e-06,0b00000000,0b00000000
"SPI","result",10.330456,4e-06,0b00000011,0b00000000
"SPI","result",10.3304637,4.25e-06,0b00000000,0b00000000
"SPI","result",10.3304685,4e-06,0b00001111,0b00000000
"SPI","disable",10.3304737,2.50000001e-07,,
"SPI","enable",10.3306818,2.49999999e-07,,
"SPI","result",10.3306827,4e-06,0b00001010,0b00000000
"SPI","disable",10.330687,2.50000001e-07,,
"SPI","enable",10.3306897,2.50000001e-07,,
"SPI","result",10.3306908,4e-06,0b00001110,0b00000000
"SPI","disable",10.330695,2.50000001e-07,,
"SPI","enable",10.3306967,2.50000001e-07,,
"SPI","result",10.330699,4.25e-06,0b00000000,0b00000000
"SPI","result",10.3307037,4e-06,0b00000101,0b00000000
"SPI","result",10.330714,4e-06,0b00000100,0b00000000
"SPI","result",10.3307185,4.25e-06,0b00001100,0b00000000
"SPI","result",10.3307295,4e-06,0b00000010,0b00000000
"SPI","result",10.330734,4.25e-06,0b00000000,0b00000000
"SPI","result",10.330745,4e-06,0b00000010,0b00000000
"SPI","result",10.3307495,4.25e-06,0b00000001,0b00000000
"SPI","result",10.3307605,4e-06,0b00000110,0b00000000
"SPI","result",10.330765,4.25e-06,0b00000100,0b00000000
"SPI","result",10.330776,4e-06,0b00000010,0b00000000
"SPI","result",10.3307808,4e-06,0b00000001,0b00000000
"SPI","result",10.3307915,4e-06,0b00000011,0b00000000
"SPI","result",10.3307963,4e-06,0b00000100,0b00000000
"SPI","result",10.330807,4e-06,0b00000010,0b00000000
"SPI","result",10.3308118,4e-06,0b00000001,0b00000000
"SPI","result",10.3308225,4e-06,0b00000001,0b00000000
"SPI","result",10.3308273,4e-06,0b00000100,0b00000000
"SPI","result",10.330838,4e-06,0b00000010,0b00000000
"SPI","result",10.3308428,4e-06,0b00001100,0b00000000
"SPI","result",10.3308535,4e-06,0b00000001,0b00000000
"SPI","result",10.3308583,4e-06,0b00000100,0b00000000
"SPI","result",10.330869,4.25e-06,0b00000010,0b00000000
"SPI","result",10.3308738,4e-06,0b00001100,0b00000000
"SPI","result",10.3308845,4.25e-06,0b00000001,0b00000000
"SPI","result",10.3308893,4e-06,0b00000100,0b00000000
"SPI","result",10.3309,4.25e-06,0b00000010,0b00000000
"SPI","result",10.3309048,4e-06,0b00001100,0b00000000
"SPI","result",10.3309155,4.25e-06,0b00000001,0b00000000
"SPI","result",10.3309203,4e-06,0b00000100,0b00000000
"SPI","result",10.3309313,4e-06,0b00000010,0b00000000
"SPI","result",10.3309358,4e-06,0b00000001,0b00000000
"SPI","result",10.3309468,4e-06,0b00000000,0b00000000
"SPI","result",10.3309513,4e-06,0b00000000,0b00000000
"SPI","disable",10.3309595,2.49999999e-07,,
"SPI","enable",10.3309615,2.49999999e-07,,
"SPI","result",10.3309625,4e-06,0b00001101,0b00000000
"SPI","disable",10.3309667,2.49999999e-07,,
"SPI","enable",10.3679375,2.49999999e-07,,
"SPI","result",10.3679385,4e-06,0b00001010,0b00000000
"SPI","disable",10.3679427,2.50000003e-07,,
"SPI","enable",10.3679455,2.50000001e-07,,
"SPI","result",10.3679478,4e-06,0b00000010,0b00000000
"SPI","result",10.3679525,4e-06,0b00001000,0b00000000
"SPI","result",10.3679602,4e-06,0b00000001,0b00000000
"SPI","result",10.367965,4e-06,0b00001111,0b00000000
"SPI","disable",10.3679703,2.49999999e-07,,
"SPI","enable",10.3679725,2.49999999e-07,,
"SPI","result",10.3679748,4e-06,0b00000000,0b00000000
"SPI","result",10.3679795,4e-06,0b00001110,0b00000000
"SPI","result",10.3679873,4e-06,0b00000000,0b00000000
"SPI","result",10.3679917,4.25e-06,0b00000001,0b00000000
"SPI","disable",10.367997,2.49999999e-07,,
"SPI","enable",10.3679995,2.49999999e-07,,
"SPI","result",10.3680015,4.25e-06,0b00000000,0b00000000
"SPI","result",10.3680063,4e-06,0b00000001,0b00000000
"SPI","result",10.368014,4.25e-06,0b00000110,0b00000000
"SPI","result",10.3680187,4e-06,0b00000010,0b00000000
"SPI","disable",10.368024,2.50000001e-07,,
"SPI","enable",10.3680262,2.50000001e-07,,
"SPI","result",10.3680285,4e-06,0b00000001,0b00000000
"SPI","result",10.3680332,4e-06,0b00001111,0b00000000
"SPI","result",10.368041,4e-06,0b00000000,0b00000000
"SPI","result",10.3680458,4e-06,0b00001111,0b00000000
"SPI","disable",10.368051,2.50000001e-07,,
"SPI","enable",10.3680548,2.49999999e-07,,
"SPI","result",10.368057,4e-06,0b00000000,0b00000000
"SPI","result",10.3680615,4.25e-06,0b00001111,0b00000000
"SPI","result",10.3680695,4e-06,0b00000000,0b00000000
"SPI","result",10.368074,4.25e-06,0b00000100,0b00000000
"SPI","disable",10.3680792,2.50000001e-07,,
"SPI","enable",10.3680817,2.49999999e-07,,
"SPI","result",10.3680838,4.25e-06,0b00000000,0b00000000
"SPI","result",10.3680885,4e-06,0b00001011,0b00000000
"SPI","result",10.3680963,4e-06,0b00000000,0b00000000
"SPI","result",10.368101,4e-06,0b00000001,0b00000000
"SPI","disable",10.3681063,2.49999999e-07,,
"SPI","enable",10.3681085,2.49999999e-07,,
"SPI","result",10.3681107,4e-06,0b00000000,0b00000000
"SPI","result",10.3681155,4e-06,0b00000011,0b00000000
"SPI","result",10.3681233,4e-06,0b00000000,0b00000000
"SPI","result",10.368128,4e-06,0b00001111,0b00000000
"SPI","disable",10.3681332,2.50000001e-07,,
"SPI","enable",10.3683413,2.50000001e-07,,
"SPI","result",10.368342,4.25e-06,0b00001010,0b00000000
"SPI","disable",10.3683463,2.49999999e-07,,
"SPI","enable",10.3683492,2.50000001e-07,,
"SPI","result",10.36835,4.25e-06,0b00001110,0b00000000
"SPI","disable",10.3683542,2.50000001e-07,,
"SPI","enable",10.368356,2.49999999e-07,,
"SPI","result",10.3683585,4e-06,0b00000000,0b00000000
"SPI","result",10.368363,4.25e-06,0b00000101,0b00000000
"SPI","result",10.3683732,4e-06,0b00000100,0b00000000
"SPI","result",10.368378,4e-06,0b00001100,0b00000000
"SPI","result",10.3683887,4e-06,0b00000010,0b00000000
"SPI","result",10.3683935,4e-06,0b00000000,0b00000000
"SPI","result",10.3684042,4e-06,0b00000010,0b00000000
"SPI","result",10.368409,4e-06,0b00000001,0b00000000
"SPI","result",10.3684197,4e-06,0b00000110,0b00000000
"SPI","result",10.3684245,4e-06,0b00000100,0b00000000
"SPI","result",10.3684352,4.25e-06,0b00000010,0b00000000
"SPI","result",10.36844,4e-06,0b00000001,0b00000000
"SPI","result",10.3684507,4.25e-06,0b00000011,0b00000000
"SPI","result",10.3684555,4e-06,0b00000100,0b00000000
"SPI","result",10.3684663,4.25e-06,0b00000010,0b00000000
"SPI","result",10.368471,4e-06,0b00000001,0b00000000
"SPI","result",10.3684818,4.25e-06,0b00000001,0b00000000
"SPI","result",10.3684865,4e-06,0b00000100,0b00000000
"SPI","result",10.3684975,4e-06,0b00000010,0b00000000
"SPI","result",10.368502,4e-06,0b00001100,0b00000000
"SPI","result",10.368513,4e-06,0b00000001,0b00000000
"SPI","result",10.3685175,4e-06,0b00000100,0b00000000
"SPI","result",10.3685285,4e-06,0b00000010,0b00000000
"SPI","result",10.368533,4.25e-06,0b00001100,0b00000000
"SPI","result",10.368544,4e-06,0b00000001,0b00000000
"SPI","result",10.3685485,4.25e-06,0b00000100,0b00000000
"SPI","result",10.3685595,4e-06,0b00000010,0b00000000
"SPI","result",10.3685643,4e-06,0b00001100,0b00000000
"SPI","result",10.368575,4e-06,0b00000001,0b00000000
"SPI","result",10.3685795,4.25e-06,0b00000100,0b00000000
"SPI","result",10.3685905,4e-06,0b00000010,0b00000000
"SPI","result",10.3685953,4e-06,0b00000001,0b00000000
"SPI","result",10.368606,4e-06,0b00000000,0b00000000
"SPI","result",10.3686108,4e-06,0b00000000,0b00000000
"SPI","disable",10.3686187,2.50000001e-07,,
"SPI","enable",10.368621,2.50000001e-07,,
"SPI","result",10.368622,4e-06,0b00001101,0b00000000
"SPI","disable",10.368626,2.49999999e-07,,
"SPI","enable",11.30011,2.49999999e-07,,
"SPI","result",11.300111,4e-06,0b00001010,0b00000000
"SPI","disable",11.3001152,2.50000001e-07,,
"SPI","enable",11.3001183,2.49999999e-07,,
"SPI","result",11.3001203,4.25e-06,0b00000010,0b00000000
"SPI","result",11.300125,4e-06,0b00001000,0b00000000
"SPI","result",11.3001327,4.25e-06,0b00000001,0b00000000
"SPI","result",11.3001375,4e-06,0b00001111,0b00000000
"SPI","disable",11.3001427,2.50000001e-07,,
"SPI","enable",11.300145,2.49999999e-07,,
"SPI","result",11.3001473,4e-06,0b00000000,0b00000000
"SPI","result",11.300152,4e-06,0b00001110,0b00000000
"SPI","result",11.3001598,4e-06,0b00000000,0b00000000
"SPI","result",11.3001645,4e-06,0b00000001,0b00000000
"SPI","disable",11.3001698,2.49999999e-07,,
"SPI","enable",11.300172,2.49999999e-07,,
"SPI","result",11.3001742,4e-06,0b00000000,0b00000000
"SPI","result",11.3001788,4.25e-06,0b00000001,0b00000000
"SPI","result",11.3001867,4e-06,0b00000110,0b00000000
"SPI","result",11.3001912,4e-06,0b00000010,0b00000000
"SPI","disable",11.3001965,2.49999999e-07,,
"SPI","enable",11.300199,2.50000001e-07,,
"SPI","result",11.300201,4.25e-06,0b00000001,0b00000000
"SPI","result",11.3002057,4e-06,0b00001111,0b00000000
"SPI","result",11.3002135,4e-06,0b00000000,0b00000000
"SPI","result",11.3002183,4e-06,0b00001111,0b00000000
"SPI","disable",11.3002235,2.50000001e-07,,
"SPI","enable",11.3002273,2.50000001e-07,,
"SPI","result",11.3002295,4e-06,0b00000000,0b00000000
"SPI","result",11.3002343,4e-06,0b00001111,0b00000000
"SPI","result",11.300242,4e-06,0b00000000,0b00000000
"SPI","result",11.3002467,4e-06,0b00000100,0b00000000
"SPI","disable",11.300252,2.49999999e-07,,
"SPI","enable",11.3002543,2.49999999e-07,,
"SPI","result",11.3002565,4e-06,0b00000000,0b00000000
"SPI","result",11.300261,4.25e-06,0b00001011,0b00000000
"SPI","result",11.300269,4e-06,0b00000000,0b00000000
"SPI","result",11.3002735,4e-06,0b00000001,0b00000000
"SPI","disable",11.3002788,2.50000001e-07,,
"SPI","enable",11.3002812,2.50000001e-07,,
"SPI","result",11.3002832,4.25e-06,0b00000000,0b00000000
"SPI","result",11.300288,4e-06,0b00000011,0b00000000
"SPI","result",11.3002958,4e-06,0b00000000,0b00000000
"SPI","result",11.3003005,4e-06,0b00001111,0b00000000
"SPI","disable",11.3003057,2.50000001e-07,,
"SPI","enable",11.3005138,2.49999999e-07,,
"SPI","result",11.3005147,4e-06,0b00001010,0b00000000
"SPI","disable",11.300519,2.50000001e-07,,
"SPI","enable",11.3005217,2.50000001e-07,,
"SPI","result",11.3005228,4e-06,0b00001110,0b00000000
"SPI","disable",11.300527,2.49999999e-07,,
"SPI","enable",11.3005287,2.49999999e-07,,
"SPI","result",11.300531,4e-06,0b00000000,0b00000000
"SPI","result",11.3005357,4e-06,0b00000101,0b00000000
"SPI","result",11.3005457,4.25e-06,0b00000100,0b00000000
"SPI","result",11.3005505,4e-06,0b00001000,0b00000000
"SPI","result",11.3005612,4.25e-06,0b00000010,0b00000000
"SPI","result",11.300566,4e-06,0b00000000,0b00000000
"SPI","result",11.300577,4e-06,0b00000010,0b00000000
"SPI","result",11.3005815,4e-06,0b00000001,0b00000000
"SPI","result",11.3005925,4e-06,0b00000110,0b00000000
"SPI","result",11.300597,4e-06,0b00000100,0b00000000
"SPI","result",11.300608,4e-06,0b00000010,0b00000000
"SPI","result",11.3006125,4.25e-06,0b00000001,0b00000000
"SPI","result",11.3006235,4e-06,0b00000011,0b00000000
"SPI","result",11.300628,4.25e-06,0b00000100,0b00000000
"SPI","result",11.300639,4e-06,0b00000010,0b00000000
"SPI","result",11.3006435,4.25e-06,0b00000001,0b00000000
"SPI","result",11.3006545,4e-06,0b00000001,0b00000000
"SPI","result",11.300659,4.25e-06,0b00000100,0b00000000
"SPI","result",11.30067,4e-06,0b00000010,0b00000000
"SPI","result",11.3006748,4e-06,0b00001100,0b00000000
"SPI","result",11.3006855,4e-06,0b00000001,0b00000000
"SPI","result",11.3006903,4e-06,0b00000100,0b00000000
"SPI","result",11.300701,4e-06,0b00000010,0b00000000
"SPI","result",11.3007058,4e-06,0b00001100,0b00000000
"SPI","result",11.3007165,4e-06,0b00000001,0b00000000
"SPI","result",11.3007213,4e-06,0b00000100,0b00000000
"SPI","result",11.300732,4e-06,0b00000010,0b00000000
"SPI","result",11.3007368,4e-06,0b00001100,0b00000000
"SPI","result",11.3007475,4e-06,0b00000001,0b00000000
"SPI","result",11.3007523,4e-06,0b00000100,0b00000000
"SPI","result",11.300763,4.25e-06,0b00000010,0b00000000
"SPI","result",11.3007678,4e-06,0b00000001,0b00000000
"SPI","result",11.3007785,4.25e-06,0b00000000,0b00000000
"SPI","result",11.3007833,4e-06,0b00000000,0b00000000
"SPI","disable",11.3007912,2.50000001e-07,,
"SPI","enable",11.3007935,2.50000001e-07,,
"SPI","result",11.3007945,4e-06,0b00001101,0b00000000
"SPI","disable",11.3007988,2.49999999e-07,,
"SPI","enable",11.3377858,2.49999999e-07,,
"SPI","result",11.3377867,4e-06,0b00001010,0b00000000
"SPI","disable",11.337791,2.50000001e-07,,
"SPI","enable",11.337794,2.50000001e-07,,
"SPI","result",11.337796,4.25e-06,0b00000010,0b00000000
"SPI","result",11.3378007,4e-06,0b00001000,0b00000000
"SPI","result",11.3378085,4.25e-06,0b00000001,0b00000000
"SPI","result",11.3378132,4e-06,0b00001111,0b00000000
"SPI","disable",11.3378185,2.50000001e-07,,
"SPI","enable",11.3378208,2.49999999e-07,,
"SPI","result",11.337823,4e-06,0b00000000,0b00000000
"SPI","result",11.3378278,4e-06,0b00001110,0b00000000
"SPI","result",11.3378355,4e-06,0b00000000,0b00000000
"SPI","result",11.3378402,4e-06,0b00000001,0b00000000
"SPI","disable",11.3378455,2.50000001e-07,,
"SPI","enable",11.3378477,2.50000001e-07,,
"SPI","result",11.33785,4e-06,0b00000000,0b00000000
"SPI","result",11.3378545,4.25e-06,0b00000001,0b00000000
"SPI","result",11.3378625,4e-06,0b00000110,0b00000000
"SPI","result",11.337867,4.25e-06,0b00000010,0b00000000
"SPI","disable",11.3378723,2.49999999e-07,,
"SPI","enable",11.3378747,2.50000001e-07,,
"SPI","result",11.3378767,4.25e-06,0b00000001,0b00000000
"SPI","result",11.3378815,4e-06,0b00001111,0b00000000
"SPI","result",11.3378892,4e-06,0b00000000,0b00000000
"SPI","result",11.337894,4e-06,0b00001111,0b00000000
"SPI","disable",11.3378992,2.50000001e-07,,
"SPI","enable",11.337903,2.49999999e-07,,
"SPI","result",11.3379053,4e-06,0b00000000,0b00000000
"SPI","result",11.33791,4e-06,0b00001111,0b00000000
"SPI","result",11.3379178,4e-06,0b00000000,0b00000000
"SPI","result",11.3379225,4e-06,0b00000100,0b00000000
"SPI","disable",11.3379278,2.49999999e-07,,
"SPI","enable",11.33793,2.49999999e-07,,
"SPI","result",11.3379322,4e-06,0b00000000,0b00000000
"SPI","result",11.3379368,4.25e-06,0b00001011,0b00000000
"SPI","result",11.3379448,4e-06,0b00000000,0b00000000
"SPI","result",11.3379492,4e-06,0b00000001,0b00000000
"SPI","disable",11.3379545,2.49999999e-07,,
"SPI","enable",11.337957,2.50000003e-07,,
"SPI","result",11.337959,4.25e-06,0b00000000,0b00000000
"SPI","result",11.3379638,4e-06,0b00000011,0b00000000
"SPI","result",11.3379715,4e-06,0b00000000,0b00000000
"SPI","result",11.3379763,4e-06,0b00001111,0b00000000
"SPI","disable",11.3379815,2.50000001e-07,,
"SPI","enable",11.3381895,2.49999999e-07,,
"SPI","result",11.3381905,4e-06,0b00001010,0b00000000
"SPI","disable",11.3381947,2.50000003e-07,,
"SPI","enable",11.3381975,2.50000001e-07,,
"SPI","result",11.3381985,4e-06,0b00001110,0b00000000
"SPI","disable",11.3382028,2.49999999e-07,,
"SPI","enable",11.3382045,2.49999999e-07,,
"SPI","result",11.3382067,4.25e-06,0b00000000,0b00000000
"SPI","result",11.3382115,4e-06,0b00000101,0b00000000
"SPI","result",11.3382218,4e-06,0b00000100,0b00000000
"SPI","result",11.3382262,4e-06,0b00001000,0b00000000
"SPI","result",11.3382373,4e-06,0b00000010,0b00000000
"SPI","result",11.3382417,4.25e-06,0b00000000,0b00000000
"SPI","result",11.3382527,4e-06,0b00000010,0b00000000
"SPI","result",11.3382572,4.25e-06,0b00000001,0b00000000
"SPI","result",11.3382683,4e-06,0b00000110,0b00000000
"SPI","result",11.3382727,4.25e-06,0b00000100,0b00000000
"SPI","result",11.3382838,4e-06,0b00000010,0b00000000
"SPI","result",11.3382882,4.25e-06,0b00000001,0b00000000
"SPI","result",11.3382993,4e-06,0b00000011,0b00000000
"SPI","result",11.338304,4e-06,0b00000100,0b00000000
"SPI","result",11.3383148,4e-06,0b00000010,0b00000000
"SPI","result",11.3383195,4e-06,0b00000001,0b00000000
"SPI","result",11.3383303,4e-06,0b00000001,0b00000000
"SPI","result",11.338335,4e-06,0b00000100,0b00000000
"SPI","result",11.3383458,4e-06,0b00000010,0b00000000
"SPI","result",11.3383505,4e-06,0b00001100,0b00000000
"SPI","result",11.3383613,4e-06,0b00000001,0b00000000
"SPI","result",11.338366,4e-06,0b00000100,0b00000000
"SPI","result",11.3383768,4.25e-06,0b00000010,0b00000000
"SPI","result",11.3383815,4e-06,0b00001100,0b00000000
"SPI","result",11.3383923,4.25e-06,0b00000001,0b00000000
"SPI","result",11.338397,4e-06,0b00000100,0b00000000
"SPI","result",11.3384078,4.25e-06,0b00000010,0b00000000
"SPI","result",11.3384125,4e-06,0b00001100,0b00000000
"SPI","result",11.3384235,4e-06,0b00000001,0b00000000
"SPI","result",11.338428,4e-06,0b00000100,0b00000000
"SPI","result",11.338439,4e-06,0b00000010,0b00000000
"SPI","result",11.3384435,4.25e-06,0b00000001,0b00000000
"SPI","result",11.3384545,4e-06,0b00000000,0b00000000
"SPI","result",11.338459,4.25e-06,0b00000000,0b00000000
"SPI","disable",11.3384673,2.49999999e-07,,
"SPI","enable",11.3384692,2.50000001e-07,,
"SPI","result",11.3384703,4e-06,0b00001101,0b00000000
"SPI","disable",11.3384745,2.49999999e-07,,
"SPI","enable",12.0152638,2.50000001e-07,,
"SPI","result",12.0152645,4.25e-06,0b00001010,0b00000000
"SPI","disable",12.0152688,2.49999999e-07,,
"SPI","enable",12.0152718,2.49999999e-07,,
"SPI","result",12.015274,4e-06,0b00000010,0b00000000
"SPI","result",12.0152785,4.25e-06,0b00001000,0b00000000
"SPI","result",12.0152865,4e-06,0b00000001,0b00000000
"SPI","result",12.015291,4e-06,0b00001111,0b00000000
"SPI","disable",12.0152963,2.49999999e-07,,
"SPI","enable",12.0152985,2.49999999e-07,,
"SPI","result",12.0153007,4.25e-06,0b00000000,0b00000000
"SPI","result",12.0153055,4e-06,0b00001110,0b00000000
"SPI","result",12.0153133,4e-06,0b00000000,0b00000000
"SPI","result",12.015318,4e-06,0b00000001,0b00000000
"SPI","disable",12.0153232,2.49999999e-07,,
"SPI","enable",12.0153255,2.50000001e-07,,
"SPI","result",12.0153278,4e-06,0b00000000,0b00000000
"SPI","result",12.0153325,4e-06,0b00000001,0b00000000
"SPI","result",12.0153402,4e-06,0b00000110,0b00000000
"SPI","result",12.0153448,4.25e-06,0b00000010,0b00000000
"SPI","disable",12.0153502,2.50000001e-07,,
"SPI","enable",12.0153525,2.49999999e-07,,
"SPI","result",12.0153548,4e-06,0b00000001,0b00000000
"SPI","result",12.0153592,4e-06,0b00001111,0b00000000
"SPI","result",12.015367,4.25e-06,0b00000000,0b00000000
"SPI","result",12.0153717,4e-06,0b00001111,0b00000000
"SPI","disable",12.015377,2.49999999e-07,,
"SPI","enable",12.0153808,2.49999999e-07,,
"SPI","result",12.015383,4.25e-06,0b00000000,0b00000000
"SPI","result",12.0153878,4e-06,0b00001111,0b00000000
"SPI","result",12.0153955,4e-06,0b00000000,0b00000000
"SPI","result",12.0154003,4e-06,0b00000100,0b00000000
"SPI","disable",12.0154055,2.49999999e-07,,
"SPI","enable",12.0154077,2.50000001e-07,,
"SPI","result",12.01541,4e-06,0b00000000,0b00000000
"SPI","result",12.0154147,4e-06,0b00001011,0b00000000
"SPI","result",12.0154225,4e-06,0b00000000,0b00000000
"SPI","result",12.015427,4.25e-06,0b00000001,0b00000000
"SPI","disable",12.0154325,2.50000001e-07,,
"SPI","enable",12.0154348,2.49999999e-07,,
"SPI","result",12.0154367,4.25e-06,0b00000000,0b00000000
"SPI","result",12.0154415,4e-06,0b00000011,0b00000000
"SPI","result",12.0154492,4.25e-06,0b00000000,0b00000000
"SPI","result",12.015454,4e-06,0b00001111,0b00000000
"SPI","disable",12.0154592,2.50000001e-07,,
"SPI","enable",12.0156672,2.49999999e-07,,
"SPI","result",12.0156682,4e-06,0b00001010,0b00000000
"SPI","disable",12.0156725,2.49999999e-07,,
"SPI","enable",12.0156752,2.50000003e-07,,
"SPI","result",12.0156763,4e-06,0b00001110,0b00000000
"SPI","disable",12.0156805,2.49999999e-07,,
"SPI","enable",12.0156822,2.50000001e-07,,
"SPI","result",12.0156848,4e-06,0b00000000,0b00000000
"SPI","result",12.0156892,4e-06,0b00000101,0b00000000
"SPI","result",12.0156995,4e-06,0b00000100,0b00000000
"SPI","result",12.015704,4.25e-06,0b00001000,0b00000000
"SPI","result",12.015715,4e-06,0b00000010,0b00000000
"SPI","result",12.0157195,4.25e-06,0b00000000,0b00000000
"SPI","result",12.0157305,4e-06,0b00000010,0b00000000
"SPI","result",12.0157353,4e-06,0b00000001,0b00000000
"SPI","result",12.015746,4e-06,0b00000110,0b00000000
"SPI","result",12.0157508,4e-06,0b00000100,0b00000000
"SPI","result",12.0157615,4e-06,0b00000010,0b00000000
"SPI","result",12.0157663,4e-06,0b00000001,0b00000000
"SPI","result",12.015777,4e-06,0b00000011,0b00000000
"SPI","result",12.0157818,4e-06,0b00000100,0b00000000
"SPI","result",12.0157925,4e-06,0b00000010,0b00000000
"SPI","result",12.0157973,4e-06,0b00000001,0b00000000
"SPI","result",12.015808,4.25e-06,0b00000001,0b00000000
"SPI","result",12.0158128,4e-06,0b00000100,0b00000000
"SPI","result",12.0158235,4.25e-06,0b00000010,0b00000000
"SPI","result",12.0158283,4e-06,0b00001100,0b00000000
"SPI","result",12.015839,4.25e-06,0b00000001,0b00000000
"SPI","result",12.0158438,4e-06,0b00000100,0b00000000
"SPI","result",12.0158548,4e-06,0b00000010,0b00000000
"SPI","result",12.0158593,4e-06,0b00001100,0b00000000
"SPI","result",12.0158703,4e-06,0b00000001,0b00000000
"SPI","result",12.0158748,4e-06,0b00000100,0b00000000
"SPI","result",12.0158858,4e-06,0b00000010,0b00000000
"SPI","result",12.0158902,4.25e-06,0b00001100,0b00000000
"SPI","result",12.0159013,4e-06,0b00000001,0b00000000
"SPI","result",12.0159057,4.25e-06,0b00000100,0b00000000
"SPI","result",12.0159168,4e-06,0b00000010,0b00000000
"SPI","result",12.0159212,4.25e-06,0b00000001,0b00000000
"SPI","result",12.0159323,4e-06,0b00000000,0b00000000
"SPI","result",12.0159367,4.25e-06,0b00000000,0b00000000
"SPI","disable",12.015945,2.49999999e-07,,
"SPI","enable",12.0159472,2.50000001e-07,,
"SPI","result",12.015948,4.25e-06,0b00001101,0b00000000
"SPI","disable",12.0159522,2.49999999e-07,,
"SPI","enable",12.0531915,2.49999999e-07,,
"SPI","result",12.0531925,4e-06,0b00001010,0b00000000
"SPI","disable",12.0531967,2.50000001e-07,,
"SPI","enable",12.0531997,2.50000001e-07,,
"SPI","result",12.0532017,4.25e-06,0b00000010,0b00000000
"SPI","result",12.0532065,4e-06,0b00001000,0b00000000
"SPI","result",12.0532142,4e-06,0b00000001,0b00000000
"SPI","result",12.053219,4e-06,0b00001111,0b00000000
"SPI","disable",12.0532242,2.50000001e-07,,
"SPI","enable",12.0532265,2.50000001e-07,,
"SPI","result",12.0532288,4e-06,0b00000000,0b00000000
"SPI","result",12.0532335,4e-06,0b00001110,0b00000000
"SPI","result",12.0532412,4e-06,0b00000000,0b00000000
"SPI","result",12.0532458,4.25e-06,0b00000001,0b00000000
"SPI","disable",12.0532513,2.49999999e-07,,
"SPI","enable",12.0532535,2.49999999e-07,,
"SPI","result",12.0532555,4.25e-06,0b00000000,0b00000000
"SPI","result",12.0532602,4e-06,0b00000001,0b00000000
"SPI","result",12.053268,4.25e-06,0b00000110,0b00000000
"SPI","result",12.0532727,4e-06,0b00000010,0b00000000
"SPI","disable",12.053278,2.49999999e-07,,
"SPI","enable",12.0532803,2.49999999e-07,,
"SPI","result",12.0532825,4e-06,0b00000001,0b00000000
"SPI","result",12.0532873,4e-06,0b00001111,0b00000000
"SPI","result",12.053295,4e-06,0b00000000,0b00000000
"SPI","result",12.0532998,4e-06,0b00001111,0b00000000
"SPI","disable",12.053305,2.49999999e-07,,
"SPI","enable",12.0533087,2.50000001e-07,,
"SPI","result",12.053311,4e-06,0b00000000,0b00000000
"SPI","result",12.0533157,4e-06,0b00001111,0b00000000
"SPI","result",12.0533235,4e-06,0b00000000,0b00000000
"SPI","result",12.053328,4.25e-06,0b00000100,0b00000000
"SPI","disable",12.0533335,2.49999999e-07,,
"SPI","enable",12.0533358,2.49999999e-07,,
"SPI","result",12.053338,4e-06,0b00000000,0b00000000
"SPI","result",12.0533425,4.25e-06,0b00001011,0b00000000
"SPI","result",12.0533502,4.25e-06,0b00000000,0b00000000
"SPI","result",12.053355,4e-06,0b00000001,0b00000000
"SPI","disable",12.0533603,2.49999999e-07,,
"SPI","enable",12.0533625,2.49999999e-07,,
"SPI","result",12.0533648,4.25e-06,0b00000000,0b00000000
"SPI","result",12.0533695,4e-06,0b00000011,0b00000000
"SPI","result",12.0533773,4e-06,0b00000000,0b00000000
"SPI","result",12.053382,4e-06,0b00001111,0b00000000
"SPI","disable",12.0533873,2.49999999e-07,,
"SPI","enable",12.0535953,2.49999999e-07,,
"SPI","result",12.0535963,4e-06,0b00001010,0b00000000
"SPI","disable",12.0536005,2.49999999e-07,,
"SPI","enable",12.0536033,2.49999999e-07,,
"SPI","result",12.0536042,4e-06,0b00001110,0b00000000
"SPI","disable",12.0536085,2.50000003e-07,,
"SPI","enable",12.0536103,2.49999999e-07,,
"SPI","result",12.0536125,4.25e-06,0b00000000,0b00000000
"SPI","result",12.0536173,4e-06,0b00000101,0b00000000
"SPI","result",12.0536272,4.25e-06,0b00000100,0b00000000
"SPI","result",12.053632,4e-06,0b00001000,0b00000000
"SPI","result",12.053643,4e-06,0b00000010,0b00000000
"SPI","result",12.0536475,4e-06,0b00000000,0b00000000
"SPI","result",12.0536585,4e-06,0b00000010,0b00000000
"SPI","result",12.053663,4.25e-06,0b00000001,0b00000000
"SPI","result",12.053674,4e-06,0b00000110,0b00000000
"SPI","result",12.0536785,4.25e-06,0b00000100,0b00000000
"SPI","result",12.0536895,4e-06,0b00000010,0b00000000
"SPI","result",12.053694,4.25e-06,0b00000001,0b00000000
"SPI","result",12.053705,4e-06,0b00000011,0b00000000
"SPI","result",12.0537095,4.25e-06,0b00000100,0b00000000
"SPI","result",12.0537205,4e-06,0b00000010,0b00000000
"SPI","result",12.0537252,4e-06,0b00000001,0b00000000
"SPI","result",12.053736,4e-06,0b00000001,0b00000000
"SPI","result",12.0537407,4e-06,0b00000100,0b00000000
"SPI","result",12.0537515,4e-06,0b00000010,0b00000000
"SPI","result",12.0537562,4e-06,0b00001100,0b00000000
"SPI","result",12.053767,4e-06,0b00000001,0b00000000
"SPI","result",12.0537717,4e-06,0b00000100,0b00000000
"SPI","result",12.0537825,4e-06,0b00000010,0b00000000
"SPI","result",12.0537872,4e-06,0b00001100,0b00000000
"SPI","result",12.053798,4.25e-06,0b00000001,0b00000000
"SPI","result",12.0538027,4e-06,0b00000100,0b00000000
"SPI","result",12.0538135,4.25e-06,0b00000010,0b00000000
"SPI","result",12.0538183,4e-06,0b00001100,0b00000000
"SPI","result",12.053829,4.25e-06,0b00000001,0b00000000
"SPI","result",12.0538338,4e-06,0b00000100,0b00000000
"SPI","result",12.0538447,4e-06,0b00000010,0b00000000
"SPI","result",12.0538493,4e-06,0b00000001,0b00000000
"SPI","result",12.0538602,4e-06,0b00000000,0b00000000
"SPI","result",12.0538648,4.25e-06,0b00000000,0b00000000
"SPI","disable",12.053873,2.50000001e-07,,
"SPI","enable",12.053875,2.50000001e-07,,
"SPI","result",12.053876,4e-06,0b00001101,0b00000000
"SPI","disable",12.0538803,2.49999999e-07,,
"SPI","enable",13.0557055,2.49999999e-07,,
"SPI","result",13.0557063,4.25e-06,0b00001010,0b00000000
"SPI","disable",13.0557105,2.50000001e-07,,
"SPI","enable",13.0557135,2.50000001e-07,,
"SPI","result",13.0557157,4e-06,0b00000010,0b00000000
"SPI","result",13.0557205,4e-06,0b00001000,0b00000000
"SPI","result",13.0557282,4e-06,0b00000001,0b00000000
"SPI","result",13.0557328,4.25e-06,0b00001111,0b00000000
"SPI","disable",13.0557382,2.50000001e-07,,
"SPI","enable",13.0557405,2.50000001e-07,,
"SPI","result",13.0557425,4.25e-06,0b00000000,0b00000000
"SPI","result",13.0557472,4e-06,0b00001110,0b00000000
"SPI","result",13.055755,4.25e-06,0b00000000,0b00000000
"SPI","result",13.0557597,4e-06,0b00000001,0b00000000
"SPI","disable",13.055765,2.50000001e-07,,
"SPI","enable",13.0557673,2.49999999e-07,,
"SPI","result",13.0557695,4e-06,0b00000000,0b00000000
"SPI","result",13.0557743,4e-06,0b00000001,0b00000000
"SPI","result",13.055782,4e-06,0b00000110,0b00000000
"SPI","result",13.0557867,4e-06,0b00000010,0b00000000
"SPI","disable",13.055792,2.50000001e-07,,
"SPI","enable",13.0557943,2.49999999e-07,,
"SPI","result",13.0557965,4e-06,0b00000001,0b00000000
"SPI","result",13.055801,4.25e-06,0b00001111,0b00000000
"SPI","result",13.055809,4e-06,0b00000000,0b00000000
"SPI","result",13.0558135,4e-06,0b00001111,0b00000000
"SPI","disable",13.0558188,2.49999999e-07,,
"SPI","enable",13.0558228,2.49999999e-07,,
"SPI","result",13.0558247,4.25e-06,0b00000000,0b00000000
"SPI","result",13.0558295,4e-06,0b00001111,0b00000000
"SPI","result",13.0558372,4.25e-06,0b00000000,0b00000000
"SPI","result",13.055842,4e-06,0b00000100,0b00000000
"SPI","disable",13.0558472,2.50000001e-07,,
"SPI","enable",13.0558495,2.49999999e-07,,
"SPI","result",13.0558518,4e-06,0b00000000,0b00000000
"SPI","result",13.0558565,4e-06,0b00001011,0b00000000
"SPI","result",13.0558643,4e-06,0b00000000,0b00000000
"SPI","result",13.055869,4e-06,0b00000001,0b00000000
"SPI","disable",13.0558743,2.49999999e-07,,
"SPI","enable",13.0558765,2.49999999e-07,,
"SPI","result",13.0558787,4e-06,0b00000000,0b00000000
"SPI","result",13.0558833,4.25e-06,0b00000011,0b00000000
"SPI","result",13.0558913,4e-06,0b00000000,0b00000000
"SPI","result",13.0558957,4e-06,0b00001111,0b00000000
"SPI","disable",13.055901,2.49999999e-07,,
"SPI","enable",13.0561093,2.49999999e-07,,
"SPI","result",13.05611,4.25e-06,0b00001010,0b00000000
"SPI","disable",13.0561143,2.49999999e-07,,
"SPI","enable",13.0561172,2.49999999e-07,,
"SPI","result",13.056118,4.25e-06,0b00001110,0b00000000
"SPI","disable",13.0561222,2.50000001e-07,,
"SPI","enable",13.056124,2.50000001e-07,,
"SPI","result",13.0561265,4e-06,0b00000000,0b00000000
"SPI","result",13.056131,4.25e-06,0b00000101,0b00000000
"SPI","result",13.0561412,4e-06,0b00000100,0b00000000
"SPI","result",13.056146,4e-06,0b00000000,0b00000000
"SPI","result",13.0561567,4e-06,0b00000010,0b00000000
"SPI","result",13.0561615,4e-06,0b00000000,0b00000000
"SPI","result",13.0561722,4e-06,0b00000010,0b00000000
"SPI","result",13.056177,4e-06,0b00000001,0b00000000
"SPI","result",13.0561877,4e-06,0b00000110,0b00000000
"SPI","result",13.0561925,4e-06,0b00000100,0b00000000
"SPI","result",13.0562032,4e-06,0b00000010,0b00000000
"SPI","result",13.056208,4e-06,0b00000001,0b00000000
"SPI","result",13.0562187,4e-06,0b00000011,0b00000000
"SPI","result",13.0562235,4e-06,0b00000100,0b00000000
"SPI","result",13.0562342,4.25e-06,0b00000010,0b00000000
"SPI","result",13.056239,4e-06,0b00000001,0b00000000
"SPI","result",13.0562497,4.25e-06,0b00000001,0b00000000
"SPI","result",13.0562545,4e-06,0b00000100,0b00000000
"SPI","result",13.0562652,4.25e-06,0b00000010,0b00000000
"SPI","result",13.05627,4e-06,0b00001100,0b00000000
"SPI","result",13.056281,4e-06,0b00000001,0b00000000
"SPI","result",13.0562855,4e-06,0b00000100,0b00000000
"SPI","result",13.0562965,4e-06,0b00000010,0b00000000
"SPI","result",13.056301,4e-06,0b00001100,0b00000000
"SPI","result",13.056312,4e-06,0b00000001,0b00000000
"SPI","result",13.0563165,4.25e-06,0b00000100,0b00000000
"SPI","result",13.0563275,4e-06,0b00000010,0b00000000
"SPI","result",13.056332,4.25e-06,0b00001100,0b00000000
"SPI","result",13.056343,4e-06,0b00000001,0b00000000
"SPI","result",13.0563475,4.25e-06,0b00000100,0b00000000
"SPI","result",13.0563585,4e-06,0b00000010,0b00000000
"SPI","result",13.056363,4.25e-06,0b00000001,0b00000000
"SPI","result",13.056374,4e-06,0b00000000,0b00000000
"SPI","result",13.0563788,4e-06,0b00000000,0b00000000
"SPI","disable",13.0563867,2.50000001e-07,,
"SPI","enable",13.056389,2.50000001e-07,,
"SPI","result",13.0563897,4.25e-06,0b00001101,0b00000000
"SPI","disable",13.056394,2.50000003e-07,,
"SPI","enable",13.0935137,2.50000001e-07,,
"SPI","result",13.0935145,4.25e-06,0b00001010,0b00000000
"SPI","disable",13.0935187,2.50000001e-07,,
"SPI","enable",13.0935218,2.50000001e-07,,
"SPI","result",13.093524,4e-06,0b00000010,0b00000000
"SPI","result",13.0935285,4.25e-06,0b00001000,0b00000000
"SPI","result",13.0935365,4e-06,0b00000001,0b00000000
"SPI","result",13.093541,4e-06,0b00001111,0b00000000
"SPI","disable",13.0935462,2.50000001e-07,,
"SPI","enable",13.0935488,2.49999999e-07,,
"SPI","result",13.0935508,4.25e-06,0b00000000,0b00000000
"SPI","result",13.0935555,4e-06,0b00001110,0b00000000
"SPI","result",13.0935633,4e-06,0b00000000,0b00000000
"SPI","result",13.093568,4e-06,0b00000001,0b00000000
"SPI","disable",13.0935733,2.49999999e-07,,
"SPI","enable",13.0935755,2.49999999e-07,,
"SPI","result",13.0935777,4e-06,0b00000000,0b00000000
"SPI","result",13.0935825,4e-06,0b00000001,0b00000000
"SPI","result",13.0935903,4e-06,0b00000110,0b00000000
"SPI","result",13.0935947,4.25e-06,0b00000010,0b00000000
"SPI","disable",13.0936002,2.50000001e-07,,
"SPI","enable",13.0936025,2.50000001e-07,,
"SPI","result",13.0936048,4e-06,0b00000001,0b00000000
"SPI","result",13.0936093,4e-06,0b00001111,0b00000000
"SPI","result",13.093617,4.25e-06,0b00000000,0b00000000
"SPI","result",13.0936218,4e-06,0b00001111,0b00000000
"SPI","disable",13.093627,2.50000001e-07,,
"SPI","enable",13.093631,2.50000001e-07,,
"SPI","result",13.093633,4.25e-06,0b00000000,0b00000000
"SPI","result",13.0936377,4e-06,0b00001111,0b00000000
"SPI","result",13.0936455,4e-06,0b00000000,0b00000000
"SPI","result",13.0936502,4e-06,0b00000100,0b00000000
"SPI","disable",13.0936555,2.49999999e-07,,
"SPI","enable",13.0936578,2.49999999e-07,,
"SPI","result",13.09366,4e-06,0b00000000,0b00000000
"SPI","result",13.0936648,4e-06,0b00001011,0b00000000
"SPI","result",13.0936725,4e-06,0b00000000,0b00000000
"SPI","result",13.093677,4.25e-06,0b00000001,0b00000000
"SPI","disable",13.0936825,2.50000001e-07,,
"SPI","enable",13.0936847,2.50000001e-07,,
"SPI","result",13.0936867,4.25e-06,0b00000000,0b00000000
"SPI","result",13.0936915,4e-06,0b00000011,0b00000000
"SPI","result",13.0936993,4.25e-06,0b00000000,0b00000000
"SPI","result",13.093704,4e-06,0b00001111,0b00000000
"SPI","disable",13.0937092,2.49999999e-07,,
"SPI","enable",13.0939173,2.49999999e-07,,
"SPI","result",13.0939182,4e-06,0b00001010,0b00000000
"SPI","disable",13.0939225,2.50000001e-07,,
"SPI","enable",13.0939252,2.49999999e-07,,
"SPI","result",13.0939263,4e-06,0b00001110,0b00000000
"SPI","disable",13.0939305,2.49999999e-07,,
"SPI","enable",13.0939322,2.49999999e-07,,
"SPI","result",13.0939345,4.25e-06,0b00000000,0b00000000
"SPI","result",13.0939393,4e-06,0b00000101,0b00000000
"SPI","result",13.0939492,4.25e-06,0b00000100,0b00000000
"SPI","result",13.093954,4e-06,0b00000000,0b00000000
"SPI","result",13.093965,4e-06,0b00000010,0b00000000
"SPI","result",13.0939695,4e-06,0b00000000,0b00000000
"SPI","result",13.0939805,4e-06,0b00000010,0b00000000
"SPI","result",13.093985,4.25e-06,0b00000001,0b00000000
"SPI","result",13.093996,4e-06,0b00000110,0b00000000
"SPI","result",13.0940005,4.25e-06,0b00000100,0b00000000
"SPI","result",13.0940115,4e-06,0b00000010,0b00000000
"SPI","result",13.094016,4.25e-06,0b00000001,0b00000000
"SPI","result",13.094027,4e-06,0b00000011,0b00000000
"SPI","result",13.0940315,4.25e-06,0b00000100,0b00000000
"SPI","result",13.0940425,4e-06,0b00000010,0b00000000
"SPI","result",13.094047,4.25e-06,0b00000001,0b00000000
"SPI","result",13.094058,4e-06,0b00000001,0b00000000
"SPI","result",13.0940628,4e-06,0b00000100,0b00000000
"SPI","result",13.0940735,4e-06,0b00000010,0b00000000
"SPI","result",13.0940783,4e-06,0b00001100,0b00000000
"SPI","result",13.094089,4e-06,0b00000001,0b00000000
"SPI","result",13.0940938,4e-06,0b00000100,0b00000000
"SPI","result",13.0941045,4e-06,0b00000010,0b00000000
"SPI","result",13.0941093,4e-06,0b00001100,0b00000000
"SPI","result",13.09412,4e-06,0b00000001,0b00000000
"SPI","result",13.0941248,4e-06,0b00000100,0b00000000
"SPI","result",13.0941355,4e-06,0b00000010,0b00000000
"SPI","result",13.0941403,4e-06,0b00001100,0b00000000
"SPI","result",13.094151,4e-06,0b00000001,0b00000000
"SPI","result",13.0941558,4e-06,0b00000100,0b00000000
"SPI","result",13.0941665,4.25e-06,0b00000010,0b00000000
"SPI","result",13.0941713,4e-06,0b00000001,0b00000000
"SPI","result",13.094182,4.25e-06,0b00000000,0b00000000
"SPI","result",13.0941868,4e-06,0b00000000,0b00000000
"SPI","disable",13.0941947,2.49999999e-07,,
"SPI","enable",13.094197,2.50000001e-07,,
"SPI","result",13.094198,4e-06,0b00001101,0b00000000
"SPI","disable",13.0942023,2.49999999e-07,,
"SPI","enable",13.8075097,2.50000001e-07,,
"SPI","result",13.8075108,4e-06,0b00001010,0b00000000
"SPI","disable",13.807515,2.49999999e-07,,
"SPI","enable",13.807518,2.49999999e-07,,
"SPI","result",13.8075202,4e-06,0b00000010,0b00000000
"SPI","result",13.8075248,4e-06,0b00001000,0b00000000
"SPI","result",13.8075325,4.25e-06,0b00000001,0b00000000
"SPI","result",13.8075372,4e-06,0b00001111,0b00000000
"SPI","disable",13.8075425,2.50000001e-07,,
"SPI","enable",13.8075447,2.50000001e-07,,
"SPI","result",13.807547,4e-06,0b00000000,0b00000000
"SPI","result",13.8075518,4e-06,0b00001110,0b00000000
"SPI","result",13.8075595,4e-06,0b00000000,0b00000000
"SPI","result",13.8075643,4e-06,0b00000001,0b00000000
"SPI","disable",13.8075695,2.50000001e-07,,
"SPI","enable",13.8075717,2.50000001e-07,,
"SPI","result",13.807574,4e-06,0b00000000,0b00000000
"SPI","result",13.8075785,4.25e-06,0b00000001,0b00000000
"SPI","result",13.8075865,4e-06,0b00000110,0b00000000
"SPI","result",13.807591,4.25e-06,0b00000010,0b00000000
"SPI","disable",13.8075962,2.50000003e-07,,
"SPI","enable",13.8075988,2.49999999e-07,,
"SPI","result",13.8076008,4.25e-06,0b00000001,0b00000000
"SPI","result",13.8076055,4e-06,0b00001111,0b00000000
"SPI","result",13.8076132,4e-06,0b00000000,0b00000000
"SPI","result",13.807618,4e-06,0b00001111,0b00000000
"SPI","disable",13.8076233,2.49999999e-07,,
"SPI","enable",13.807627,2.49999999e-07,,
"SPI","result",13.8076292,4e-06,0b00000000,0b00000000
"SPI","result",13.807634,4e-06,0b00001111,0b00000000
"SPI","result",13.8076418,4e-06,0b00000000,0b00000000
"SPI","result",13.8076465,4e-06,0b00000100,0b00000000
"SPI","disable",13.8076517,2.50000001e-07,,
"SPI","enable",13.807654,2.50000003e-07,,
"SPI","result",13.8076563,4e-06,0b00000000,0b00000000
"SPI","result",13.807661,4e-06,0b00001011,0b00000000
"SPI","result",13.8076687,4e-06,0b00000000,0b00000000
"SPI","result",13.8076733,4e-06,0b00000001,0b00000000
"SPI","disable",13.8076785,2.49999999e-07,,
"SPI","enable",13.807681,2.49999999e-07,,
"SPI","result",13.807683,4.25e-06,0b00000000,0b00000000
"SPI","result",13.8076877,4e-06,0b00000011,0b00000000
"SPI","result",13.8076955,4e-06,0b00000000,0b00000000
"SPI","result",13.8077002,4e-06,0b00001111,0b00000000
"SPI","disable",13.8077055,2.50000001e-07,,
"SPI","enable",13.8079135,2.50000001e-07,,
"SPI","result",13.8079145,4e-06,0b00001010,0b00000000
"SPI","disable",13.8079188,2.49999999e-07,,
"SPI","enable",13.8079215,2.49999999e-07,,
"SPI","result",13.8079225,4e-06,0b00001110,0b00000000
"SPI","disable",13.8079268,2.49999999e-07,,
"SPI","enable",13.8079285,2.50000001e-07,,
"SPI","result",13.8079308,4e-06,0b00000000,0b00000000
"SPI","result",13.8079355,4e-06,0b00000101,0b00000000
"SPI","result",13.8079455,4.25e-06,0b00000100,0b00000000
"SPI","result",13.8079502,4e-06,0b00001000,0b00000000
"SPI","result",13.8079612,4e-06,0b00000010,0b00000000
"SPI","result",13.8079657,4e-06,0b00000000,0b00000000
"SPI","result",13.8079767,4e-06,0b00000010,0b00000000
"SPI","result",13.8079812,4e-06,0b00000001,0b00000000
"SPI","result",13.8079922,4e-06,0b00000110,0b00000000
"SPI","result",13.8079967,4e-06,0b00000100,0b00000000
"SPI","result",13.8080077,4e-06,0b00000010,0b00000000
"SPI","result",13.8080123,4.25e-06,0b00000001,0b00000000
"SPI","result",13.8080232,4e-06,0b00000011,0b00000000
"SPI","result",13.8080278,4.25e-06,0b00000100,0b00000000
"SPI","result",13.8080387,4e-06,0b00000010,0b00000000
"SPI","result",13.8080433,4.25e-06,0b00000001,0b00000000
"SPI","result",13.8080542,4e-06,0b00000001,0b00000000
"SPI","result",13.8080588,4.25e-06,0b00000100,0b00000000
"SPI","result",13.8080697,4e-06,0b00000010,0b00000000
"SPI","result",13.8080745,4e-06,0b00001100,0b00000000
"SPI","result",13.8080852,4e-06,0b00000001,0b00000000
"SPI","result",13.80809,4e-06,0b00000100,0b00000000
"SPI","result",13.8081007,4e-06,0b00000010,0b00000000
"SPI","result",13.8081055,4e-06,0b00001100,0b00000000
"SPI","result",13.8081162,4e-06,0b00000001,0b00000000
"SPI","result",13.808121,4e-06,0b00000100,0b00000000
"SPI","result",13.8081317,4e-06,0b00000010,0b00000000
"SPI","result",13.8081365,4e-06,0b00001100,0b00000000
"SPI","result",13.8081472,4e-06,0b00000001,0b00000000
"SPI","result",13.808152,4e-06,0b00000100,0b00000000
"SPI","result",13.8081627,4.25e-06,0b00000010,0b00000000
"SPI","result",13.8081675,4e-06,0b00000001,0b00000000
"SPI","result",13.8081782,4.25e-06,0b00000000,0b00000000
"SPI","result",13.808183,4e-06,0b00000000,0b00000000
"SPI","disable",13.808191,2.49999999e-07,,
"SPI","enable",13.8081933,2.49999999e-07,,
"SPI","result",13.8081942,4e-06,0b00001101,0b00000000
"SPI","disable",13.8081985,2.50000001e-07,,
"SPI","enable",13.8451665,2.50000001e-07,,
"SPI","result",13.8451675,4e-06,0b00001010,0b00000000
"SPI","disable",13.8451715,2.50000003e-07,,
"SPI","enable",13.8451745,2.49999999e-07,,
"SPI","result",13.8451768,4e-06,0b00000010,0b00000000
"SPI","result",13.8451815,4e-06,0b00001000,0b00000000
"SPI","result",13.8451893,4e-06,0b00000001,0b00000000
"SPI","result",13.845194,4e-06,0b00001111,0b00000000
"SPI","disable",13.8451993,2.49999999e-07,,
"SPI","enable",13.8452015,2.50000001e-07,,
"SPI","result",13.8452035,4.25e-06,0b00000000,0b00000000
"SPI","result",13.8452083,4e-06,0b00001110,0b00000000
"SPI","result",13.845216,4.25e-06,0b00000000,0b00000000
"SPI","result",13.8452207,4e-06,0b00000001,0b00000000
"SPI","disable",13.845226,2.49999999e-07,,
"SPI","enable",13.8452282,2.49999999e-07,,
"SPI","result",13.8452305,4e-06,0b00000000,0b00000000
"SPI","result",13.8452352,4e-06,0b00000001,0b00000000
"SPI","result",13.845243,4e-06,0b00000110,0b00000000
"SPI","result",13.8452478,4e-06,0b00000010,0b00000000
"SPI","disable",13.845253,2.50000003e-07,,
"SPI","enable",13.8452552,2.50000003e-07,,
"SPI","result",13.8452575,4e-06,0b00000001,0b00000000
"SPI","result",13.8452622,4e-06,0b00001111,0b00000000
"SPI","result",13.84527,4e-06,0b00000000,0b00000000
"SPI","result",13.8452745,4.25e-06,0b00001111,0b00000000
"SPI","disable",13.84528,2.49999999e-07,,
"SPI","enable",13.8452838,2.49999999e-07,,
"SPI","result",13.8452858,4.25e-06,0b00000000,0b00000000
"SPI","result",13.8452905,4e-06,0b00001111,0b00000000
"SPI","result",13.8452983,4.25e-06,0b00000000,0b00000000
"SPI","result",13.845303,4e-06,0b00000100,0b00000000
"SPI","disable",13.8453083,2.49999999e-07,,
"SPI","enable",13.8453105,2.49999999e-07,,
"SPI","result",13.8453127,4e-06,0b00000000,0b00000000
"SPI","result",13.8453175,4e-06,0b00001011,0b00000000
"SPI","result",13.8453253,4e-06,0b00000000,0b00000000
"SPI","result",13.84533,4e-06,0b00000001,0b00000000
"SPI","disable",13.8453352,2.49999999e-07,,
"SPI","enable",13.8453375,2.50000001e-07,,
"SPI","result",13.8453398,4e-06,0b00000000,0b00000000
"SPI","result",13.8453443,4.25e-06,0b00000011,0b00000000
"SPI","result",13.8453522,4e-06,0b00000000,0b00000000
"SPI","result",13.8453568,4.25e-06,0b00001111,0b00000000
"SPI","disable",13.8453623,2.50000001e-07,,
"SPI","enable",13.8455702,2.50000001e-07,,
"SPI","result",13.845571,4.25e-06,0b00001010,0b00000000
"SPI","disable",13.8455752,2.50000001e-07,,
"SPI","enable",13.8455783,2.49999999e-07,,
"SPI","result",13.845579,4.25e-06,0b00001110,0b00000000
"SPI","disable",13.8455833,2.49999999e-07,,
"SPI","enable",13.845585,2.50000001e-07,,
"SPI","result",13.8455875,4e-06,0b00000000,0b00000000
"SPI","result",13.845592,4.25e-06,0b00000101,0b00000000
"SPI","result",13.8456023,4e-06,0b00000100,0b00000000
"SPI","result",13.845607,4e-06,0b00001000,0b00000000
"SPI","result",13.8456178,4e-06,0b00000010,0b00000000
"SPI","result",13.8456225,4e-06,0b00000000,0b00000000
"SPI","result",13.8456333,4e-06,0b00000010,0b00000000
"SPI","result",13.845638,4e-06,0b00000001,0b00000000
"SPI","result",13.8456488,4e-06,0b00000110,0b00000000
"SPI","result",13.8456535,4e-06,0b00000100,0b00000000
"SPI","result",13.8456643,4e-06,0b00000010,0b00000000
"SPI","result",13.845669,4e-06,0b00000001,0b00000000
"SPI","result",13.8456798,4e-06,0b00000011,0b00000000
"SPI","result",13.8456845,4e-06,0b00000100,0b00000000
"SPI","result",13.8456953,4.25e-06,0b00000010,0b00000000
"SPI","result",13.8457,4e-06,0b00000001,0b00000000
"SPI","result",13.8457108,4.25e-06,0b00000001,0b00000000
"SPI","result",13.8457155,4e-06,0b00000100,0b00000000
"SPI","result",13.8457263,4.25e-06,0b00000010,0b00000000
"SPI","result",13.845731,4e-06,0b00001100,0b00000000
"SPI","result",13.845742,4e-06,0b00000001,0b00000000
"SPI","result",13.8457465,4e-06,0b00000100,0b00000000
"SPI","result",13.8457575,4e-06,0b00000010,0b00000000
"SPI","result",13.845762,4e-06,0b00001100,0b00000000
"SPI","result",13.845773,4e-06,0b00000001,0b00000000
"SPI","result",13.8457775,4.25e-06,0b00000100,0b00000000
"SPI","result",13.8457885,4e-06,0b00000010,0b00000000
"SPI","result",13.845793,4.25e-06,0b00001100,0b00000000
"SPI","result",13.845804,4e-06,0b00000001,0b00000000
"SPI","result",13.8458085,4.25e-06,0b00000100,0b00000000
"SPI","result",13.8458195,4e-06,0b00000010,0b00000000
"SPI","result",13.845824,4.25e-06,0b00000001,0b00000000
"SPI","result",13.845835,4e-06,0b00000000,0b00000000
"SPI","result",13.8458397,4e-06,0b00000000,0b00000000
"SPI","disable",13.8458478,2.49999999e-07,,
"SPI","enable",13.84585,2.49999999e-07,,
"SPI","result",13.8458508,4.25e-06,0b00001101,0b00000000
"SPI","disable",13.845855,2.50000001e-07,,
"SPI","enable",14.5950225,2.49999999e-07,,
"SPI","result",14.5950235,4e-06,0b00001010,0b00000000
"SPI","disable",14.5950277,2.49999999e-07,,
"SPI","enable",14.5950307,2.50000001e-07,,
"SPI","result",14.5950327,4.25e-06,0b00000010,0b00000000
"SPI","result",14.5950375,4e-06,0b00001000,0b00000000
"SPI","result",14.5950453,4.25e-06,0b00000001,0b00000000
"SPI","result",14.59505,4e-06,0b00001111,0b00000000
"SPI","disable",14.5950552,2.50000001e-07,,
"SPI","enable",14.5950575,2.50000001e-07,,
"SPI","result",14.5950598,4e-06,0b00000000,0b00000000
"SPI","result",14.5950645,4e-06,0b00001110,0b00000000
"SPI","result",14.5950722,4e-06,0b00000000,0b00000000
"SPI","result",14.595077,4e-06,0b00000001,0b00000000
"SPI","disable",14.5950823,2.49999999e-07,,
"SPI","enable",14.5950845,2.49999999e-07,,
"SPI","result",14.5950868,4e-06,0b00000000,0b00000000
"SPI","result",14.5950912,4.25e-06,0b00000001,0b00000000
"SPI","result",14.595099,4.25e-06,0b00000110,0b00000000
"SPI","result",14.5951037,4e-06,0b00000010,0b00000000
"SPI","disable",14.595109,2.49999999e-07,,
"SPI","enable",14.5951113,2.49999999e-07,,
"SPI","result",14.5951135,4e-06,0b00000001,0b00000000
"SPI","result",14.5951183,4e-06,0b00001111,0b00000000
"SPI","result",14.595126,4e-06,0b00000000,0b00000000
"SPI","result",14.5951307,4e-06,0b00001111,0b00000000
"SPI","disable",14.595136,2.49999999e-07,,
"SPI","enable",14.5951397,2.50000001e-07,,
"SPI","result",14.595142,4e-06,0b00000000,0b00000000
"SPI","result",14.5951467,4e-06,0b00001111,0b00000000
"SPI","result",14.5951545,4e-06,0b00000000,0b00000000
"SPI","result",14.595159,4.25e-06,0b00000100,0b00000000
"SPI","disable",14.5951645,2.50000001e-07,,
"SPI","enable",14.5951668,2.49999999e-07,,
"SPI","result",14.595169,4e-06,0b00000000,0b00000000
"SPI","result",14.5951735,4e-06,0b00001011,0b00000000
"SPI","result",14.5951812,4.25e-06,0b00000000,0b00000000
"SPI","result",14.595186,4e-06,0b00000001,0b00000000
"SPI","disable",14.5951912,2.50000001e-07,,
"SPI","enable",14.5951935,2.49999999e-07,,
"SPI","result",14.5951958,4e-06,0b00000000,0b00000000
"SPI","result",14.5952005,4e-06,0b00000011,0b00000000
"SPI","result",14.5952083,4e-06,0b00000000,0b00000000
"SPI","result",14.595213,4e-06,0b00001111,0b00000000
"SPI","disable",14.5952183,2.49999999e-07,,
"SPI","enable",14.5954262,2.50000001e-07,,
"SPI","result",14.595427,4.25e-06,0b00001010,0b00000000
"SPI","disable",14.5954313,2.49999999e-07,,
"SPI","enable",14.5954343,2.49999999e-07,,
"SPI","result",14.595435,4.25e-06,0b00001110,0b00000000
"SPI","disable",14.5954393,2.49999999e-07,,
"SPI","enable",14.595441,2.50000001e-07,,
"SPI","result",14.5954435,4e-06,0b00000000,0b00000000
"SPI","result",14.595448,4.25e-06,0b00000101,0b00000000
"SPI","result",14.5954583,4e-06,0b00000100,0b00000000
"SPI","result",14.595463,4e-06,0b00001000,0b00000000
"SPI","result",14.5954738,4e-06,0b00000010,0b00000000
"SPI","result",14.5954785,4e-06,0b00000000,0b00000000
"SPI","result",14.5954892,4e-06,0b00000010,0b00000000
"SPI","result",14.595494,4e-06,0b00000001,0b00000000
"SPI","result",14.5955047,4e-06,0b00000110,0b00000000
"SPI","result",14.5955095,4e-06,0b00000100,0b00000000
"SPI","result",14.5955202,4e-06,0b00000010,0b00000000
"SPI","result",14.595525,4e-06,0b00000001,0b00000000
"SPI","result",14.5955357,4e-06,0b00000011,0b00000000
"SPI","result",14.5955405,4e-06,0b00000100,0b00000000
"SPI","result",14.5955512,4e-06,0b00000010,0b00000000
"SPI","result",14.595556,4e-06,0b00000001,0b00000000
"SPI","result",14.5955667,4e-06,0b00000001,0b00000000
"SPI","result",14.5955715,4e-06,0b00000100,0b00000000
"SPI","result",14.5955822,4e-06,0b00000010,0b00000000
"SPI","result",14.595587,4e-06,0b00001100,0b00000000
"SPI","result",14.5955977,4.25e-06,0b00000001,0b00000000
"SPI","result",14.5956025,4e-06,0b00000100,0b00000000
"SPI","result",14.5956132,4.25e-06,0b00000010,0b00000000
"SPI","result",14.595618,4e-06,0b00001100,0b00000000
"SPI","result",14.5956287,4.25e-06,0b00000001,0b00000000
"SPI","result",14.5956335,4e-06,0b00000100,0b00000000
"SPI","result",14.5956442,4.25e-06,0b00000010,0b00000000
"SPI","result",14.595649,4e-06,0b00001100,0b00000000
"SPI","result",14.59566,4e-06,0b00000001,0b00000000
"SPI","result",14.5956645,4e-06,0b00000100,0b00000000
"SPI","result",14.5956755,4e-06,0b00000010,0b00000000
"SPI","result",14.59568,4e-06,0b00000001,0b00000000
"SPI","result",14.595691,4e-06,0b00000000,0b00000000
"SPI","result",14.5956955,4e-06,0b00000000,0b00000000
"SPI","disable",14.5957038,2.49999999e-07,,
"SPI","enable",14.5957058,2.49999999e-07,,
"SPI","result",14.5957067,4e-06,0b00001101,0b00000000
"SPI","disable",14.595711,2.50000001e-07,,
"SPI","enable",14.6326575,2.49999999e-07,,
"SPI","result",14.6326585,4e-06,0b00001010,0b00000000
"SPI","disable",14.6326625,2.49999999e-07,,
"SPI","enable",14.6326655,2.50000001e-07,,
"SPI","result",14.6326677,4e-06,0b00000010,0b00000000
"SPI","result",14.6326725,4e-06,0b00001000,0b00000000
"SPI","result",14.6326802,4e-06,0b00000001,0b00000000
"SPI","result",14.632685,4e-06,0b00001111,0b00000000
"SPI","disable",14.6326902,2.50000001e-07,,
"SPI","enable",14.6326925,2.50000001e-07,,
"SPI","result",14.6326948,4e-06,0b00000000,0b00000000
"SPI","result",14.6326992,4.25e-06,0b00001110,0b00000000
"SPI","result",14.632707,4.25e-06,0b00000000,0b00000000
"SPI","result",14.6327118,4e-06,0b00000001,0b00000000
"SPI","disable",14.632717,2.50000003e-07,,
"SPI","enable",14.6327192,2.50000003e-07,,
"SPI","result",14.6327215,4e-06,0b00000000,0b00000000
"SPI","result",14.6327262,4e-06,0b00000001,0b00000000
"SPI","result",14.632734,4e-06,0b00000110,0b00000000
"SPI","result",14.6327387,4e-06,0b00000010,0b00000000
"SPI","disable",14.632744,2.49999999e-07,,
"SPI","enable",14.6327463,2.49999999e-07,,
"SPI","result",14.6327485,4e-06,0b00000001,0b00000000
"SPI","result",14.6327533,4e-06,0b00001111,0b00000000
"SPI","result",14.632761,4e-06,0b00000000,0b00000000
"SPI","result",14.6327655,4.25e-06,0b00001111,0b00000000
"SPI","disable",14.6327708,2.49999999e-07,,
"SPI","enable",14.6327747,2.50000001e-07,,
"SPI","result",14.6327767,4.25e-06,0b00000000,0b00000000
"SPI","result",14.6327815,4e-06,0b00001111,0b00000000
"SPI","result",14.6327893,4.25e-06,0b00000000,0b00000000
"SPI","result",14.632794,4e-06,0b00000100,0b00000000
"SPI","disable",14.6327992,2.50000001e-07,,
"SPI","enable",14.6328015,2.50000001e-07,,
"SPI","result",14.6328038,4e-06,0b00000000,0b00000000
"SPI","result",14.6328085,4e-06,0b00001011,0b00000000
"SPI","result",14.6328162,4e-06,0b00000000,0b00000000
"SPI","result",14.632821,4e-06,0b00000001,0b00000000
"SPI","disable",14.6328263,2.50000001e-07,,
"SPI","enable",14.6328285,2.50000001e-07,,
"SPI","result",14.6328308,4e-06,0b00000000,0b00000000
"SPI","result",14.6328352,4.25e-06,0b00000011,0b00000000
"SPI","result",14.632843,4.25e-06,0b00000000,0b00000000
"SPI","result",14.6328477,4e-06,0b00001111,0b00000000
"SPI","disable",14.632853,2.49999999e-07,,
"SPI","enable",14.633061,2.50000001e-07,,
"SPI","result",14.633062,4e-06,0b00001010,0b00000000
"SPI","disable",14.6330663,2.50000001e-07,,
"SPI","enable",14.633069,2.49999999e-07,,
"SPI","result",14.63307,4e-06,0b00001110,0b00000000
"SPI","disable",14.6330742,2.49999999e-07,,
"SPI","enable",14.633076,2.49999999e-07,,
"SPI","result",14.6330783,4e-06,0b00000000,0b00000000
"SPI","result",14.633083,4e-06,0b00000101,0b00000000
"SPI","result",14.633093,4.25e-06,0b00000100,0b00000000
"SPI","result",14.6330977,4e-06,0b00001000,0b00000000
"SPI","result",14.6331085,4.25e-06,0b00000010,0b00000000
"SPI","result",14.6331132,4e-06,0b00000000,0b00000000
"SPI","result",14.6331242,4e-06,0b00000010,0b00000000
"SPI","result",14.6331287,4e-06,0b00000001,0b00000000
"SPI","result",14.6331397,4e-06,0b00000110,0b00000000
"SPI","result",14.6331443,4e-06,0b00000100,0b00000000
"SPI","result",14.6331552,4e-06,0b00000010,0b00000000
"SPI","result",14.6331598,4.25e-06,0b00000001,0b00000000
"SPI","result",14.6331707,4e-06,0b00000011,0b00000000
"SPI","result",14.6331753,4.25e-06,0b00000100,0b00000000
"SPI","result",14.6331862,4e-06,0b00000010,0b00000000
"SPI","result",14.6331908,4.25e-06,0b00000001,0b00000000
"SPI","result",14.6332017,4e-06,0b00000001,0b00000000
"SPI","result",14.6332063,4.25e-06,0b00000100,0b00000000
"SPI","result",14.6332172,4e-06,0b00000010,0b00000000
"SPI","result",14.633222,4e-06,0b00001100,0b00000000
"SPI","result",14.6332327,4e-06,0b00000001,0b00000000
"SPI","result",14.6332375,4e-06,0b00000100,0b00000000
"SPI","result",14.6332482,4e-06,0b00000010,0b00000000
"SPI","result",14.633253,4e-06,0b00001100,0b00000000
"SPI","result",14.6332637,4e-06,0b00000001,0b00000000
"SPI","result",14.6332685,4e-06,0b00000100,0b00000000
"SPI","result",14.6332792,4e-06,0b00000010,0b00000000
"SPI","result",14.633284,4e-06,0b00001100,0b00000000
"SPI","result",14.6332947,4e-06,0b00000001,0b00000000
"SPI","result",14.6332995,4e-06,0b00000100,0b00000000
"SPI","result",14.6333102,4e-06,0b00000010,0b00000000
"SPI","result",14.633315,4e-06,0b00000001,0b00000000
"SPI","result",14.6333257,4e-06,0b00000000,0b00000000
"SPI","result",14.6333305,4e-06,0b00000000,0b00000000
"SPI","disable",14.6333385,2.50000001e-07,,
"SPI","enable",14.6333408,2.49999999e-07,,
"SPI","result",14.6333417,4e-06,0b00001101,0b00000000
"SPI","disable",14.633346,2.50000001e-07,,
"SPI","enable",15.4919075,2.49999999e-07,,
"SPI","result",15.4919085,4e-06,0b00001010,0b00000000
"SPI","disable",15.4919127,2.50000001e-07,,
"SPI","enable",15.4919158,2.49999999e-07,,
"SPI","result",15.4919178,4.25e-06,0b00000010,0b00000000
"SPI","result",15.4919225,4e-06,0b00001000,0b00000000
"SPI","result",15.4919302,4e-06,0b00000001,0b00000000
"SPI","result",15.491935,4e-06,0b00001111,0b00000000
"SPI","disable",15.4919403,2.49999999e-07,,
"SPI","enable",15.4919425,2.49999999e-07,,
"SPI","result",15.4919448,4e-06,0b00000000,0b00000000
"SPI","result",15.4919495,4e-06,0b00001110,0b00000000
"SPI","result",15.4919573,4e-06,0b00000000,0b00000000
"SPI","result",15.491962,4e-06,0b00000001,0b00000000
"SPI","disable",15.4919673,2.49999999e-07,,
"SPI","enable",15.4919695,2.50000001e-07,,
"SPI","result",15.4919717,4e-06,0b00000000,0b00000000
"SPI","result",15.4919763,4.25e-06,0b00000001,0b00000000
"SPI","result",15.491984,4.25e-06,0b00000110,0b00000000
"SPI","result",15.4919888,4e-06,0b00000010,0b00000000
"SPI","disable",15.491994,2.49999999e-07,,
"SPI","enable",15.4919962,2.50000001e-07,,
"SPI","result",15.4919985,4e-06,0b00000001,0b00000000
"SPI","result",15.4920032,4e-06,0b00001111,0b00000000
"SPI","result",15.492011,4e-06,0b00000000,0b00000000
"SPI","result",15.4920158,4e-06,0b00001111,0b00000000
"SPI","disable",15.492021,2.50000001e-07,,
"SPI","enable",15.4920248,2.49999999e-07,,
"SPI","result",15.492027,4e-06,0b00000000,0b00000000
"SPI","result",15.4920318,4e-06,0b00001111,0b00000000
"SPI","result",15.4920395,4e-06,0b00000000,0b00000000
"SPI","result",15.492044,4.25e-06,0b00000100,0b00000000
"SPI","disable",15.4920495,2.49999999e-07,,
"SPI","enable",15.4920517,2.49999999e-07,,
"SPI","result",15.492054,4e-06,0b00000000,0b00000000
"SPI","result",15.4920585,4e-06,0b00001011,0b00000000
"SPI","result",15.4920663,4.25e-06,0b00000000,0b00000000
"SPI","result",15.492071,4e-06,0b00000001,0b00000000
"SPI","disable",15.4920763,2.49999999e-07,,
"SPI","enable",15.4920785,2.49999999e-07,,
"SPI","result",15.4920807,4e-06,0b00000000,0b00000000
"SPI","result",15.4920855,4e-06,0b00000011,0b00000000
"SPI","result",15.4920932,4e-06,0b00000000,0b00000000
"SPI","result",15.492098,4e-06,0b00001111,0b00000000
"SPI","disable",15.4921032,2.50000001e-07,,
"SPI","enable",15.4923113,2.49999999e-07,,
"SPI","result",15.4923122,4e-06,0b00001010,0b00000000
"SPI","disable",15.4923163,2.49999999e-07,,
"SPI","enable",15.4923192,2.50000003e-07,,
"SPI","result",15.4923203,4e-06,0b00001110,0b00000000
"SPI","disable",15.4923242,2.50000001e-07,,
"SPI","enable",15.492326,2.49999999e-07,,
"SPI","result",15.4923285,4e-06,0b00000000,0b00000000
"SPI","result",15.4923332,4e-06,0b00000101,0b00000000
"SPI","result",15.4923432,4e-06,0b00000101,0b00000000
"SPI","result",15.492348,4e-06,0b00001000,0b00000000
"SPI","result",15.4923587,4e-06,0b00000010,0b00000000
"SPI","result",15.4923635,4e-06,0b00000000,0b00000000
"SPI","result",15.4923742,4.25e-06,0b00000010,0b00000000
"SPI","result",15.492379,4e-06,0b00000001,0b00000000
"SPI","result",15.4923897,4.25e-06,0b00000110,0b00000000
"SPI","result",15.4923945,4e-06,0b00000100,0b00000000
"SPI","result",15.4924052,4.25e-06,0b00000010,0b00000000
"SPI","result",15.49241,4e-06,0b00000001,0b00000000
"SPI","result",15.4924208,4.25e-06,0b00000011,0b00000000
"SPI","result",15.4924255,4e-06,0b00000100,0b00000000
"SPI","result",15.4924365,4e-06,0b00000010,0b00000000
"SPI","result",15.492441,4e-06,0b00000001,0b00000000
"SPI","result",15.492452,4e-06,0b00000001,0b00000000
"SPI","result",15.4924565,4e-06,0b00000100,0b00000000
"SPI","result",15.4924675,4e-06,0b00000010,0b00000000
"SPI","result",15.492472,4.25e-06,0b00001100,0b00000000
"SPI","result",15.492483,4e-06,0b00000001,0b00000000
"SPI","result",15.4924875,4.25e-06,0b00000100,0b00000000
"SPI","result",15.4924985,4e-06,0b00000010,0b00000000
"SPI","result",15.492503,4.25e-06,0b00001100,0b00000000
"SPI","result",15.492514,4e-06,0b00000001,0b00000000
"SPI","result",15.4925185,4.25e-06,0b00000100,0b00000000
"SPI","result",15.4925295,4e-06,0b00000010,0b00000000
"SPI","result",15.4925343,4e-06,0b00001100,0b00000000
"SPI","result",15.492545,4e-06,0b00000001,0b00000000
"SPI","result",15.4925498,4e-06,0b00000100,0b00000000
"SPI","result",15.4925605,4e-06,0b00000010,0b00000000
"SPI","result",15.4925653,4e-06,0b00000001,0b00000000
"SPI","result",15.492576,4e-06,0b00000000,0b00000000
"SPI","result",15.4925808,4e-06,0b00000000,0b00000000
"SPI","disable",15.4925887,2.50000001e-07,,
"SPI","enable",15.492591,2.50000001e-07,,
"SPI","result",15.492592,4e-06,0b00001101,0b00000000
"SPI","disable",15.492596,2.49999999e-07,,
"SPI","enable",15.5295997,2.50000001e-07,,
"SPI","result",15.5296008,4e-06,0b00001010,0b00000000
"SPI","disable",15.529605,2.49999999e-07,,
"SPI","enable",15.529608,2.50000001e-07,,
"SPI","result",15.52961,4.25e-06,0b00000010,0b00000000
"SPI","result",15.5296148,4e-06,0b00001000,0b00000000
"SPI","result",15.5296225,4.25e-06,0b00000001,0b00000000
"SPI","result",15.5296273,4e-06,0b00001111,0b00000000
"SPI","disable",15.5296325,2.49999999e-07,,
"SPI","enable",15.5296347,2.50000001e-07,,
"SPI","result",15.529637,4e-06,0b00000000,0b00000000
"SPI","result",15.5296417,4e-06,0b00001110,0b00000000
"SPI","result",15.5296495,4e-06,0b00000000,0b00000000
"SPI","result",15.5296543,4e-06,0b00000001,0b00000000
"SPI","disable",15.5296595,2.50000001e-07,,
"SPI","enable",15.5296618,2.49999999e-07,,
"SPI","result",15.529664,4e-06,0b00000000,0b00000000
"SPI","result",15.5296685,4.25e-06,0b00000001,0b00000000
"SPI","result",15.5296765,4e-06,0b00000110,0b00000000
"SPI","result",15.529681,4e-06,0b00000010,0b00000000
"SPI","disable",15.5296862,2.50000001e-07,,
"SPI","enable",15.5296888,2.50000001e-07,,
"SPI","result",15.5296908,4.25e-06,0b00000001,0b00000000
"SPI","result",15.5296955,4e-06,0b00001111,0b00000000
"SPI","result",15.5297033,4e-06,0b00000000,0b00000000
"SPI","result",15.529708,4e-06,0b00001111,0b00000000
"SPI","disable",15.5297133,2.49999999e-07,,
"SPI","enable",15.529717,2.49999999e-07,,
"SPI","result",15.5297192,4e-06,0b00000000,0b00000000
"SPI","result",15.529724,4e-06,0b00001111,0b00000000
"SPI","result",15.5297317,4e-06,0b00000000,0b00000000
"SPI","result",15.5297365,4e-06,0b00000100,0b00000000
"SPI","disable",15.5297417,2.50000001e-07,,
"SPI","enable",15.529744,2.49999999e-07,,
"SPI","result",15.5297463,4e-06,0b00000000,0b00000000
"SPI","result",15.5297507,4.25e-06,0b00001011,0b00000000
"SPI","result",15.5297587,4e-06,0b00000000,0b00000000
"SPI","result",15.5297633,4e-06,0b00000001,0b00000000
"SPI","disable",15.5297685,2.50000001e-07,,
"SPI","enable",15.529771,2.49999999e-07,,
"SPI","result",15.529773,4.25e-06,0b00000000,0b00000000
"SPI","result",15.5297777,4e-06,0b00000011,0b00000000
"SPI","result",15.5297855,4e-06,0b00000000,0b00000000
"SPI","result",15.5297902,4e-06,0b00001111,0b00000000
"SPI","disable",15.5297955,2.49999999e-07,,
"SPI","enable",15.5300035,2.50000001e-07,,
"SPI","result",15.5300045,4e-06,0b00001010,0b00000000
"SPI","disable",15.5300088,2.49999999e-07,,
"SPI","enable",15.5300115,2.49999999e-07,,
"SPI","result",15.5300125,4e-06,0b00001110,0b00000000
"SPI","disable",15.5300167,2.50000003e-07,,
"SPI","enable",15.5300185,2.49999999e-07,,
"SPI","result",15.5300208,4e-06,0b00000000,0b00000000
"SPI","result",15.5300255,4e-06,0b00000101,0b00000000
"SPI","result",15.5300355,4.25e-06,0b00000101,0b00000000
"SPI","result",15.5300403,4e-06,0b00001000,0b00000000
"SPI","result",15.5300512,4e-06,0b00000010,0b00000000
"SPI","result",15.5300558,4e-06,0b00000000,0b00000000
"SPI","result",15.5300667,4e-06,0b00000010,0b00000000
"SPI","result",15.5300713,4e-06,0b00000001,0b00000000
"SPI","result",15.5300822,4e-06,0b00000110,0b00000000
"SPI","result",15.5300868,4.25e-06,0b00000100,0b00000000
"SPI","result",15.5300977,4e-06,0b00000010,0b00000000
"SPI","result",15.5301023,4.25e-06,0b00000001,0b00000000
"SPI","result",15.5301132,4e-06,0b00000011,0b00000000
"SPI","result",15.5301178,4.25e-06,0b00000100,0b00000000
"SPI","result",15.5301287,4e-06,0b00000010,0b00000000
"SPI","result",15.5301333,4.25e-06,0b00000001,0b00000000
"SPI","result",15.5301442,4e-06,0b00000001,0b00000000
"SPI","result",15.530149,4e-06,0b00000100,0b00000000
"SPI","result",15.5301597,4e-06,0b00000010,0b00000000
"SPI","result",15.5301645,4e-06,0b00001100,0b00000000
"SPI","result",15.5301752,4e-06,0b00000001,0b00000000
"SPI","result",15.53018,4e-06,0b00000100,0b00000000
"SPI","result",15.5301907,4e-06,0b00000010,0b00000000
"SPI","result",15.5301955,4e-06,0b00001100,0b00000000
"SPI","result",15.5302063,4e-06,0b00000001,0b00000000
"SPI","result",15.530211,4e-06,0b00000100,0b00000000
"SPI","result",15.5302218,4e-06,0b00000010,0b00000000
"SPI","result",15.5302265,4e-06,0b00001100,0b00000000
"SPI","result",15.5302373,4.25e-06,0b00000001,0b00000000
"SPI","result",15.530242,4e-06,0b00000100,0b00000000
"SPI","result",15.5302528,4.25e-06,0b00000010,0b00000000
"SPI","result",15.5302575,4e-06,0b00000001,0b00000000
"SPI","result",15.5302683,4.25e-06,0b00000000,0b00000000
"SPI","result",15.530273,4e-06,0b00000000,0b00000000
"SPI","disable",15.530281,2.49999999e-07,,
"SPI","enable",15.5302833,2.49999999e-07,,
"SPI","result",15.5302842,4e-06,0b00001101,0b00000000
"SPI","disable",15.5302885,2.50000001e-07,,
"SPI","enable",16.244254,2.50000001e-07,,
"SPI","result",16.244255,4e-06,0b00001010,0b00000000
"SPI","disable",16.244259,2.49999999e-07,,
"SPI","enable",16.244262,2.49999999e-07,,
"SPI","result",16.2442643,4e-06,0b00000010,0b00000000
"SPI","result",16.244269,4e-06,0b00001000,0b00000000
"SPI","result",16.2442768,4e-06,0b00000001,0b00000000
"SPI","result",16.2442815,4e-06,0b00001111,0b00000000
"SPI","disable",16.2442868,2.49999999e-07,,
"SPI","enable",16.244289,2.50000003e-07,,
"SPI","result",16.244291,4.25e-06,0b00000000,0b00000000
"SPI","result",16.2442957,4e-06,0b00001110,0b00000000
"SPI","result",16.2443035,4.25e-06,0b00000000,0b00000000
"SPI","result",16.2443082,4e-06,0b00000001,0b00000000
"SPI","disable",16.2443135,2.49999999e-07,,
"SPI","enable",16.2443157,2.50000003e-07,,
"SPI","result",16.244318,4e-06,0b00000000,0b00000000
"SPI","result",16.2443227,4e-06,0b00000001,0b00000000
"SPI","result",16.2443305,4e-06,0b00000110,0b00000000
"SPI","result",16.2443352,4e-06,0b00000010,0b00000000
"SPI","disable",16.2443405,2.49999999e-07,,
"SPI","enable",16.2443428,2.49999999e-07,,
"SPI","result",16.244345,4e-06,0b00000001,0b00000000
"SPI","result",16.2443498,4e-06,0b00001111,0b00000000
"SPI","result",16.2443575,4e-06,0b00000000,0b00000000
"SPI","result",16.244362,4.25e-06,0b00001111,0b00000000
"SPI","disable",16.2443675,2.50000001e-07,,
"SPI","enable",16.2443713,2.49999999e-07,,
"SPI","result",16.2443732,4.25e-06,0b00000000,0b00000000
"SPI","result",16.244378,4e-06,0b00001111,0b00000000
"SPI","result",16.2443857,4.25e-06,0b00000000,0b00000000
"SPI","result",16.2443905,4e-06,0b00000100,0b00000000
"SPI","disable",16.2443957,2.49999999e-07,,
"SPI","enable",16.244398,2.49999999e-07,,
"SPI","result",16.2444003,4e-06,0b00000000,0b00000000
"SPI","result",16.244405,4e-06,0b00001011,0b00000000
"SPI","result",16.2444127,4e-06,0b00000000,0b00000000
"SPI","result",16.2444175,4e-06,0b00000001,0b00000000
"SPI","disable",16.2444227,2.50000003e-07,,
"SPI","enable",16.244425,2.49999999e-07,,
"SPI","result",16.2444273,4e-06,0b00000000,0b00000000
"SPI","result",16.2444318,4.25e-06,0b00000011,0b00000000
"SPI","result",16.2444398,4e-06,0b00000000,0b00000000
"SPI","result",16.2444443,4e-06,0b00001111,0b00000000
"SPI","disable",16.2444495,2.49999999e-07,,
"SPI","enable",16.2446575,2.49999999e-07,,
"SPI","result",16.2446585,4e-06,0b00001010,0b00000000
"SPI","disable",16.2446627,2.49999999e-07,,
"SPI","enable",16.2446655,2.50000001e-07,,
"SPI","result",16.2446665,4e-06,0b00001110,0b00000000
"SPI","disable",16.2446708,2.49999999e-07,,
"SPI","enable",16.2446725,2.49999999e-07,,
"SPI","result",16.2446748,4.25e-06,0b00000000,0b00000000
"SPI","result",16.2446795,4e-06,0b00000101,0b00000000
"SPI","result",16.2446897,4e-06,0b00000100,0b00000000
"SPI","result",16.2446942,4.25e-06,0b00001000,0b00000000
"SPI","result",16.2447052,4e-06,0b00000010,0b00000000
"SPI","result",16.2447097,4.25e-06,0b00000000,0b00000000
"SPI","result",16.2447207,4e-06,0b00000010,0b00000000
"SPI","result",16.2447252,4.25e-06,0b00000001,0b00000000
"SPI","result",16.2447362,4e-06,0b00000110,0b00000000
"SPI","result",16.2447407,4.25e-06,0b00000100,0b00000000
"SPI","result",16.2447517,4e-06,0b00000010,0b00000000
"SPI","result",16.2447565,4e-06,0b00000001,0b00000000
"SPI","result",16.2447672,4e-06,0b00000011,0b00000000
"SPI","result",16.244772,4e-06,0b00000100,0b00000000
"SPI","result",16.2447827,4e-06,0b00000010,0b00000000
"SPI","result",16.2447875,4e-06,0b00000001,0b00000000
"SPI","result",16.2447982,4e-06,0b00000001,0b00000000
"SPI","result",16.244803,4e-06,0b00000100,0b00000000
"SPI","result",16.2448137,4e-06,0b00000010,0b00000000
"SPI","result",16.2448185,4e-06,0b00001100,0b00000000
"SPI","result",16.2448292,4e-06,0b00000001,0b00000000
"SPI","result",16.244834,4e-06,0b00000100,0b00000000
"SPI","result",16.2448447,4.25e-06,0b00000010,0b00000000
"SPI","result",16.2448495,4e-06,0b00001100,0b00000000
"SPI","result",16.2448602,4.25e-06,0b00000001,0b00000000
"SPI","result",16.244865,4e-06,0b00000100,0b00000000
"SPI","result",16.2448757,4.25e-06,0b00000010,0b00000000
"SPI","result",16.2448805,4e-06,0b00001100,0b00000000
"SPI","result",16.2448912,4.25e-06,0b00000001,0b00000000
"SPI","result",16.244896,4e-06,0b00000100,0b00000000
"SPI","result",16.244907,4e-06,0b00000010,0b00000000
"SPI","result",16.2449115,4e-06,0b00000001,0b00000000
"SPI","result",16.2449225,4e-06,0b00000000,0b00000000
"SPI","result",16.244927,4e-06,0b00000000,0b00000000
"SPI","disable",16.2449353,2.49999999e-07,,
"SPI","enable",16.2449372,2.49999999e-07,,
"SPI","result",16.2449383,4e-06,0b00001101,0b00000000
"SPI","disable",16.2449425,2.49999999e-07,,
"SPI","enable",16.2818983,2.49999999e-07,,
"SPI","result",16.281899,4.25e-06,0b00001010,0b00000000
"SPI","disable",16.2819032,2.49999999e-07,,
"SPI","enable",16.2819062,2.50000003e-07,,
"SPI","result",16.2819085,4e-06,0b00000010,0b00000000
"SPI","result",16.281913,4.25e-06,0b00001000,0b00000000
"SPI","result",16.281921,4e-06,0b00000001,0b00000000
"SPI","result",16.2819255,4e-06,0b00001111,0b00000000
"SPI","disable",16.2819308,2.49999999e-07,,
"SPI","enable",16.2819333,2.49999999e-07,,
"SPI","result",16.2819353,4.25e-06,0b00000000,0b00000000
"SPI","result",16.28194,4e-06,0b00001110,0b00000000
"SPI","result",16.2819478,4e-06,0b00000000,0b00000000
"SPI","result",16.2819525,4e-06,0b00000001,0b00000000
"SPI","disable",16.2819578,2.49999999e-07,,
"SPI","enable",16.28196,2.49999999e-07,,
"SPI","result",16.2819622,4e-06,0b00000000,0b00000000
"SPI","result",16.281967,4e-06,0b00000001,0b00000000
"SPI","result",16.2819747,4e-06,0b00000110,0b00000000
"SPI","result",16.2819792,4.25e-06,0b00000010,0b00000000
"SPI","disable",16.2819847,2.49999999e-07,,
"SPI","enable",16.281987,2.49999999e-07,,
"SPI","result",16.2819892,4e-06,0b00000001,0b00000000
"SPI","result",16.2819938,4e-06,0b00001111,0b00000000
"SPI","result",16.2820015,4.25e-06,0b00000000,0b00000000
"SPI","result",16.2820062,4e-06,0b00001111,0b00000000
"SPI","disable",16.2820115,2.50000001e-07,,
"SPI","enable",16.2820155,2.49999999e-07,,
"SPI","result",16.2820175,4.25e-06,0b00000000,0b00000000
"SPI","result",16.2820223,4e-06,0b00001111,0b00000000
"SPI","result",16.28203,4e-06,0b00000000,0b00000000
"SPI","result",16.2820348,4e-06,0b00000100,0b00000000
"SPI","disable",16.28204,2.50000003e-07,,
"SPI","enable",16.2820422,2.49999999e-07,,
"SPI","result",16.2820445,4e-06,0b00000000,0b00000000
"SPI","result",16.2820493,4e-06,0b00001011,0b00000000
"SPI","result",16.282057,4e-06,0b00000000,0b00000000
"SPI","result",16.2820615,4.25e-06,0b00000001,0b00000000
"SPI","disable",16.282067,2.49999999e-07,,
"SPI","enable",16.2820692,2.49999999e-07,,
"SPI","result",16.2820713,4.25e-06,0b00000000,0b00000000
"SPI","result",16.282076,4e-06,0b00000011,0b00000000
"SPI","result",16.2820838,4.25e-06,0b00000000,0b00000000
"SPI","result",16.2820885,4e-06,0b00001111,0b00000000
"SPI","disable",16.2820938,2.49999999e-07,,
"SPI","enable",16.2823017,2.50000003e-07,,
"SPI","result",16.2823027,4e-06,0b00001010,0b00000000
"SPI","disable",16.282307,2.49999999e-07,,
"SPI","enable",16.2823097,2.49999999e-07,,
"SPI","result",16.2823108,4e-06,0b00001110,0b00000000
"SPI","disable",16.282315,2.49999999e-07,,
"SPI","enable",16.2823167,2.49999999e-07,,
"SPI","result",16.282319,4.25e-06,0b00000000,0b00000000
"SPI","result",16.2823237,4e-06,0b00000101,0b00000000
"SPI","result",16.282334,4e-06,0b00000100,0b00000000
"SPI","result",16.2823385,4.25e-06,0b00001000,0b00000000
"SPI","result",16.2823495,4e-06,0b00000010,0b00000000
"SPI","result",16.282354,4.25e-06,0b00000000,0b00000000
"SPI","result",16.282365,4e-06,0b00000010,0b00000000
"SPI","result",16.2823695,4.25e-06,0b00000001,0b00000000
"SPI","result",16.2823805,4e-06,0b00000110,0b00000000
"SPI","result",16.282385,4.25e-06,0b00000100,0b00000000
"SPI","result",16.282396,4e-06,0b00000010,0b00000000
"SPI","result",16.2824008,4e-06,0b00000001,0b00000000
"SPI","result",16.2824115,4e-06,0b00000011,0b00000000
"SPI","result",16.2824163,4e-06,0b00000100,0b00000000
"SPI","result",16.282427,4e-06,0b00000010,0b00000000
"SPI","result",16.2824318,4e-06,0b00000001,0b00000000
"SPI","result",16.2824425,4e-06,0b00000001,0b00000000
"SPI","result",16.2824473,4e-06,0b00000100,0b00000000
"SPI","result",16.282458,4e-06,0b00000010,0b00000000
"SPI","result",16.2824628,4e-06,0b00001100,0b00000000
"SPI","result",16.2824735,4e-06,0b00000001,0b00000000
"SPI","result",16.2824783,4e-06,0b00000100,0b00000000
"SPI","result",16.282489,4.25e-06,0b00000010,0b00000000
"SPI","result",16.2824938,4e-06,0b00001100,0b00000000
"SPI","result",16.2825045,4.25e-06,0b00000001,0b00000000
"SPI","result",16.2825093,4e-06,0b00000100,0b00000000
"SPI","result",16.28252,4.25e-06,0b00000010,0b00000000
"SPI","result",16.2825248,4e-06,0b00001100,0b00000000
"SPI","result",16.2825358,4e-06,0b00000001,0b00000000
"SPI","result",16.2825403,4e-06,0b00000100,0b00000000
"SPI","result",16.2825513,4e-06,0b00000010,0b00000000
"SPI","result",16.2825558,4e-06,0b00000001,0b00000000
"SPI","result",16.2825668,4e-06,0b00000000,0b00000000
"SPI","result",16.2825713,4.25e-06,0b00000000,0b00000000
"SPI","disable",16.2825795,2.50000001e-07,,
"SPI","enable",16.2825815,2.50000001e-07,,
"SPI","result",16.2825825,4e-06,0b00001101,0b00000000
"SPI","disable",16.2825868,2.49999999e-07,,
"SPI","enable",16.8877365,2.50000001e-07,,
"SPI","result",16.8877375,4.25e-06,0b00001010,0b00000000
"SPI","disable",16.8877417,2.49999997e-07,,
"SPI","enable",16.8877447,2.50000001e-07,,
"SPI","result",16.887747,4e-06,0b00000010,0b00000000
"SPI","result",16.8877515,4e-06,0b00001000,0b00000000
"SPI","result",16.8877592,4.25e-06,0b00000001,0b00000000
"SPI","result",16.887764,4e-06,0b00001111,0b00000000
"SPI","disable",16.8877693,2.50000001e-07,,
"SPI","enable",16.8877715,2.50000001e-07,,
"SPI","result",16.8877738,4e-06,0b00000000,0b00000000
"SPI","result",16.8877785,4e-06,0b00001110,0b00000000
"SPI","result",16.8877863,4e-06,0b00000000,0b00000000
"SPI","result",16.887791,4e-06,0b00000001,0b00000000
"SPI","disable",16.8877963,2.50000001e-07,,
"SPI","enable",16.8877985,2.50000005e-07,,
"SPI","result",16.8878008,4e-06,0b00000000,0b00000000
"SPI","result",16.8878052,4.25e-06,0b00000001,0b00000000
"SPI","result",16.8878133,4e-06,0b00000110,0b00000000
"SPI","result",16.8878177,4.25e-06,0b00000010,0b00000000
"SPI","disable",16.887823,2.50000001e-07,,
"SPI","enable",16.8878255,2.49999997e-07,,
"SPI","result",16.8878275,4.25e-06,0b00000001,0b00000000
"SPI","result",16.8878322,4e-06,0b00001111,0b00000000
"SPI","result",16.88784,4.25e-06,0b00000000,0b00000000
"SPI","result",16.8878447,4e-06,0b00001111,0b00000000
"SPI","disable",16.88785,2.50000001e-07,,
"SPI","enable",16.8878538,2.49999997e-07,,
"SPI","result",16.887856,4e-06,0b00000000,0b00000000
"SPI","result",16.8878608,4e-06,0b00001111,0b00000000
"SPI","result",16.8878685,4e-06,0b00000000,0b00000000
"SPI","result",16.8878732,4e-06,0b00000100,0b00000000
"SPI","disable",16.8878785,2.50000001e-07,,
"SPI","enable",16.8878808,2.50000001e-07,,
"SPI","result",16.887883,4e-06,0b00000000,0b00000000
"SPI","result",16.8878878,4e-06,0b00001011,0b00000000
"SPI","result",16.8878955,4e-06,0b00000000,0b00000000
"SPI","result",16.8879,4.25e-06,0b00000001,0b00000000
"SPI","disable",16.8879055,2.50000005e-07,,
"SPI","enable",16.8879078,2.50000001e-07,,
"SPI","result",16.8879097,4.25e-06,0b00000000,0b00000000
"SPI","result",16.8879145,4e-06,0b00000011,0b00000000
"SPI","result",16.8879222,4.25e-06,0b00000000,0b00000000
"SPI","result",16.887927,4e-06,0b00001111,0b00000000
"SPI","disable",16.8879322,2.50000005e-07,,
"SPI","enable",16.8881402,2.49999997e-07,,
"SPI","result",16.8881413,4e-06,0b00001010,0b00000000
"SPI","disable",16.8881455,2.50000001e-07,,
"SPI","enable",16.8881483,2.49999997e-07,,
"SPI","result",16.8881493,4e-06,0b00001110,0b00000000
"SPI","disable",16.8881535,2.50000001e-07,,
"SPI","enable",16.8881553,2.50000001e-07,,
"SPI","result",16.8881575,4.25e-06,0b00000000,0b00000000
"SPI","result",16.8881623,4e-06,0b00000101,0b00000000
"SPI","result",16.8881725,4e-06,0b00000100,0b00000000
"SPI","result",16.888177,4.25e-06,0b00001000,0b00000000
"SPI","result",16.888188,4e-06,0b00000010,0b00000000
"SPI","result",16.8881925,4.25e-06,0b00000000,0b00000000
"SPI","result",16.8882035,4e-06,0b00000010,0b00000000
"SPI","result",16.888208,4.25e-06,0b00000001,0b00000000
"SPI","result",16.888219,4e-06,0b00000110,0b00000000
"SPI","result",16.8882235,4.25e-06,0b00000100,0b00000000
"SPI","result",16.8882345,4e-06,0b00000010,0b00000000
"SPI","result",16.8882393,4e-06,0b00000001,0b00000000
"SPI","result",16.88825,4e-06,0b00000011,0b00000000
"SPI","result",16.8882548,4e-06,0b00000100,0b00000000
"SPI","result",16.8882655,4e-06,0b00000010,0b00000000
"SPI","result",16.8882703,4e-06,0b00000001,0b00000000
"SPI","result",16.888281,4e-06,0b00000001,0b00000000
"SPI","result",16.8882858,4e-06,0b00000100,0b00000000
"SPI","result",16.8882965,4e-06,0b00000010,0b00000000
"SPI","result",16.8883013,4e-06,0b00001100,0b00000000
"SPI","result",16.888312,4e-06,0b00000001,0b00000000
"SPI","result",16.8883168,4e-06,0b00000100,0b00000000
"SPI","result",16.8883275,4.25e-06,0b00000010,0b00000000
"SPI","result",16.8883322,4e-06,0b00001100,0b00000000
"SPI","result",16.888343,4.25e-06,0b00000001,0b00000000
"SPI","result",16.8883478,4e-06,0b00000100,0b00000000
"SPI","result",16.8883585,4.25e-06,0b00000010,0b00000000
"SPI","result",16.8883633,4e-06,0b00001100,0b00000000
"SPI","result",16.8883742,4e-06,0b00000001,0b00000000
"SPI","result",16.8883788,4e-06,0b00000100,0b00000000
"SPI","result",16.8883898,4e-06,0b00000010,0b00000000
"SPI","result",16.8883943,4e-06,0b00000001,0b00000000
"SPI","result",16.8884053,3.99999999e-06,0b00000000,0b00000000
"SPI","result",16.8884098,4.25e-06,0b00000000,0b00000000
"SPI","disable",16.888418,2.50000001e-07,,
"SPI","enable",16.88842,2.50000001e-07,,
"SPI","result",16.888421,4e-06,0b00001101,0b00000000
"SPI","disable",16.8884253,2.50000001e-07,,
"SPI","enable",16.9253795,2.50000001e-07,,
"SPI","result",16.9253805,4e-06,0b00001010,0b00000000
"SPI","disable",16.9253847,2.50000001e-07,,
"SPI","enable",16.9253875,2.49999997e-07,,
"SPI","result",16.9253898,4.25e-06,0b00000010,0b00000000
"SPI","result",16.9253945,4e-06,0b00001000,0b00000000
"SPI","result",16.9254023,4e-06,0b00000001,0b00000000
"SPI","result",16.925407,4e-06,0b00001111,0b00000000
"SPI","disable",16.9254123,2.49999997e-07,,
"SPI","enable",16.9254145,2.50000001e-07,,
"SPI","result",16.9254168,4e-06,0b00000000,0b00000000
"SPI","result",16.9254215,4e-06,0b00001110,0b00000000
"SPI","result",16.9254293,4e-06,0b00000000,0b00000000
"SPI","result",16.9254337,4.25e-06,0b00000001,0b00000000
"SPI","disable",16.9254393,2.50000001e-07,,
"SPI","enable",16.9254415,2.50000001e-07,,
"SPI","result",16.9254435,4.25e-06,0b00000000,0b00000000
"SPI","result",16.9254482,4e-06,0b00000001,0b00000000
"SPI","result",16.925456,4.25e-06,0b00000110,0b00000000
"SPI","result",16.9254607,4e-06,0b00000010,0b00000000
"SPI","disable",16.925466,2.49999997e-07,,
"SPI","enable",16.9254683,2.50000001e-07,,
"SPI","result",16.9254705,4e-06,0b00000001,0b00000000
"SPI","result",16.9254753,4e-06,0b00001111,0b00000000
"SPI","result",16.925483,4e-06,0b00000000,0b00000000
"SPI","result",16.9254877,4e-06,0b00001111,0b00000000
"SPI","disable",16.925493,2.50000001e-07,,
"SPI","enable",16.9254968,2.49999997e-07,,
"SPI","result",16.925499,4e-06,0b00000000,0b00000000
"SPI","result",16.9255038,4e-06,0b00001111,0b00000000
"SPI","result",16.9255115,4e-06,0b00000000,0b00000000
"SPI","result",16.925516,4.25e-06,0b00000100,0b00000000
"SPI","disable",16.9255215,2.50000001e-07,,
"SPI","enable",16.9255237,2.49999997e-07,,
"SPI","result",16.925526,4e-06,0b00000000,0b00000000
"SPI","result",16.9255305,4e-06,0b00001011,0b00000000
"SPI","result",16.9255382,4.25e-06,0b00000000,0b00000000
"SPI","result",16.925543,4e-06,0b00000001,0b00000000
"SPI","disable",16.9255482,2.50000001e-07,,
"SPI","enable",16.9255505,2.49999997e-07,,
"SPI","result",16.9255528,4e-06,0b00000000,0b00000000
"SPI","result",16.9255575,4e-06,0b00000011,0b00000000
"SPI","result",16.9255652,4e-06,0b00000000,0b00000000
"SPI","result",16.92557,4e-06,0b00001111,0b00000000
"SPI","disable",16.9255753,2.49999997e-07,,
"SPI","enable",16.9257832,2.50000005e-07,,
"SPI","result",16.9257842,4e-06,0b00001010,0b00000000
"SPI","disable",16.9257885,2.50000001e-07,,
"SPI","enable",16.9257912,2.50000001e-07,,
"SPI","result",16.9257923,4e-06,0b00001110,0b00000000
"SPI","disable",16.9257965,2.50000001e-07,,
"SPI","enable",16.9257982,2.50000001e-07,,
"SPI","result",16.9258005,4e-06,0b00000000,0b00000000
"SPI","result",16.9258052,4e-06,0b00000101,0b00000000
"SPI","result",16.9258152,4.25e-06,0b00000100,0b00000000
"SPI","result",16.92582,3.99999999e-06,0b00001000,0b00000000
"SPI","result",16.9258307,4.25e-06,0b00000010,0b00000000
"SPI","result",16.9258355,4e-06,0b00000000,0b00000000
"SPI","result",16.9258462,4.25e-06,0b00000010,0b00000000
"SPI","result",16.925851,4e-06,0b00000001,0b00000000
"SPI","result",16.9258617,4.25e-06,0b00000110,0b00000000
"SPI","result",16.9258665,4e-06,0b00000100,0b00000000
"SPI","result",16.9258775,4e-06,0b00000010,0b00000000
"SPI","result",16.925882,4e-06,0b00000001,0b00000000
"SPI","result",16.925893,4e-06,0b00000011,0b00000000
"SPI","result",16.9258975,4.25e-06,0b00000100,0b00000000
"SPI","result",16.9259085,4e-06,0b00000010,0b00000000
"SPI","result",16.925913,4.25e-06,0b00000001,0b00000000
"SPI","result",16.925924,4e-06,0b00000001,0b00000000
"SPI","result",16.9259285,4.25e-06,0b00000100,0b00000000
"SPI","result",16.9259395,4e-06,0b00000010,0b00000000
"SPI","result",16.9259443,4e-06,0b00001100,0b00000000
"SPI","result",16.925955,4e-06,0b00000001,0b00000000
"SPI","result",16.9259598,4e-06,0b00000100,0b00000000
"SPI","result",16.9259705,4e-06,0b00000010,0b00000000
"SPI","result",16.9259753,4e-06,0b00001100,0b00000000
"SPI","result",16.925986,4e-06,0b00000001,0b00000000
"SPI","result",16.9259908,4e-06,0b00000100,0b00000000
"SPI","result",16.9260015,4e-06,0b00000010,0b00000000
"SPI","result",16.9260062,4e-06,0b00001100,0b00000000
"SPI","result",16.926017,4e-06,0b00000001,0b00000000
"SPI","result",16.9260218,4e-06,0b00000100,0b00000000
"SPI","result",16.9260325,4e-06,0b00000010,0b00000000
"SPI","result",16.9260373,4e-06,0b00000001,0b00000000
"SPI","result",16.926048,4.25e-06,0b00000000,0b00000000
"SPI","result",16.9260528,4e-06,0b00000000,0b00000000
"SPI","disable",16.9260608,2.50000001e-07,,
"SPI","enable",16.926063,2.50000001e-07,,
"SPI","result",16.926064,4e-06,0b00001101,0b00000000
"SPI","disable",16.9260683,2.50000001e-07,,
"SPI","enable",17.820124,2.50000001e-07,,
"SPI","result",17.820125,4e-06,0b00001010,0b00000000
"SPI","disable",17.820129,2.50000001e-07,,
"SPI","enable",17.820132,2.49999997e-07,,
"SPI","result",17.8201342,4e-06,0b00000010,0b00000000
"SPI","result",17.820139,4e-06,0b00001000,0b00000000
"SPI","result",17.8201467,4e-06,0b00000001,0b00000000
"SPI","result",17.8201515,4e-06,0b00001111,0b00000000
"SPI","disable",17.8201567,2.50000001e-07,,
"SPI","enable",17.820159,2.50000001e-07,,
"SPI","result",17.8201613,4e-06,0b00000000,0b00000000
"SPI","result",17.8201658,4.25e-06,0b00001110,0b00000000
"SPI","result",17.8201735,4.25e-06,0b00000000,0b00000000
"SPI","result",17.8201783,4e-06,0b00000001,0b00000000
"SPI","disable",17.8201835,2.50000001e-07,,
"SPI","enable",17.8201858,2.49999997e-07,,
"SPI","result",17.820188,4.25e-06,0b00000000,0b00000000
"SPI","result",17.8201928,4e-06,0b00000001,0b00000000
"SPI","result",17.8202005,4e-06,0b00000110,0b00000000
"SPI","result",17.8202053,4e-06,0b00000010,0b00000000
"SPI","disable",17.8202105,2.50000001e-07,,
"SPI","enable",17.8202127,2.50000001e-07,,
"SPI","result",17.820215,4e-06,0b00000001,0b00000000
"SPI","result",17.8202197,4e-06,0b00001111,0b00000000
"SPI","result",17.8202275,4e-06,0b00000000,0b00000000
"SPI","result",17.8202323,4e-06,0b00001111,0b00000000
"SPI","disable",17.8202375,2.50000001e-07,,
"SPI","enable",17.8202412,2.50000001e-07,,
"SPI","result",17.8202435,4e-06,0b00000000,0b00000000
"SPI","result",17.820248,4.25e-06,0b00001111,0b00000000
"SPI","result",17.820256,4e-06,0b00000000,0b00000000
"SPI","result",17.8202605,4e-06,0b00000100,0b00000000
"SPI","disable",17.8202658,2.49999997e-07,,
"SPI","enable",17.8202683,2.50000001e-07,,
"SPI","result",17.8202703,4.25e-06,0b00000000,0b00000000
"SPI","result",17.820275,4e-06,0b00001011,0b00000000
"SPI","result",17.8202828,4e-06,0b00000000,0b00000000
"SPI","result",17.8202875,4e-06,0b00000001,0b00000000
"SPI","disable",17.8202928,2.49999997e-07,,
"SPI","enable",17.820295,2.49999997e-07,,
"SPI","result",17.8202972,4e-06,0b00000000,0b00000000
"SPI","result",17.820302,3.99999999e-06,0b00000011,0b00000000
"SPI","result",17.8203097,4e-06,0b00000000,0b00000000
"SPI","result",17.8203145,4e-06,0b00001111,0b00000000
"SPI","disable",17.8203197,2.50000001e-07,,
"SPI","enable",17.8205278,2.49999997e-07,,
"SPI","result",17.8205288,4e-06,0b00001010,0b00000000
"SPI","disable",17.820533,2.50000001e-07,,
"SPI","enable",17.8205358,2.49999997e-07,,
"SPI","result",17.8205367,4e-06,0b00001110,0b00000000
"SPI","disable",17.8205407,2.49999997e-07,,
"SPI","enable",17.8205428,2.50000001e-07,,
"SPI","result",17.820545,4e-06,0b00000000,0b00000000
"SPI","result",17.8205498,4e-06,0b00000101,0b00000000
"SPI","result",17.8205598,4.25e-06,0b00000110,0b00000000
"SPI","result",17.8205645,4e-06,0b00001000,0b00000000
"SPI","result",17.8205753,4.25e-06,0b00000010,0b00000000
"SPI","result",17.82058,4e-06,0b00000000,0b00000000
"SPI","result",17.8205908,4.25e-06,0b00000010,0b00000000
"SPI","result",17.8205955,4e-06,0b00000001,0b00000000
"SPI","result",17.8206063,4.25e-06,0b00000110,0b00000000
"SPI","result",17.820611,4e-06,0b00000100,0b00000000
"SPI","result",17.820622,4e-06,0b00000010,0b00000000
"SPI","result",17.8206265,4e-06,0b00000001,0b00000000
"SPI","result",17.8206375,4e-06,0b00000011,0b00000000
"SPI","result",17.820642,4.25e-06,0b00000100,0b00000000
"SPI","result",17.820653,4e-06,0b00000010,0b00000000
"SPI","result",17.8206575,4.25e-06,0b00000001,0b00000000
"SPI","result",17.8206685,4e-06,0b00000001,0b00000000
"SPI","result",17.820673,4.25e-06,0b00000100,0b00000000
"SPI","result",17.820684,4e-06,0b00000010,0b00000000
"SPI","result",17.8206887,4e-06,0b00001100,0b00000000
"SPI","result",17.8206995,4e-06,0b00000001,0b00000000
"SPI","result",17.8207042,4e-06,0b00000100,0b00000000
"SPI","result",17.820715,4e-06,0b00000010,0b00000000
"SPI","result",17.8207197,4e-06,0b00001100,0b00000000
"SPI","result",17.8207305,4e-06,0b00000001,0b00000000
"SPI","result",17.8207352,4e-06,0b00000100,0b00000000
"SPI","result",17.820746,4e-06,0b00000010,0b00000000
"SPI","result",17.8207507,4e-06,0b00001100,0b00000000
"SPI","result",17.8207615,4.25e-06,0b00000001,0b00000000
"SPI","result",17.8207662,4e-06,0b00000100,0b00000000
"SPI","result",17.820777,4.25e-06,0b00000010,0b00000000
"SPI","result",17.8207817,4e-06,0b00000001,0b00000000
"SPI","result",17.8207925,4.25e-06,0b00000000,0b00000000
"SPI","result",17.8207972,4e-06,0b00000000,0b00000000
"SPI","disable",17.8208052,2.50000001e-07,,
"SPI","enable",17.8208075,2.49999997e-07,,
"SPI","result",17.8208085,4e-06,0b00001101,0b00000000
"SPI","disable",17.8208128,2.50000001e-07,,
"SPI","enable",17.8578555,2.50000001e-07,,
"SPI","result",17.8578565,4e-06,0b00001010,0b00000000
"SPI","disable",17.8578608,2.50000001e-07,,
"SPI","enable",17.8578635,2.50000001e-07,,
"SPI","result",17.8578657,4e-06,0b00000010,0b00000000
"SPI","result",17.8578705,4e-06,0b00001000,0b00000000
"SPI","result",17.8578782,4e-06,0b00000001,0b00000000
"SPI","result",17.857883,4e-06,0b00001111,0b00000000
"SPI","disable",17.8578882,2.50000001e-07,,
"SPI","enable",17.8578905,2.49999997e-07,,
"SPI","result",17.8578928,4e-06,0b00000000,0b00000000
"SPI","result",17.8578975,4e-06,0b00001110,0b00000000
"SPI","result",17.8579053,3.99999999e-06,0b00000000,0b00000000
"SPI","result",17.8579098,4.25e-06,0b00000001,0b00000000
"SPI","disable",17.8579153,2.49999997e-07,,
"SPI","enable",17.8579175,2.49999997e-07,,
"SPI","result",17.8579195,4.25e-06,0b00000000,0b00000000
"SPI","result",17.8579242,4e-06,0b00000001,0b00000000
"SPI","result",17.857932,4.25e-06,0b00000110,0b00000000
"SPI","result",17.8579368,4e-06,0b00000010,0b00000000
"SPI","disable",17.857942,2.49999997e-07,,
"SPI","enable",17.8579442,2.49999997e-07,,
"SPI","result",17.8579465,4e-06,0b00000001,0b00000000
"SPI","result",17.8579512,4e-06,0b00001111,0b00000000
"SPI","result",17.857959,4e-06,0b00000000,0b00000000
"SPI","result",17.8579637,4e-06,0b00001111,0b00000000
"SPI","disable",17.857969,2.49999997e-07,,
"SPI","enable",17.8579727,2.50000005e-07,,
"SPI","result",17.857975,4e-06,0b00000000,0b00000000
"SPI","result",17.8579797,4e-06,0b00001111,0b00000000
"SPI","result",17.8579875,4e-06,0b00000000,0b00000000
"SPI","result",17.857992,4.25e-06,0b00000100,0b00000000
"SPI","disable",17.8579975,2.49999997e-07,,
"SPI","enable",17.8579998,2.49999997e-07,,
"SPI","result",17.858002,4e-06,0b00000000,0b00000000
"SPI","result",17.8580065,4e-06,0b00001011,0b00000000
"SPI","result",17.8580143,4.25e-06,0b00000000,0b00000000
"SPI","result",17.858019,4e-06,0b00000001,0b00000000
"SPI","disable",17.8580242,2.50000001e-07,,
"SPI","enable",17.8580265,2.50000001e-07,,
"SPI","result",17.8580287,4e-06,0b00000000,0b00000000
"SPI","result",17.8580335,4e-06,0b00000011,0b00000000
"SPI","result",17.8580412,4e-06,0b00000000,0b00000000
"SPI","result",17.858046,4e-06,0b00001111,0b00000000
"SPI","disable",17.8580512,2.49999997e-07,,
"SPI","enable",17.8582592,2.50000001e-07,,
"SPI","result",17.8582603,4e-06,0b00001010,0b00000000
"SPI","disable",17.8582645,2.49999997e-07,,
"SPI","enable",17.8582673,2.50000001e-07,,
"SPI","result",17.8582682,4e-06,0b00001110,0b00000000
"SPI","disable",17.8582725,2.49999997e-07,,
"SPI","enable",17.8582743,2.49999997e-07,,
"SPI","result",17.8582765,4e-06,0b00000000,0b00000000
"SPI","result",17.8582813,4e-06,0b00000101,0b00000000
"SPI","result",17.8582913,4.25e-06,0b00000110,0b00000000
"SPI","result",17.858296,4e-06,0b00001000,0b00000000
"SPI","result",17.8583068,4.25e-06,0b00000010,0b00000000
"SPI","result",17.8583115,4e-06,0b00000000,0b00000000
"SPI","result",17.8583223,4.25e-06,0b00000010,0b00000000
"SPI","result",17.858327,4e-06,0b00000001,0b00000000
"SPI","result",17.858338,4e-06,0b00000110,0b00000000
"SPI","result",17.8583425,4e-06,0b00000100,0b00000000
"SPI","result",17.8583535,4e-06,0b00000010,0b00000000
"SPI","result",17.858358,4e-06,0b00000001,0b00000000
"SPI","result",17.858369,4e-06,0b00000011,0b00000000
"SPI","result",17.8583735,4.25e-06,0b00000100,0b00000000
"SPI","result",17.8583845,4e-06,0b00000010,0b00000000
"SPI","result",17.858389,4.25e-06,0b00000001,0b00000000
"SPI","result",17.8584,4e-06,0b00000001,0b00000000
"SPI","result",17.8584045,4.25e-06,0b00000100,0b00000000
"SPI","result",17.8584155,4e-06,0b00000010,0b00000000
"SPI","result",17.8584203,4e-06,0b00001100,0b00000000
"SPI","result",17.858431,4e-06,0b00000001,0b00000000
"SPI","result",17.8584358,4e-06,0b00000100,0b00000000
"SPI","result",17.8584465,4e-06,0b00000010,0b00000000
"SPI","result",17.8584513,4e-06,0b00001100,0b00000000
"SPI","result",17.858462,4e-06,0b00000001,0b00000000
"SPI","result",17.8584668,4e-06,0b00000100,0b00000000
"SPI","result",17.8584775,4e-06,0b00000010,0b00000000
"SPI","result",17.8584823,4e-06,0b00001100,0b00000000
"SPI","result",17.858493,4.25e-06,0b00000001,0b00000000
"SPI","result",17.8584978,4e-06,0b00000100,0b00000000
"SPI","result",17.8585085,4.25e-06,0b00000010,0b00000000
"SPI","result",17.8585133,4e-06,0b00000001,0b00000000
"SPI","result",17.858524,4.25e-06,0b00000000,0b00000000
"SPI","result",17.8585288,4e-06,0b00000000,0b00000000
"SPI","disable",17.8585367,2.49999997e-07,,
"SPI","enable",17.858539,2.49999997e-07,,
"SPI","result",17.85854,4e-06,0b00001101,0b00000000
"SPI","disable",17.8585443,2.49999997e-07,,
"SPI","enable",18.6439322,2.50000001e-07,,
"SPI","result",18.6439332,4e-06,0b00001010,0b00000000
"SPI","disable",18.6439373,2.50000001e-07,,
"SPI","enable",18.6439402,2.50000001e-07,,
"SPI","result",18.6439425,4e-06,0b00000010,0b00000000
"SPI","result",18.6439473,4e-06,0b00001000,0b00000000
"SPI","result",18.643955,4e-06,0b00000001,0b00000000
"SPI","result",18.6439598,4e-06,0b00001111,0b00000000
"SPI","disable",18.643965,2.50000001e-07,,
"SPI","enable",18.6439672,2.50000001e-07,,
"SPI","result",18.6439695,4e-06,0b00000000,0b00000000
"SPI","result",18.643974,4.25e-06,0b00001110,0b00000000
"SPI","result",18.6439817,4.25e-06,0b00000000,0b00000000
"SPI","result",18.6439865,4e-06,0b00000001,0b00000000
"SPI","disable",18.6439918,2.50000001e-07,,
"SPI","enable",18.643994,2.50000001e-07,,
"SPI","result",18.6439963,4e-06,0b00000000,0b00000000
"SPI","result",18.644001,4e-06,0b00000001,0b00000000
"SPI","result",18.6440088,4e-06,0b00000110,0b00000000
"SPI","result",18.6440135,4e-06,0b00000010,0b00000000
"SPI","disable",18.6440188,2.50000001e-07,,
"SPI","enable",18.644021,2.50000005e-07,,
"SPI","result",18.6440233,4e-06,0b00000001,0b00000000
"SPI","result",18.644028,4e-06,0b00001111,0b00000000
"SPI","result",18.6440358,4e-06,0b00000000,0b00000000
"SPI","result",18.6440405,4e-06,0b00001111,0b00000000
"SPI","disable",18.6440458,2.49999997e-07,,
"SPI","enable",18.6440495,2.50000001e-07,,
"SPI","result",18.6440517,4e-06,0b00000000,0b00000000
"SPI","result",18.6440562,4.25e-06,0b00001111,0b00000000
"SPI","result",18.644064,4.25e-06,0b00000000,0b00000000
"SPI","result",18.6440687,4e-06,0b00000100,0b00000000
"SPI","disable",18.644074,2.49999997e-07,,
"SPI","enable",18.6440763,2.49999997e-07,,
"SPI","result",18.6440785,4e-06,0b00000000,0b00000000
"SPI","result",18.6440833,4e-06,0b00001011,0b00000000
"SPI","result",18.644091,4e-06,0b00000000,0b00000000
"SPI","result",18.6440958,4e-06,0b00000001,0b00000000
"SPI","disable",18.644101,2.50000001e-07,,
"SPI","enable",18.6441033,2.50000001e-07,,
"SPI","result",18.6441055,4e-06,0b00000000,0b00000000
"SPI","result",18.64411,4.25e-06,0b00000011,0b00000000
"SPI","result",18.644118,4e-06,0b00000000,0b00000000
"SPI","result",18.6441225,4.25e-06,0b00001111,0b00000000
"SPI","disable",18.644128,2.50000005e-07,,
"SPI","enable",18.644336,2.50000001e-07,,
"SPI","result",18.6443368,4.25e-06,0b00001010,0b00000000
"SPI","disable",18.644341,2.50000001e-07,,
"SPI","enable",18.644344,2.49999997e-07,,
"SPI","result",18.6443447,4.25e-06,0b00001110,0b00000000
"SPI","disable",18.644349,2.50000005e-07,,
"SPI","enable",18.6443508,2.49999997e-07,,
"SPI","result",18.6443533,4e-06,0b00000000,0b00000000
"SPI","result",18.6443578,4.25e-06,0b00000101,0b00000000
"SPI","result",18.644368,4e-06,0b00000100,0b00000000
"SPI","result",18.6443727,4e-06,0b00001000,0b00000000
"SPI","result",18.6443835,4e-06,0b00000010,0b00000000
"SPI","result",18.6443882,4e-06,0b00000000,0b00000000
"SPI","result",18.644399,4e-06,0b00000010,0b00000000
"SPI","result",18.6444037,4e-06,0b00000001,0b00000000
"SPI","result",18.6444145,4e-06,0b00000110,0b00000000
"SPI","result",18.6444192,4e-06,0b00000100,0b00000000
"SPI","result",18.64443,4e-06,0b00000010,0b00000000
"SPI","result",18.6444347,4e-06,0b00000001,0b00000000
"SPI","result",18.6444455,4e-06,0b00000011,0b00000000
"SPI","result",18.6444502,4e-06,0b00000100,0b00000000
"SPI","result",18.644461,4.25e-06,0b00000010,0b00000000
"SPI","result",18.6444657,4e-06,0b00000001,0b00000000
"SPI","result",18.6444765,4.25e-06,0b00000001,0b00000000
"SPI","result",18.6444812,4e-06,0b00000100,0b00000000
"SPI","result",18.644492,4.25e-06,0b00000010,0b00000000
"SPI","result",18.6444967,4e-06,0b00001100,0b00000000
"SPI","result",18.6445077,4e-06,0b00000001,0b00000000
"SPI","result",18.6445122,4e-06,0b00000100,0b00000000
"SPI","result",18.6445232,4e-06,0b00000010,0b00000000
"SPI","result",18.6445278,4e-06,0b00001100,0b00000000
"SPI","result",18.6445387,4e-06,0b00000001,0b00000000
"SPI","result",18.6445433,4.25e-06,0b00000100,0b00000000
"SPI","result",18.6445542,4e-06,0b00000010,0b00000000
"SPI","result",18.6445588,4.25e-06,0b00001100,0b00000000
"SPI","result",18.6445697,4e-06,0b00000001,0b00000000
"SPI","result",18.6445743,4.25e-06,0b00000100,0b00000000
"SPI","result",18.6445852,4e-06,0b00000010,0b00000000
"SPI","result",18.6445898,4.25e-06,0b00000001,0b00000000
"SPI","result",18.6446007,4e-06,0b00000000,0b00000000
"SPI","result",18.6446055,4e-06,0b00000000,0b00000000
"SPI","disable",18.6446135,2.50000001e-07,,
"SPI","enable",18.6446157,2.49999997e-07,,
"SPI","result",18.6446165,4.25e-06,0b00001101,0b00000000
"SPI","disable",18.6446208,2.49999997e-07,,
"SPI","enable",18.6815773,2.50000001e-07,,
"SPI","result",18.681578,4.25000001e-06,0b00001010,0b00000000
"SPI","disable",18.6815823,2.49999997e-07,,
"SPI","enable",18.6815853,2.50000001e-07,,
"SPI","result",18.6815875,4e-06,0b00000010,0b00000000
"SPI","result",18.681592,4.25e-06,0b00001000,0b00000000
"SPI","result",18.6816,4e-06,0b00000001,0b00000000
"SPI","result",18.6816045,4e-06,0b00001111,0b00000000
"SPI","disable",18.6816097,2.50000001e-07,,
"SPI","enable",18.6816123,2.49999997e-07,,
"SPI","result",18.6816142,4.25e-06,0b00000000,0b00000000
"SPI","result",18.681619,4e-06,0b00001110,0b00000000
"SPI","result",18.6816267,4e-06,0b00000000,0b00000000
"SPI","result",18.6816315,4e-06,0b00000001,0b00000000
"SPI","disable",18.6816367,2.50000001e-07,,
"SPI","enable",18.681639,2.50000001e-07,,
"SPI","result",18.6816412,4e-06,0b00000000,0b00000000
"SPI","result",18.681646,4e-06,0b00000001,0b00000000
"SPI","result",18.6816537,4e-06,0b00000110,0b00000000
"SPI","result",18.6816583,4.25e-06,0b00000010,0b00000000
"SPI","disable",18.6816637,2.50000001e-07,,
"SPI","enable",18.681666,2.49999997e-07,,
"SPI","result",18.6816683,4e-06,0b00000001,0b00000000
"SPI","result",18.6816728,4.25e-06,0b00001111,0b00000000
"SPI","result",18.6816805,4.25e-06,0b00000000,0b00000000
"SPI","result",18.6816853,4e-06,0b00001111,0b00000000
"SPI","disable",18.6816905,2.50000005e-07,,
"SPI","enable",18.6816945,2.50000001e-07,,
"SPI","result",18.6816965,4.25e-06,0b00000000,0b00000000
"SPI","result",18.6817012,4e-06,0b00001111,0b00000000
"SPI","result",18.681709,4e-06,0b00000000,0b00000000
"SPI","result",18.6817138,4e-06,0b00000100,0b00000000
"SPI","disable",18.681719,2.50000001e-07,,
"SPI","enable",18.6817212,2.50000001e-07,,
"SPI","result",18.6817235,4e-06,0b00000000,0b00000000
"SPI","result",18.6817282,4e-06,0b00001011,0b00000000
"SPI","result",18.681736,4e-06,0b00000000,0b00000000
"SPI","result",18.6817405,4.25e-06,0b00000001,0b00000000
"SPI","disable",18.681746,2.50000001e-07,,
"SPI","enable",18.6817482,2.50000005e-07,,
"SPI","result",18.6817503,4.25e-06,0b00000000,0b00000000
"SPI","result",18.681755,4e-06,0b00000011,0b00000000
"SPI","result",18.6817628,4.25e-06,0b00000000,0b00000000
"SPI","result",18.6817675,4e-06,0b00001111,0b00000000
"SPI","disable",18.6817728,2.50000001e-07,,
"SPI","enable",18.6819808,2.49999997e-07,,
"SPI","result",18.6819817,4e-06,0b00001010,0b00000000
"SPI","disable",18.681986,2.50000005e-07,,
"SPI","enable",18.6819887,2.50000005e-07,,
"SPI","result",18.6819897,4e-06,0b00001110,0b00000000
"SPI","disable",18.681994,2.50000001e-07,,
"SPI","enable",18.6819957,2.50000005e-07,,
"SPI","result",18.681998,4.25e-06,0b00000000,0b00000000
"SPI","result",18.6820027,4e-06,0b00000101,0b00000000
"SPI","result",18.682013,4e-06,0b00000100,0b00000000
"SPI","result",18.6820175,4.25e-06,0b00001000,0b00000000
"SPI","result",18.6820285,4e-06,0b00000010,0b00000000
"SPI","result",18.682033,4.25e-06,0b00000000,0b00000000
"SPI","result",18.682044,4e-06,0b00000010,0b00000000
"SPI","result",18.6820485,4.25e-06,0b00000001,0b00000000
"SPI","result",18.6820595,4e-06,0b00000110,0b00000000
"SPI","result",18.6820642,4e-06,0b00000100,0b00000000
"SPI","result",18.682075,4e-06,0b00000010,0b00000000
"SPI","result",18.6820797,4e-06,0b00000001,0b00000000
"SPI","result",18.6820905,4e-06,0b00000011,0b00000000
"SPI","result",18.6820952,4e-06,0b00000100,0b00000000
"SPI","result",18.682106,4e-06,0b00000010,0b00000000
"SPI","result",18.6821107,4e-06,0b00000001,0b00000000
"SPI","result",18.6821215,4e-06,0b00000001,0b00000000
"SPI","result",18.6821262,4e-06,0b00000100,0b00000000
"SPI","result",18.682137,4e-06,0b00000010,0b00000000
"SPI","result",18.6821417,4e-06,0b00001100,0b00000000
"SPI","result",18.6821525,4.25e-06,0b00000001,0b00000000
"SPI","result",18.6821572,4e-06,0b00000100,0b00000000
"SPI","result",18.682168,4.25e-06,0b00000010,0b00000000
"SPI","result",18.6821727,4e-06,0b00001100,0b00000000
"SPI","result",18.6821835,4.25e-06,0b00000001,0b00000000
"SPI","result",18.6821882,4e-06,0b00000100,0b00000000
"SPI","result",18.682199,4.25e-06,0b00000010,0b00000000
"SPI","result",18.6822037,4e-06,0b00001100,0b00000000
"SPI","result",18.6822147,4e-06,0b00000001,0b00000000
"SPI","result",18.6822192,4e-06,0b00000100,0b00000000
"SPI","result",18.6822302,4e-06,0b00000010,0b00000000
"SPI","result",18.6822347,4.25e-06,0b00000001,0b00000000
"SPI","result",18.6822457,4e-06,0b00000000,0b00000000
"SPI","result",18.6822503,4.25e-06,0b00000000,0b00000000
"SPI","disable",18.6822585,2.49999997e-07,,
"SPI","enable",18.6822605,2.50000001e-07,,
"SPI","result",18.6822615,4e-06,0b00001101,0b00000000
"SPI","disable",18.6822657,2.50000001e-07,,
