name,type,start_time,duration,"mosi","miso"
"SPI","enable",5.17307525,2.50000001e-07,,
"SPI","result",5.17307625,4e-06,0b00001010,0b00000000
"SPI","disable",5.1730805,2.49999999e-07,,
"SPI","enable",5.17308325,2.49999999e-07,,
"SPI","result",5.1730855,4e-06,0b00000010,0b00000000
"SPI","result",5.17309025,4e-06,0b00001000,0b00000000
"SPI","result",5.173098,4e-06,0b00000001,0b00000000
"SPI","result",5.17310275,4e-06,0b00001111,0b00000000
"SPI","disable",5.173108,2.5e-07,,
"SPI","enable",5.17311025,2.5e-07,,
"SPI","result",5.1731125,4e-06,0b00000000,0b00000000
"SPI","result",5.173117,4.25e-06,0b00001110,0b00000000
"SPI","result",5.173125,4e-06,0b00000000,0b00000000
"SPI","result",5.1731295,4.25e-06,0b00000001,0b00000000
"SPI","disable",5.17313475,2.5e-07,,
"SPI","enable",5.17313725,2.5e-07,,
"SPI","result",5.17313925,4.25e-06,0b00000000,0b00000000
"SPI","result",5.173144,4e-06,0b00000001,0b00000000
"SPI","result",5.17315175,4e-06,0b00000110,0b00000000
"SPI","result",5.1731565,4e-06,0b00000010,0b00000000
"SPI","disable",5.17316175,2.49999999e-07,,
"SPI","enable",5.173164,2.5e-07,,
"SPI","result",5.17316625,4e-06,0b00000001,0b00000000
"SPI","result",5.173171,4e-06,0b00001111,0b00000000
"SPI","result",5.17317875,4e-06,0b00000000,0b00000000
"SPI","result",5.1731835,4e-06,0b00001111,0b00000000
"SPI","disable",5.17318875,2.5e-07,,
"SPI","enable",5.1731925,2.5e-07,,
"SPI","result",5.17319475,4e-06,0b00000000,0b00000000
"SPI","result",5.17319925,4.25e-06,0b00001111,0b00000000
"SPI","result",5.17320725,4e-06,0b00000000,0b00000000
"SPI","result",5.17321175,4e-06,0b00000100,0b00000000
"SPI","disable",5.173217,2.5e-07,,
"SPI","enable",5.1732195,2.5e-07,,
"SPI","result",5.1732215,4.25e-06,0b00000000,0b00000000
"SPI","result",5.17322625,4e-06,0b00001011,0b00000000
"SPI","result",5.173234,4e-06,0b00000000,0b00000000
"SPI","result",5.17323875,4e-06,0b00000001,0b00000000
"SPI","disable",5.173244,2.49999999e-07,,
"SPI","enable",5.17324625,2.5e-07,,
"SPI","result",5.1732485,4e-06,0b00000000,0b00000000
"SPI","result",5.17325325,4e-06,0b00000011,0b00000000
"SPI","result",5.173261,4e-06,0b00000000,0b00000000
"SPI","result",5.17326575,4e-06,0b00001111,0b00000000
"SPI","disable",5.173271,2.5e-07,,
"SPI","enable",5.173479,2.49999999e-07,,
"SPI","result",5.17347975,4.25e-06,0b00001010,0b00000000
"SPI","disable",5.173484,2.49999999e-07,,
"SPI","enable",5.173487,2.5e-07,,
"SPI","result",5.173488,4e-06,0b00001110,0b00000000
"SPI","disable",5.173492,2.5e-07,,
"SPI","enable",5.17349375,2.5e-07,,
"SPI","result",5.17349625,4e-06,0b00000000,0b00000000
"SPI","result",5.17350075,4.25e-06,0b00000101,0b00000000
"SPI","result",5.173511,4e-06,0b00000100,0b00000000
"SPI","result",5.17351575,4e-06,0b00001001,0b00000000
"SPI","result",5.1735265,4e-06,0b00000110,0b00000000
"SPI","result",5.17353125,4e-06,0b00000100,0b00000000
"SPI","result",5.173542,4e-06,0b00000010,0b00000000
"SPI","result",5.17354675,4e-06,0b00000010,0b00000000
"SPI","result",5.1735575,4e-06,0b00000110,0b00000000
"SPI","result",5.17356225,4e-06,0b00000100,0b00000000
"SPI","result",5.173573,4e-06,0b00000010,0b00000000
"SPI","result",5.17357775,4e-06,0b00000001,0b00000000
"SPI","result",5.1735885,4e-06,0b00000011,0b00000000
"SPI","result",5.17359325,4e-06,0b00000100,0b00000000
"SPI","result",5.173604,4.25e-06,0b00000010,0b00000000
"SPI","result",5.17360875,4e-06,0b00000001,0b00000000
"SPI","result",5.1736195,4.25e-06,0b00000001,0b00000000
"SPI","result",5.17362425,4e-06,0b00000100,0b00000000
"SPI","result",5.173635,4.25e-06,0b00000010,0b00000000
"SPI","result",5.17363975,4e-06,0b00001100,0b00000000
"SPI","result",5.1736505,4.25e-06,0b00000001,0b00000000
"SPI","result",5.17365525,4e-06,0b00000100,0b00000000
"SPI","result",5.17366625,4e-06,0b00000010,0b00000000
"SPI","result",5.17367075,4e-06,0b00001100,0b00000000
"SPI","result",5.17368175,4e-06,0b00000001,0b00000000
"SPI","result",5.17368625,4e-06,0b00000100,0b00000000
"SPI","result",5.17369725,4e-06,0b00000010,0b00000000
"SPI","result",5.17370175,4e-06,0b00001100,0b00000000
"SPI","result",5.17371275,4e-06,0b00000001,0b00000000
"SPI","result",5.17371725,4.25e-06,0b00000100,0b00000000
"SPI","result",5.17372825,4e-06,0b00000010,0b00000000
"SPI","result",5.17373275,4.25e-06,0b00000001,0b00000000
"SPI","result",5.17374375,4e-06,0b00000000,0b00000000
"SPI","result",5.17374825,4.25e-06,0b00000000,0b00000000
"SPI","disable",5.1737565,2.5e-07,,
"SPI","enable",5.1737585,2.5e-07,,
"SPI","result",5.1737595,4e-06,0b00001101,0b00000000
"SPI","disable",5.17376375,2.5e-07,,
"SPI","enable",10.7549488,2.49999999e-07,,
"SPI","result",10.7549497,4e-06,0b00001010,0b00000000
"SPI","disable",10.7549538,2.49999999e-07,,
"SPI","enable",10.7549567,2.49999999e-07,,
"SPI","result",10.754959,4e-06,0b00000010,0b00000000
"SPI","result",10.7549637,4e-06,0b00001000,0b00000000
"SPI","result",10.7549715,4e-06,0b00000001,0b00000000
"SPI","result",10.7549763,4e-06,0b00001111,0b00000000
"SPI","disable",10.7549815,2.50000001e-07,,
"SPI","enable",10.7549837,2.50000001e-07,,
"SPI","result",10.754986,4e-06,0b00000000,0b00000000
"SPI","result",10.7549905,4.25e-06,0b00001110,0b00000000
"SPI","result",10.7549982,4.25e-06,0b00000000,0b00000000
"SPI","result",10.755003,4e-06,0b00000001,0b00000000
"SPI","disable",10.7550082,2.50000001e-07,,
"SPI","enable",10.7550108,2.50000001e-07,,
"SPI","result",10.7550128,4.25e-06,0b00000000,0b00000000
"SPI","result",10.7550175,4e-06,0b00000001,0b00000000
"SPI","result",10.7550252,4e-06,0b00000110,0b00000000
"SPI","result",10.75503,4e-06,0b00000010,0b00000000
"SPI","disable",10.7550353,2.49999999e-07,,
"SPI","enable",10.7550375,2.49999999e-07,,
"SPI","result",10.7550397,4e-06,0b00000001,0b00000000
"SPI","result",10.7550445,4e-06,0b00001111,0b00000000
"SPI","result",10.7550523,4e-06,0b00000000,0b00000000
"SPI","result",10.755057,4e-06,0b00001111,0b00000000
"SPI","disable",10.7550622,2.50000001e-07,,
"SPI","enable",10.755066,2.50000001e-07,,
"SPI","result",10.7550683,4e-06,0b00000000,0b00000000
"SPI","result",10.7550728,4.25e-06,0b00001111,0b00000000
"SPI","result",10.7550805,4.25e-06,0b00000000,0b00000000
"SPI","result",10.7550853,4e-06,0b00000100,0b00000000
"SPI","disable",10.7550905,2.50000001e-07,,
"SPI","enable",10.7550927,2.50000001e-07,,
"SPI","result",10.755095,4.25e-06,0b00000000,0b00000000
"SPI","result",10.7550997,4e-06,0b00001011,0b00000000
"SPI","result",10.7551075,4e-06,0b00000000,0b00000000
"SPI","result",10.7551122,4e-06,0b00000001,0b00000000
"SPI","disable",10.7551175,2.49999999e-07,,
"SPI","enable",10.7551198,2.49999999e-07,,
"SPI","result",10.755122,4e-06,0b00000000,0b00000000
"SPI","result",10.7551268,4e-06,0b00000011,0b00000000
"SPI","result",10.7551345,4e-06,0b00000000,0b00000000
"SPI","result",10.7551392,4e-06,0b00001111,0b00000000
"SPI","disable",10.7551445,2.49999999e-07,,
"SPI","enable",10.7553525,2.49999999e-07,,
"SPI","result",10.7553535,4e-06,0b00001010,0b00000000
"SPI","disable",10.7553575,2.49999999e-07,,
"SPI","enable",10.7553605,2.49999999e-07,,
"SPI","result",10.7553615,4e-06,0b00001110,0b00000000
"SPI","disable",10.7553655,2.49999999e-07,,
"SPI","enable",10.7553673,2.49999999e-07,,
"SPI","result",10.7553697,4e-06,0b00000000,0b00000000
"SPI","result",10.7553745,4e-06,0b00000101,0b00000000
"SPI","result",10.7553845,4e-06,0b00000100,0b00000000
"SPI","result",10.7553893,4e-06,0b00001001,0b00000000
"SPI","result",10.7554,4e-06,0b00000110,0b00000000
"SPI","result",10.7554048,4e-06,0b00000100,0b00000000
"SPI","result",10.7554155,4e-06,0b00000010,0b00000000
"SPI","result",10.7554203,4e-06,0b00000010,0b00000000
"SPI","result",10.755431,4.25e-06,0b00000110,0b00000000
"SPI","result",10.7554358,4e-06,0b00000100,0b00000000
"SPI","result",10.7554465,4.25e-06,0b00000010,0b00000000
"SPI","result",10.7554513,4e-06,0b00000001,0b00000000
"SPI","result",10.755462,4.25e-06,0b00000011,0b00000000
"SPI","result",10.7554668,4e-06,0b00000100,0b00000000
"SPI","result",10.7554778,4e-06,0b00000010,0b00000000
"SPI","result",10.7554823,4e-06,0b00000001,0b00000000
"SPI","result",10.7554933,4e-06,0b00000001,0b00000000
"SPI","result",10.7554977,4e-06,0b00000100,0b00000000
"SPI","result",10.7555088,4e-06,0b00000010,0b00000000
"SPI","result",10.7555132,4.25e-06,0b00001100,0b00000000
"SPI","result",10.7555243,4e-06,0b00000001,0b00000000
"SPI","result",10.7555287,4.25e-06,0b00000100,0b00000000
"SPI","result",10.7555398,4e-06,0b00000010,0b00000000
"SPI","result",10.7555445,4e-06,0b00001100,0b00000000
"SPI","result",10.7555553,4e-06,0b00000001,0b00000000
"SPI","result",10.7555597,4.25e-06,0b00000100,0b00000000
"SPI","result",10.7555708,4e-06,0b00000010,0b00000000
"SPI","result",10.7555755,4e-06,0b00001100,0b00000000
"SPI","result",10.7555863,4e-06,0b00000001,0b00000000
"SPI","result",10.755591,4e-06,0b00000100,0b00000000
"SPI","result",10.7556018,4e-06,0b00000010,0b00000000
"SPI","result",10.7556065,4e-06,0b00000001,0b00000000
"SPI","result",10.7556172,4e-06,0b00000000,0b00000000
"SPI","result",10.755622,4e-06,0b00000000,0b00000000
"SPI","disable",10.75563,2.50000001e-07,,
"SPI","enable",10.7556323,2.50000001e-07,,
"SPI","result",10.7556333,4e-06,0b00001101,0b00000000
"SPI","disable",10.7556372,2.50000001e-07,,
"SPI","enable",11.000894,2.49999999e-07,,
"SPI","result",11.000895,4e-06,0b00001010,0b00000000
"SPI","disable",11.000899,2.49999999e-07,,
"SPI","enable",11.000902,2.49999999e-07,,
"SPI","result",11.0009042,4e-06,0b00000010,0b00000000
"SPI","result",11.000909,4e-06,0b00001000,0b00000000
"SPI","result",11.0009168,4e-06,0b00000001,0b00000000
"SPI","result",11.0009215,4e-06,0b00001111,0b00000000
"SPI","disable",11.0009268,2.50000001e-07,,
"SPI","enable",11.000929,2.50000001e-07,,
"SPI","result",11.0009313,4e-06,0b00000000,0b00000000
"SPI","result",11.0009358,4.25e-06,0b00001110,0b00000000
"SPI","result",11.0009437,4e-06,0b00000000,0b00000000
"SPI","result",11.0009483,4e-06,0b00000001,0b00000000
"SPI","disable",11.0009535,2.50000001e-07,,
"SPI","enable",11.000956,2.49999999e-07,,
"SPI","result",11.000958,4.25e-06,0b00000000,0b00000000
"SPI","result",11.0009627,4e-06,0b00000001,0b00000000
"SPI","result",11.0009705,4e-06,0b00000110,0b00000000
"SPI","result",11.0009752,4e-06,0b00000010,0b00000000
"SPI","disable",11.0009805,2.49999999e-07,,
"SPI","enable",11.0009828,2.49999999e-07,,
"SPI","result",11.000985,4e-06,0b00000001,0b00000000
"SPI","result",11.0009898,4e-06,0b00001111,0b00000000
"SPI","result",11.0009975,4e-06,0b00000000,0b00000000
"SPI","result",11.0010023,4e-06,0b00001111,0b00000000
"SPI","disable",11.0010075,2.49999999e-07,,
"SPI","enable",11.0010112,2.50000001e-07,,
"SPI","result",11.0010135,4e-06,0b00000000,0b00000000
"SPI","result",11.001018,4.25e-06,0b00001111,0b00000000
"SPI","result",11.001026,4e-06,0b00000000,0b00000000
"SPI","result",11.0010305,4e-06,0b00000100,0b00000000
"SPI","disable",11.0010357,2.50000001e-07,,
"SPI","enable",11.0010383,2.49999999e-07,,
"SPI","result",11.0010403,4.25e-06,0b00000000,0b00000000
"SPI","result",11.001045,4e-06,0b00001011,0b00000000
"SPI","result",11.0010527,4e-06,0b00000000,0b00000000
"SPI","result",11.0010575,4e-06,0b00000001,0b00000000
"SPI","disable",11.0010627,2.50000001e-07,,
"SPI","enable",11.001065,2.49999999e-07,,
"SPI","result",11.0010673,4e-06,0b00000000,0b00000000
"SPI","result",11.001072,4e-06,0b00000011,0b00000000
"SPI","result",11.0010798,4e-06,0b00000000,0b00000000
"SPI","result",11.0010845,4e-06,0b00001111,0b00000000
"SPI","disable",11.0010898,2.49999999e-07,,
"SPI","enable",11.001298,2.49999999e-07,,
"SPI","result",11.001299,4e-06,0b00001010,0b00000000
"SPI","disable",11.0013032,2.50000001e-07,,
"SPI","enable",11.001306,2.50000001e-07,,
"SPI","result",11.001307,4e-06,0b00001110,0b00000000
"SPI","disable",11.0013113,2.49999999e-07,,
"SPI","enable",11.001313,2.50000001e-07,,
"SPI","result",11.0013152,4.25e-06,0b00000000,0b00000000
"SPI","result",11.00132,4e-06,0b00000101,0b00000000
"SPI","result",11.0013303,4e-06,0b00000100,0b00000000
"SPI","result",11.0013347,4.25e-06,0b00001001,0b00000000
"SPI","result",11.0013458,4e-06,0b00000110,0b00000000
"SPI","result",11.0013502,4.25e-06,0b00000100,0b00000000
"SPI","result",11.0013613,4e-06,0b00000010,0b00000000
"SPI","result",11.0013657,4.25e-06,0b00000011,0b00000000
"SPI","result",11.0013768,4e-06,0b00000110,0b00000000
"SPI","result",11.0013812,4.25e-06,0b00000100,0b00000000
"SPI","result",11.0013923,4e-06,0b00000010,0b00000000
"SPI","result",11.001397,4e-06,0b00000001,0b00000000
"SPI","result",11.0014078,4e-06,0b00000011,0b00000000
"SPI","result",11.0014125,4e-06,0b00000100,0b00000000
"SPI","result",11.0014233,4e-06,0b00000010,0b00000000
"SPI","result",11.001428,4e-06,0b00000001,0b00000000
"SPI","result",11.0014388,4e-06,0b00000001,0b00000000
"SPI","result",11.0014435,4e-06,0b00000100,0b00000000
"SPI","result",11.0014543,4.25e-06,0b00000010,0b00000000
"SPI","result",11.001459,4e-06,0b00001100,0b00000000
"SPI","result",11.0014698,4.25e-06,0b00000001,0b00000000
"SPI","result",11.0014745,4e-06,0b00000100,0b00000000
"SPI","result",11.0014852,4.25e-06,0b00000010,0b00000000
"SPI","result",11.00149,4e-06,0b00001100,0b00000000
"SPI","result",11.001501,4e-06,0b00000001,0b00000000
"SPI","result",11.0015055,4e-06,0b00000100,0b00000000
"SPI","result",11.0015165,4e-06,0b00000010,0b00000000
"SPI","result",11.001521,4e-06,0b00001100,0b00000000
"SPI","result",11.001532,4e-06,0b00000001,0b00000000
"SPI","result",11.0015365,4.25e-06,0b00000100,0b00000000
"SPI","result",11.0015475,4e-06,0b00000010,0b00000000
"SPI","result",11.001552,4.25e-06,0b00000001,0b00000000
"SPI","result",11.001563,4e-06,0b00000000,0b00000000
"SPI","result",11.0015675,4.25e-06,0b00000000,0b00000000
"SPI","disable",11.0015758,2.50000001e-07,,
"SPI","enable",11.001578,2.50000001e-07,,
"SPI","result",11.0015788,4.25e-06,0b00001101,0b00000000
"SPI","disable",11.001583,2.49999999e-07,,
"SPI","enable",11.5783275,2.50000001e-07,,
"SPI","result",11.5783283,4.25e-06,0b00001010,0b00000000
"SPI","disable",11.5783325,2.49999999e-07,,
"SPI","enable",11.5783355,2.50000001e-07,,
"SPI","result",11.5783377,4e-06,0b00000010,0b00000000
"SPI","result",11.5783423,4.25e-06,0b00001000,0b00000000
"SPI","result",11.5783502,4e-06,0b00000001,0b00000000
"SPI","result",11.5783548,4.25e-06,0b00001111,0b00000000
"SPI","disable",11.57836,2.49999999e-07,,
"SPI","enable",11.5783625,2.49999999e-07,,
"SPI","result",11.5783645,4.25e-06,0b00000000,0b00000000
"SPI","result",11.5783692,4e-06,0b00001110,0b00000000
"SPI","result",11.578377,4e-06,0b00000000,0b00000000
"SPI","result",11.5783818,4e-06,0b00000001,0b00000000
"SPI","disable",11.578387,2.50000001e-07,,
"SPI","enable",11.5783893,2.49999999e-07,,
"SPI","result",11.5783915,4e-06,0b00000000,0b00000000
"SPI","result",11.5783963,4e-06,0b00000001,0b00000000
"SPI","result",11.578404,4e-06,0b00000110,0b00000000
"SPI","result",11.5784085,4.25e-06,0b00000010,0b00000000
"SPI","disable",11.578414,2.49999999e-07,,
"SPI","enable",11.5784163,2.49999999e-07,,
"SPI","result",11.5784185,4e-06,0b00000001,0b00000000
"SPI","result",11.578423,4.25e-06,0b00001111,0b00000000
"SPI","result",11.5784308,4.25e-06,0b00000000,0b00000000
"SPI","result",11.5784355,4e-06,0b00001111,0b00000000
"SPI","disable",11.5784408,2.49999999e-07,,
"SPI","enable",11.5784447,2.50000001e-07,,
"SPI","result",11.5784467,4.25e-06,0b00000000,0b00000000
"SPI","result",11.5784515,4e-06,0b00001111,0b00000000
"SPI","result",11.5784592,4.25e-06,0b00000000,0b00000000
"SPI","result",11.578464,4e-06,0b00000100,0b00000000
"SPI","disable",11.5784692,2.50000001e-07,,
"SPI","enable",11.5784715,2.50000001e-07,,
"SPI","result",11.5784738,4e-06,0b00000000,0b00000000
"SPI","result",11.5784785,4e-06,0b00001011,0b00000000
"SPI","result",11.5784862,4e-06,0b00000000,0b00000000
"SPI","result",11.578491,4e-06,0b00000001,0b00000000
"SPI","disable",11.5784963,2.49999999e-07,,
"SPI","enable",11.5784985,2.49999999e-07,,
"SPI","result",11.5785007,4e-06,0b00000000,0b00000000
"SPI","result",11.5785052,4.25e-06,0b00000011,0b00000000
"SPI","result",11.578513,4.25e-06,0b00000000,0b00000000
"SPI","result",11.5785177,4e-06,0b00001111,0b00000000
"SPI","disable",11.578523,2.49999999e-07,,
"SPI","enable",11.5787315,2.49999999e-07,,
"SPI","result",11.5787325,4e-06,0b00001010,0b00000000
"SPI","disable",11.5787368,2.50000001e-07,,
"SPI","enable",11.5787395,2.50000001e-07,,
"SPI","result",11.5787405,4e-06,0b00001110,0b00000000
"SPI","disable",11.5787445,2.49999999e-07,,
"SPI","enable",11.5787465,2.50000001e-07,,
"SPI","result",11.5787488,4e-06,0b00000000,0b00000000
"SPI","result",11.5787535,4e-06,0b00000101,0b00000000
"SPI","result",11.5787635,4.25e-06,0b00000100,0b00000000
"SPI","result",11.5787682,4e-06,0b00001001,0b00000000
"SPI","result",11.578779,4.25e-06,0b00000110,0b00000000
"SPI","result",11.5787837,4e-06,0b00000100,0b00000000
"SPI","result",11.5787945,4.25e-06,0b00000010,0b00000000
"SPI","result",11.5787992,4e-06,0b00000011,0b00000000
"SPI","result",11.57881,4.25e-06,0b00000110,0b00000000
"SPI","result",11.5788147,4e-06,0b00000100,0b00000000
"SPI","result",11.5788258,4e-06,0b00000010,0b00000000
"SPI","result",11.5788302,4e-06,0b00000001,0b00000000
"SPI","result",11.5788412,4e-06,0b00000011,0b00000000
"SPI","result",11.5788457,4.25e-06,0b00000100,0b00000000
"SPI","result",11.5788567,4e-06,0b00000010,0b00000000
"SPI","result",11.5788612,4.25e-06,0b00000001,0b00000000
"SPI","result",11.5788722,4e-06,0b00000001,0b00000000
"SPI","result",11.5788767,4.25e-06,0b00000100,0b00000000
"SPI","result",11.5788877,4e-06,0b00000010,0b00000000
"SPI","result",11.5788925,4e-06,0b00001100,0b00000000
"SPI","result",11.5789032,4e-06,0b00000001,0b00000000
"SPI","result",11.578908,4e-06,0b00000100,0b00000000
"SPI","result",11.5789187,4e-06,0b00000010,0b00000000
"SPI","result",11.5789235,4e-06,0b00001100,0b00000000
"SPI","result",11.5789342,4e-06,0b00000001,0b00000000
"SPI","result",11.578939,4e-06,0b00000100,0b00000000
"SPI","result",11.5789497,4e-06,0b00000010,0b00000000
"SPI","result",11.5789545,4e-06,0b00001100,0b00000000
"SPI","result",11.5789652,4.25e-06,0b00000001,0b00000000
"SPI","result",11.57897,4e-06,0b00000100,0b00000000
"SPI","result",11.5789807,4.25e-06,0b00000010,0b00000000
"SPI","result",11.5789855,4e-06,0b00000001,0b00000000
"SPI","result",11.5789962,4.25e-06,0b00000000,0b00000000
"SPI","result",11.579001,4e-06,0b00000000,0b00000000
"SPI","disable",11.579009,2.50000001e-07,,
"SPI","enable",11.5790113,2.49999999e-07,,
"SPI","result",11.5790122,4e-06,0b00001101,0b00000000
"SPI","disable",11.5790165,2.49999999e-07,,
"SPI","enable",11.7881878,2.49999999e-07,,
"SPI","result",11.7881887,4e-06,0b00001010,0b00000000
"SPI","disable",11.788193,2.50000001e-07,,
"SPI","enable",11.788196,2.50000001e-07,,
"SPI","result",11.788198,4.25e-06,0b00000010,0b00000000
"SPI","result",11.7882027,4e-06,0b00001000,0b00000000
"SPI","result",11.7882105,4.25e-06,0b00000001,0b00000000
"SPI","result",11.7882153,4e-06,0b00001111,0b00000000
"SPI","disable",11.7882205,2.50000001e-07,,
"SPI","enable",11.7882227,2.50000001e-07,,
"SPI","result",11.788225,4e-06,0b00000000,0b00000000
"SPI","result",11.7882297,4e-06,0b00001110,0b00000000
"SPI","result",11.7882375,4e-06,0b00000000,0b00000000
"SPI","result",11.7882422,4e-06,0b00000001,0b00000000
"SPI","disable",11.7882475,2.49999999e-07,,
"SPI","enable",11.7882498,2.49999999e-07,,
"SPI","result",11.788252,4e-06,0b00000000,0b00000000
"SPI","result",11.7882565,4.25e-06,0b00000001,0b00000000
"SPI","result",11.7882642,4.25e-06,0b00000110,0b00000000
"SPI","result",11.788269,4e-06,0b00000010,0b00000000
"SPI","disable",11.7882743,2.49999999e-07,,
"SPI","enable",11.7882767,2.50000001e-07,,
"SPI","result",11.7882787,4.25e-06,0b00000001,0b00000000
"SPI","result",11.7882835,4e-06,0b00001111,0b00000000
"SPI","result",11.7882913,4e-06,0b00000000,0b00000000
"SPI","result",11.788296,4e-06,0b00001111,0b00000000
"SPI","disable",11.7883012,2.49999999e-07,,
"SPI","enable",11.788305,2.50000003e-07,,
"SPI","result",11.7883073,4e-06,0b00000000,0b00000000
"SPI","result",11.788312,4e-06,0b00001111,0b00000000
"SPI","result",11.7883197,4e-06,0b00000000,0b00000000
"SPI","result",11.7883245,4e-06,0b00000100,0b00000000
"SPI","disable",11.7883298,2.49999999e-07,,
"SPI","enable",11.788332,2.49999999e-07,,
"SPI","result",11.7883343,4e-06,0b00000000,0b00000000
"SPI","result",11.7883387,4.25e-06,0b00001011,0b00000000
"SPI","result",11.7883468,4e-06,0b00000000,0b00000000
"SPI","result",11.7883512,4e-06,0b00000001,0b00000000
"SPI","disable",11.7883565,2.49999999e-07,,
"SPI","enable",11.788359,2.49999999e-07,,
"SPI","result",11.788361,4.25e-06,0b00000000,0b00000000
"SPI","result",11.7883658,4e-06,0b00000011,0b00000000
"SPI","result",11.7883735,4e-06,0b00000000,0b00000000
"SPI","result",11.7883782,4e-06,0b00001111,0b00000000
"SPI","disable",11.7883835,2.49999999e-07,,
"SPI","enable",11.7885915,2.49999999e-07,,
"SPI","result",11.7885925,4e-06,0b00001010,0b00000000
"SPI","disable",11.7885967,2.49999999e-07,,
"SPI","enable",11.7885995,2.49999999e-07,,
"SPI","result",11.7886005,4e-06,0b00001110,0b00000000
"SPI","disable",11.7886047,2.50000001e-07,,
"SPI","enable",11.7886065,2.49999999e-07,,
"SPI","result",11.7886087,4.25e-06,0b00000000,0b00000000
"SPI","result",11.7886135,4e-06,0b00000101,0b00000000
"SPI","result",11.7886235,4.25e-06,0b00000100,0b00000000
"SPI","result",11.7886283,4e-06,0b00001001,0b00000000
"SPI","result",11.7886392,4e-06,0b00000110,0b00000000
"SPI","result",11.7886438,4.25e-06,0b00000100,0b00000000
"SPI","result",11.7886547,4e-06,0b00000010,0b00000000
"SPI","result",11.7886593,4.25e-06,0b00000100,0b00000000
"SPI","result",11.7886702,4e-06,0b00000110,0b00000000
"SPI","result",11.7886748,4.25e-06,0b00000100,0b00000000
"SPI","result",11.7886858,4e-06,0b00000010,0b00000000
"SPI","result",11.7886903,4.25e-06,0b00000001,0b00000000
"SPI","result",11.7887013,4e-06,0b00000011,0b00000000
"SPI","result",11.7887058,4.25e-06,0b00000100,0b00000000
"SPI","result",11.7887168,4e-06,0b00000010,0b00000000
"SPI","result",11.7887215,4e-06,0b00000001,0b00000000
"SPI","result",11.7887323,4e-06,0b00000001,0b00000000
"SPI","result",11.788737,4e-06,0b00000100,0b00000000
"SPI","result",11.7887478,4e-06,0b00000010,0b00000000
"SPI","result",11.7887525,4e-06,0b00001100,0b00000000
"SPI","result",11.7887633,4e-06,0b00000001,0b00000000
"SPI","result",11.788768,4e-06,0b00000100,0b00000000
"SPI","result",11.7887788,4e-06,0b00000010,0b00000000
"SPI","result",11.7887835,4e-06,0b00001100,0b00000000
"SPI","result",11.7887943,4.25e-06,0b00000001,0b00000000
"SPI","result",11.788799,4e-06,0b00000100,0b00000000
"SPI","result",11.7888098,4.25e-06,0b00000010,0b00000000
"SPI","result",11.7888145,4e-06,0b00001100,0b00000000
"SPI","result",11.7888253,4.25e-06,0b00000001,0b00000000
"SPI","result",11.78883,4e-06,0b00000100,0b00000000
"SPI","result",11.788841,4e-06,0b00000010,0b00000000
"SPI","result",11.7888455,4e-06,0b00000001,0b00000000
"SPI","result",11.7888565,4e-06,0b00000000,0b00000000
"SPI","result",11.788861,4e-06,0b00000000,0b00000000
"SPI","disable",11.7888692,2.50000001e-07,,
"SPI","enable",11.7888712,2.50000001e-07,,
"SPI","result",11.7888723,4e-06,0b00001101,0b00000000
"SPI","disable",11.7888765,2.49999999e-07,,
"SPI","enable",11.969768,2.49999999e-07,,
"SPI","result",11.969769,4e-06,0b00001010,0b00000000
"SPI","disable",11.9697732,2.50000001e-07,,
"SPI","enable",11.969776,2.50000001e-07,,
"SPI","result",11.9697782,4e-06,0b00000010,0b00000000
"SPI","result",11.969783,4e-06,0b00001000,0b00000000
"SPI","result",11.9697907,4e-06,0b00000001,0b00000000
"SPI","result",11.9697955,4e-06,0b00001111,0b00000000
"SPI","disable",11.9698007,2.50000001e-07,,
"SPI","enable",11.969803,2.50000001e-07,,
"SPI","result",11.9698053,4e-06,0b00000000,0b00000000
"SPI","result",11.9698097,4.25e-06,0b00001110,0b00000000
"SPI","result",11.9698178,4e-06,0b00000000,0b00000000
"SPI","result",11.9698222,4e-06,0b00000001,0b00000000
"SPI","disable",11.9698275,2.50000001e-07,,
"SPI","enable",11.96983,2.49999999e-07,,
"SPI","result",11.969832,4.25e-06,0b00000000,0b00000000
"SPI","result",11.9698368,4e-06,0b00000001,0b00000000
"SPI","result",11.9698445,4e-06,0b00000110,0b00000000
"SPI","result",11.9698492,4e-06,0b00000010,0b00000000
"SPI","disable",11.9698545,2.50000001e-07,,
"SPI","enable",11.9698568,2.49999999e-07,,
"SPI","result",11.969859,4e-06,0b00000001,0b00000000
"SPI","result",11.9698638,4e-06,0b00001111,0b00000000
"SPI","result",11.9698715,4e-06,0b00000000,0b00000000
"SPI","result",11.9698763,4e-06,0b00001111,0b00000000
"SPI","disable",11.9698815,2.50000001e-07,,
"SPI","enable",11.9698853,2.49999999e-07,,
"SPI","result",11.9698875,4e-06,0b00000000,0b00000000
"SPI","result",11.969892,4.25e-06,0b00001111,0b00000000
"SPI","result",11.9698997,4.25e-06,0b00000000,0b00000000
"SPI","result",11.9699045,4e-06,0b00000100,0b00000000
"SPI","disable",11.9699097,2.50000001e-07,,
"SPI","enable",11.969912,2.49999999e-07,,
"SPI","result",11.9699143,4.25e-06,0b00000000,0b00000000
"SPI","result",11.969919,4e-06,0b00001011,0b00000000
"SPI","result",11.9699268,4e-06,0b00000000,0b00000000
"SPI","result",11.9699315,4e-06,0b00000001,0b00000000
"SPI","disable",11.9699368,2.49999999e-07,,
"SPI","enable",11.969939,2.49999999e-07,,
"SPI","result",11.9699412,4e-06,0b00000000,0b00000000
"SPI","result",11.969946,4e-06,0b00000011,0b00000000
"SPI","result",11.9699538,4e-06,0b00000000,0b00000000
"SPI","result",11.9699585,4e-06,0b00001111,0b00000000
"SPI","disable",11.9699637,2.50000001e-07,,
"SPI","enable",11.9701718,2.49999999e-07,,
"SPI","result",11.9701725,4.25e-06,0b00001010,0b00000000
"SPI","disable",11.9701768,2.49999999e-07,,
"SPI","enable",11.9701797,2.49999999e-07,,
"SPI","result",11.9701805,4.25e-06,0b00001110,0b00000000
"SPI","disable",11.9701847,2.50000001e-07,,
"SPI","enable",11.9701865,2.50000001e-07,,
"SPI","result",11.970189,4e-06,0b00000000,0b00000000
"SPI","result",11.9701935,4.25e-06,0b00000101,0b00000000
"SPI","result",11.9702037,4e-06,0b00000100,0b00000000
"SPI","result",11.9702085,4e-06,0b00001001,0b00000000
"SPI","result",11.9702192,4e-06,0b00000110,0b00000000
"SPI","result",11.970224,4e-06,0b00000100,0b00000000
"SPI","result",11.9702347,4e-06,0b00000010,0b00000000
"SPI","result",11.9702395,4e-06,0b00000100,0b00000000
"SPI","result",11.9702502,4e-06,0b00000110,0b00000000
"SPI","result",11.970255,4e-06,0b00000100,0b00000000
"SPI","result",11.9702657,4e-06,0b00000010,0b00000000
"SPI","result",11.9702705,4e-06,0b00000001,0b00000000
"SPI","result",11.9702812,4.25e-06,0b00000011,0b00000000
"SPI","result",11.970286,4e-06,0b00000100,0b00000000
"SPI","result",11.9702967,4.25e-06,0b00000010,0b00000000
"SPI","result",11.9703015,4e-06,0b00000001,0b00000000
"SPI","result",11.9703122,4.25e-06,0b00000001,0b00000000
"SPI","result",11.970317,4e-06,0b00000100,0b00000000
"SPI","result",11.9703277,4.25e-06,0b00000010,0b00000000
"SPI","result",11.9703325,4e-06,0b00001100,0b00000000
"SPI","result",11.9703435,4e-06,0b00000001,0b00000000
"SPI","result",11.970348,4e-06,0b00000100,0b00000000
"SPI","result",11.970359,4e-06,0b00000010,0b00000000
"SPI","result",11.9703635,4.25e-06,0b00001100,0b00000000
"SPI","result",11.9703745,4e-06,0b00000001,0b00000000
"SPI","result",11.970379,4.25e-06,0b00000100,0b00000000
"SPI","result",11.97039,4e-06,0b00000010,0b00000000
"SPI","result",11.9703945,4.25e-06,0b00001100,0b00000000
"SPI","result",11.9704055,4e-06,0b00000001,0b00000000
"SPI","result",11.97041,4.25e-06,0b00000100,0b00000000
"SPI","result",11.970421,4e-06,0b00000010,0b00000000
"SPI","result",11.9704255,4.25e-06,0b00000001,0b00000000
"SPI","result",11.9704365,4e-06,0b00000000,0b00000000
"SPI","result",11.9704413,4e-06,0b00000000,0b00000000
"SPI","disable",11.9704492,2.50000001e-07,,
"SPI","enable",11.9704515,2.50000001e-07,,
"SPI","result",11.9704525,4e-06,0b00001101,0b00000000
"SPI","disable",11.9704565,2.50000003e-07,,
"SPI","enable",12.251663,2.49999999e-07,,
"SPI","result",12.251664,4e-06,0b00001010,0b00000000
"SPI","disable",12.2516682,2.49999999e-07,,
"SPI","enable",12.251671,2.49999999e-07,,
"SPI","result",12.2516732,4e-06,0b00000010,0b00000000
"SPI","result",12.251678,4e-06,0b00001000,0b00000000
"SPI","result",12.2516858,4e-06,0b00000001,0b00000000
"SPI","result",12.2516905,4e-06,0b00001111,0b00000000
"SPI","disable",12.2516957,2.50000001e-07,,
"SPI","enable",12.251698,2.50000003e-07,,
"SPI","result",12.2517003,4e-06,0b00000000,0b00000000
"SPI","result",12.251705,4e-06,0b00001110,0b00000000
"SPI","result",12.2517127,4e-06,0b00000000,0b00000000
"SPI","result",12.2517173,4.25e-06,0b00000001,0b00000000
"SPI","disable",12.2517225,2.50000001e-07,,
"SPI","enable",12.251725,2.49999999e-07,,
"SPI","result",12.251727,4.25e-06,0b00000000,0b00000000
"SPI","result",12.2517317,4e-06,0b00000001,0b00000000
"SPI","result",12.2517395,4.25e-06,0b00000110,0b00000000
"SPI","result",12.2517442,4e-06,0b00000010,0b00000000
"SPI","disable",12.2517495,2.50000001e-07,,
"SPI","enable",12.2517518,2.49999999e-07,,
"SPI","result",12.251754,4e-06,0b00000001,0b00000000
"SPI","result",12.2517588,4e-06,0b00001111,0b00000000
"SPI","result",12.2517665,4e-06,0b00000000,0b00000000
"SPI","result",12.2517712,4e-06,0b00001111,0b00000000
"SPI","disable",12.2517765,2.49999999e-07,,
"SPI","enable",12.2517802,2.50000001e-07,,
"SPI","result",12.2517825,4e-06,0b00000000,0b00000000
"SPI","result",12.2517872,4e-06,0b00001111,0b00000000
"SPI","result",12.251795,4e-06,0b00000000,0b00000000
"SPI","result",12.2517995,4.25e-06,0b00000100,0b00000000
"SPI","disable",12.2518047,2.49999999e-07,,
"SPI","enable",12.2518073,2.50000001e-07,,
"SPI","result",12.2518093,4.25e-06,0b00000000,0b00000000
"SPI","result",12.251814,4e-06,0b00001011,0b00000000
"SPI","result",12.2518217,4.25e-06,0b00000000,0b00000000
"SPI","result",12.2518265,4e-06,0b00000001,0b00000000
"SPI","disable",12.2518317,2.50000001e-07,,
"SPI","enable",12.251834,2.49999999e-07,,
"SPI","result",12.2518363,4e-06,0b00000000,0b00000000
"SPI","result",12.251841,4e-06,0b00000011,0b00000000
"SPI","result",12.2518488,4e-06,0b00000000,0b00000000
"SPI","result",12.2518535,4e-06,0b00001111,0b00000000
"SPI","disable",12.2518588,2.50000001e-07,,
"SPI","enable",12.252067,2.49999999e-07,,
"SPI","result",12.252068,4e-06,0b00001010,0b00000000
"SPI","disable",12.2520722,2.50000001e-07,,
"SPI","enable",12.252075,2.50000001e-07,,
"SPI","result",12.252076,4e-06,0b00001110,0b00000000
"SPI","disable",12.2520803,2.49999999e-07,,
"SPI","enable",12.252082,2.50000001e-07,,
"SPI","result",12.2520842,4.25e-06,0b00000000,0b00000000
"SPI","result",12.252089,4e-06,0b00000101,0b00000000
"SPI","result",12.2520993,4e-06,0b00000100,0b00000000
"SPI","result",12.2521037,4.25e-06,0b00001001,0b00000000
"SPI","result",12.2521148,4e-06,0b00000110,0b00000000
"SPI","result",12.2521192,4.25e-06,0b00000100,0b00000000
"SPI","result",12.2521303,4e-06,0b00000010,0b00000000
"SPI","result",12.2521347,4.25e-06,0b00000101,0b00000000
"SPI","result",12.2521458,4e-06,0b00000110,0b00000000
"SPI","result",12.2521502,4.25e-06,0b00000100,0b00000000
"SPI","result",12.2521613,4e-06,0b00000010,0b00000000
"SPI","result",12.252166,4e-06,0b00000001,0b00000000
"SPI","result",12.2521768,4e-06,0b00000011,0b00000000
"SPI","result",12.2521815,4e-06,0b00000100,0b00000000
"SPI","result",12.2521923,4e-06,0b00000010,0b00000000
"SPI","result",12.252197,4e-06,0b00000001,0b00000000
"SPI","result",12.2522078,4e-06,0b00000001,0b00000000
"SPI","result",12.2522125,4e-06,0b00000100,0b00000000
"SPI","result",12.2522233,4e-06,0b00000010,0b00000000
"SPI","result",12.252228,4e-06,0b00001100,0b00000000
"SPI","result",12.2522388,4.25e-06,0b00000001,0b00000000
"SPI","result",12.2522435,4e-06,0b00000100,0b00000000
"SPI","result",12.2522543,4.25e-06,0b00000010,0b00000000
"SPI","result",12.252259,4e-06,0b00001100,0b00000000
"SPI","result",12.2522697,4.25e-06,0b00000001,0b00000000
"SPI","result",12.2522745,4e-06,0b00000100,0b00000000
"SPI","result",12.2522855,4e-06,0b00000010,0b00000000
"SPI","result",12.25229,4e-06,0b00001100,0b00000000
"SPI","result",12.252301,4e-06,0b00000001,0b00000000
"SPI","result",12.2523055,4e-06,0b00000100,0b00000000
"SPI","result",12.2523165,4e-06,0b00000010,0b00000000
"SPI","result",12.252321,4.25e-06,0b00000001,0b00000000
"SPI","result",12.252332,4e-06,0b00000000,0b00000000
"SPI","result",12.2523365,4.25e-06,0b00000000,0b00000000
"SPI","disable",12.2523448,2.49999999e-07,,
"SPI","enable",12.2523467,2.50000001e-07,,
"SPI","result",12.2523478,4e-06,0b00001101,0b00000000
"SPI","disable",12.252352,2.49999999e-07,,
"SPI","enable",12.4332485,2.50000001e-07,,
"SPI","result",12.4332495,4e-06,0b00001010,0b00000000
"SPI","disable",12.4332538,2.49999999e-07,,
"SPI","enable",12.4332565,2.49999999e-07,,
"SPI","result",12.4332588,4e-06,0b00000010,0b00000000
"SPI","result",12.4332635,4e-06,0b00001000,0b00000000
"SPI","result",12.4332713,4e-06,0b00000001,0b00000000
"SPI","result",12.433276,4e-06,0b00001111,0b00000000
"SPI","disable",12.4332813,2.49999999e-07,,
"SPI","enable",12.4332835,2.49999999e-07,,
"SPI","result",12.4332857,4e-06,0b00000000,0b00000000
"SPI","result",12.4332903,4.25e-06,0b00001110,0b00000000
"SPI","result",12.4332982,4e-06,0b00000000,0b00000000
"SPI","result",12.4333027,4.25e-06,0b00000001,0b00000000
"SPI","disable",12.433308,2.49999999e-07,,
"SPI","enable",12.4333105,2.50000001e-07,,
"SPI","result",12.4333125,4.25e-06,0b00000000,0b00000000
"SPI","result",12.4333172,4e-06,0b00000001,0b00000000
"SPI","result",12.433325,4e-06,0b00000110,0b00000000
"SPI","result",12.4333298,4e-06,0b00000010,0b00000000
"SPI","disable",12.433335,2.50000001e-07,,
"SPI","enable",12.4333372,2.50000001e-07,,
"SPI","result",12.4333395,4e-06,0b00000001,0b00000000
"SPI","result",12.4333442,4e-06,0b00001111,0b00000000
"SPI","result",12.433352,4e-06,0b00000000,0b00000000
"SPI","result",12.4333567,4e-06,0b00001111,0b00000000
"SPI","disable",12.433362,2.49999999e-07,,
"SPI","enable",12.4333658,2.49999999e-07,,
"SPI","result",12.433368,4e-06,0b00000000,0b00000000
"SPI","result",12.4333725,4.25e-06,0b00001111,0b00000000
"SPI","result",12.4333805,4e-06,0b00000000,0b00000000
"SPI","result",12.433385,4.25e-06,0b00000100,0b00000000
"SPI","disable",12.4333903,2.49999999e-07,,
"SPI","enable",12.4333927,2.50000001e-07,,
"SPI","result",12.4333947,4.25e-06,0b00000000,0b00000000
"SPI","result",12.4333995,4e-06,0b00001011,0b00000000
"SPI","result",12.4334073,4e-06,0b00000000,0b00000000
"SPI","result",12.433412,4e-06,0b00000001,0b00000000
"SPI","disable",12.4334172,2.49999999e-07,,
"SPI","enable",12.4334195,2.50000001e-07,,
"SPI","result",12.4334218,4e-06,0b00000000,0b00000000
"SPI","result",12.4334265,4e-06,0b00000011,0b00000000
"SPI","result",12.4334342,4e-06,0b00000000,0b00000000
"SPI","result",12.433439,4e-06,0b00001111,0b00000000
"SPI","disable",12.4334443,2.49999999e-07,,
"SPI","enable",12.4336525,2.50000001e-07,,
"SPI","result",12.4336535,4e-06,0b00001010,0b00000000
"SPI","disable",12.4336578,2.49999999e-07,,
"SPI","enable",12.4336605,2.49999999e-07,,
"SPI","result",12.4336615,4e-06,0b00001110,0b00000000
"SPI","disable",12.4336657,2.50000001e-07,,
"SPI","enable",12.4336675,2.50000001e-07,,
"SPI","result",12.4336697,4.25e-06,0b00000000,0b00000000
"SPI","result",12.4336745,4e-06,0b00000101,0b00000000
"SPI","result",12.4336847,4e-06,0b00000100,0b00000000
"SPI","result",12.4336893,4e-06,0b00001001,0b00000000
"SPI","result",12.4337002,4e-06,0b00000110,0b00000000
"SPI","result",12.4337048,4.25e-06,0b00000100,0b00000000
"SPI","result",12.4337157,4e-06,0b00000010,0b00000000
"SPI","result",12.4337203,4.25e-06,0b00000101,0b00000000
"SPI","result",12.4337312,4e-06,0b00000110,0b00000000
"SPI","result",12.4337358,4.25e-06,0b00000100,0b00000000
"SPI","result",12.4337467,4e-06,0b00000010,0b00000000
"SPI","result",12.4337513,4.25e-06,0b00000001,0b00000000
"SPI","result",12.4337622,4e-06,0b00000011,0b00000000
"SPI","result",12.4337668,4.25e-06,0b00000100,0b00000000
"SPI","result",12.4337778,4e-06,0b00000010,0b00000000
"SPI","result",12.4337825,4e-06,0b00000001,0b00000000
"SPI","result",12.4337933,4e-06,0b00000001,0b00000000
"SPI","result",12.433798,4e-06,0b00000100,0b00000000
"SPI","result",12.4338088,4e-06,0b00000010,0b00000000
"SPI","result",12.4338135,4e-06,0b00001100,0b00000000
"SPI","result",12.4338243,4e-06,0b00000001,0b00000000
"SPI","result",12.433829,4e-06,0b00000100,0b00000000
"SPI","result",12.4338398,4e-06,0b00000010,0b00000000
"SPI","result",12.4338445,4e-06,0b00001100,0b00000000
"SPI","result",12.4338553,4.25e-06,0b00000001,0b00000000
"SPI","result",12.43386,4e-06,0b00000100,0b00000000
"SPI","result",12.4338708,4.25e-06,0b00000010,0b00000000
"SPI","result",12.4338755,4e-06,0b00001100,0b00000000
"SPI","result",12.4338862,4.25e-06,0b00000001,0b00000000
"SPI","result",12.433891,4e-06,0b00000100,0b00000000
"SPI","result",12.4339018,4.25e-06,0b00000010,0b00000000
"SPI","result",12.4339065,4e-06,0b00000001,0b00000000
"SPI","result",12.4339175,4e-06,0b00000000,0b00000000
"SPI","result",12.433922,4e-06,0b00000000,0b00000000
"SPI","disable",12.43393,2.49999999e-07,,
"SPI","enable",12.4339322,2.49999999e-07,,
"SPI","result",12.4339333,4e-06,0b00001101,0b00000000
"SPI","disable",12.4339375,2.50000001e-07,,
"SPI","enable",12.6791502,2.50000001e-07,,
"SPI","result",12.6791513,4e-06,0b00001010,0b00000000
"SPI","disable",12.6791555,2.49999999e-07,,
"SPI","enable",12.6791583,2.49999999e-07,,
"SPI","result",12.6791605,4e-06,0b00000010,0b00000000
"SPI","result",12.6791653,4e-06,0b00001000,0b00000000
"SPI","result",12.679173,4e-06,0b00000001,0b00000000
"SPI","result",12.6791777,4e-06,0b00001111,0b00000000
"SPI","disable",12.679183,2.49999999e-07,,
"SPI","enable",12.6791852,2.50000001e-07,,
"SPI","result",12.6791875,4e-06,0b00000000,0b00000000
"SPI","result",12.6791922,4e-06,0b00001110,0b00000000
"SPI","result",12.6792,4e-06,0b00000000,0b00000000
"SPI","result",12.6792045,4.25e-06,0b00000001,0b00000000
"SPI","disable",12.67921,2.50000001e-07,,
"SPI","enable",12.6792123,2.49999999e-07,,
"SPI","result",12.6792142,4.25e-06,0b00000000,0b00000000
"SPI","result",12.679219,4e-06,0b00000001,0b00000000
"SPI","result",12.6792267,4.25e-06,0b00000110,0b00000000
"SPI","result",12.6792315,4e-06,0b00000010,0b00000000
"SPI","disable",12.6792367,2.50000001e-07,,
"SPI","enable",12.679239,2.49999999e-07,,
"SPI","result",12.6792413,4e-06,0b00000001,0b00000000
"SPI","result",12.679246,4e-06,0b00001111,0b00000000
"SPI","result",12.6792538,4e-06,0b00000000,0b00000000
"SPI","result",12.6792585,4e-06,0b00001111,0b00000000
"SPI","disable",12.6792638,2.49999999e-07,,
"SPI","enable",12.6792675,2.49999999e-07,,
"SPI","result",12.6792697,4e-06,0b00000000,0b00000000
"SPI","result",12.6792745,4e-06,0b00001111,0b00000000
"SPI","result",12.6792822,4e-06,0b00000000,0b00000000
"SPI","result",12.6792867,4.25e-06,0b00000100,0b00000000
"SPI","disable",12.679292,2.50000001e-07,,
"SPI","enable",12.6792945,2.50000001e-07,,
"SPI","result",12.6792965,4.25e-06,0b00000000,0b00000000
"SPI","result",12.6793012,4e-06,0b00001011,0b00000000
"SPI","result",12.679309,4.25e-06,0b00000000,0b00000000
"SPI","result",12.6793138,4e-06,0b00000001,0b00000000
"SPI","disable",12.679319,2.50000001e-07,,
"SPI","enable",12.6793212,2.50000001e-07,,
"SPI","result",12.6793235,4e-06,0b00000000,0b00000000
"SPI","result",12.6793282,4e-06,0b00000011,0b00000000
"SPI","result",12.679336,4e-06,0b00000000,0b00000000
"SPI","result",12.6793407,4e-06,0b00001111,0b00000000
"SPI","disable",12.679346,2.49999999e-07,,
"SPI","enable",12.6795543,2.49999999e-07,,
"SPI","result",12.6795552,4e-06,0b00001010,0b00000000
"SPI","disable",12.6795595,2.49999999e-07,,
"SPI","enable",12.6795623,2.49999999e-07,,
"SPI","result",12.6795632,4e-06,0b00001110,0b00000000
"SPI","disable",12.6795675,2.50000001e-07,,
"SPI","enable",12.6795693,2.49999999e-07,,
"SPI","result",12.6795715,4.25e-06,0b00000000,0b00000000
"SPI","result",12.6795763,4e-06,0b00000101,0b00000000
"SPI","result",12.6795865,4e-06,0b00000100,0b00000000
"SPI","result",12.679591,4.25e-06,0b00001001,0b00000000
"SPI","result",12.679602,4e-06,0b00000110,0b00000000
"SPI","result",12.6796065,4.25e-06,0b00000100,0b00000000
"SPI","result",12.6796175,4e-06,0b00000010,0b00000000
"SPI","result",12.679622,4.25e-06,0b00000110,0b00000000
"SPI","result",12.679633,4e-06,0b00000110,0b00000000
"SPI","result",12.6796377,4e-06,0b00000100,0b00000000
"SPI","result",12.6796485,4e-06,0b00000010,0b00000000
"SPI","result",12.6796532,4e-06,0b00000001,0b00000000
"SPI","result",12.679664,4e-06,0b00000011,0b00000000
"SPI","result",12.6796687,4e-06,0b00000100,0b00000000
"SPI","result",12.6796795,4e-06,0b00000010,0b00000000
"SPI","result",12.6796842,4e-06,0b00000001,0b00000000
"SPI","result",12.679695,4e-06,0b00000001,0b00000000
"SPI","result",12.6796997,4e-06,0b00000100,0b00000000
"SPI","result",12.6797105,4.25e-06,0b00000010,0b00000000
"SPI","result",12.6797152,4e-06,0b00001100,0b00000000
"SPI","result",12.679726,4.25e-06,0b00000001,0b00000000
"SPI","result",12.6797307,4e-06,0b00000100,0b00000000
"SPI","result",12.6797415,4.25e-06,0b00000010,0b00000000
"SPI","result",12.6797463,4e-06,0b00001100,0b00000000
"SPI","result",12.679757,4.25e-06,0b00000001,0b00000000
"SPI","result",12.6797618,4e-06,0b00000100,0b00000000
"SPI","result",12.6797727,4e-06,0b00000010,0b00000000
"SPI","result",12.6797773,4e-06,0b00001100,0b00000000
"SPI","result",12.6797882,4e-06,0b00000001,0b00000000
"SPI","result",12.6797928,4e-06,0b00000100,0b00000000
"SPI","result",12.6798037,4e-06,0b00000010,0b00000000
"SPI","result",12.6798083,4.25e-06,0b00000001,0b00000000
"SPI","result",12.6798192,4e-06,0b00000000,0b00000000
"SPI","result",12.6798238,4.25e-06,0b00000000,0b00000000
"SPI","disable",12.679832,2.50000003e-07,,
"SPI","enable",12.679834,2.50000001e-07,,
"SPI","result",12.679835,4e-06,0b00001101,0b00000000
"SPI","disable",12.6798393,2.49999999e-07,,
"SPI","enable",12.8967245,2.50000001e-07,,
"SPI","result",12.8967252,4.25e-06,0b00001010,0b00000000
"SPI","disable",12.8967295,2.50000001e-07,,
"SPI","enable",12.8967325,2.49999999e-07,,
"SPI","result",12.8967348,4e-06,0b00000010,0b00000000
"SPI","result",12.8967392,4.25e-06,0b00001000,0b00000000
"SPI","result",12.8967473,4e-06,0b00000001,0b00000000
"SPI","result",12.8967517,4e-06,0b00001111,0b00000000
"SPI","disable",12.896757,2.50000001e-07,,
"SPI","enable",12.8967593,2.49999999e-07,,
"SPI","result",12.8967615,4.25e-06,0b00000000,0b00000000
"SPI","result",12.8967663,4e-06,0b00001110,0b00000000
"SPI","result",12.896774,4e-06,0b00000000,0b00000000
"SPI","result",12.8967787,4e-06,0b00000001,0b00000000
"SPI","disable",12.896784,2.49999999e-07,,
"SPI","enable",12.8967862,2.50000001e-07,,
"SPI","result",12.8967885,4e-06,0b00000000,0b00000000
"SPI","result",12.8967932,4e-06,0b00000001,0b00000000
"SPI","result",12.896801,4e-06,0b00000110,0b00000000
"SPI","result",12.8968055,4.25e-06,0b00000010,0b00000000
"SPI","disable",12.896811,2.50000001e-07,,
"SPI","enable",12.8968132,2.50000001e-07,,
"SPI","result",12.8968155,4e-06,0b00000001,0b00000000
"SPI","result",12.89682,4e-06,0b00001111,0b00000000
"SPI","result",12.8968277,4.25e-06,0b00000000,0b00000000
"SPI","result",12.8968325,4e-06,0b00001111,0b00000000
"SPI","disable",12.8968377,2.50000003e-07,,
"SPI","enable",12.8968415,2.49999999e-07,,
"SPI","result",12.8968438,4.25e-06,0b00000000,0b00000000
"SPI","result",12.8968485,4e-06,0b00001111,0b00000000
"SPI","result",12.8968563,4e-06,0b00000000,0b00000000
"SPI","result",12.896861,4e-06,0b00000100,0b00000000
"SPI","disable",12.8968663,2.49999999e-07,,
"SPI","enable",12.8968685,2.49999999e-07,,
"SPI","result",12.8968707,4e-06,0b00000000,0b00000000
"SPI","result",12.8968755,4e-06,0b00001011,0b00000000
"SPI","result",12.8968833,4e-06,0b00000000,0b00000000
"SPI","result",12.8968877,4.25e-06,0b00000001,0b00000000
"SPI","disable",12.8968932,2.49999999e-07,,
"SPI","enable",12.8968955,2.50000001e-07,,
"SPI","result",12.8968975,4.25e-06,0b00000000,0b00000000
"SPI","result",12.8969023,4e-06,0b00000011,0b00000000
"SPI","result",12.89691,4.25e-06,0b00000000,0b00000000
"SPI","result",12.8969148,4e-06,0b00001111,0b00000000
"SPI","disable",12.89692,2.50000001e-07,,
"SPI","enable",12.8971285,2.49999999e-07,,
"SPI","result",12.8971295,4e-06,0b00001010,0b00000000
"SPI","disable",12.8971335,2.50000001e-07,,
"SPI","enable",12.8971365,2.49999999e-07,,
"SPI","result",12.8971375,4e-06,0b00001110,0b00000000
"SPI","disable",12.8971415,2.49999999e-07,,
"SPI","enable",12.8971432,2.50000001e-07,,
"SPI","result",12.8971457,4e-06,0b00000000,0b00000000
"SPI","result",12.8971505,4e-06,0b00000101,0b00000000
"SPI","result",12.8971605,4e-06,0b00000100,0b00000000
"SPI","result",12.8971653,4e-06,0b00001001,0b00000000
"SPI","result",12.897176,4e-06,0b00000110,0b00000000
"SPI","result",12.8971808,4e-06,0b00000100,0b00000000
"SPI","result",12.8971915,4e-06,0b00000010,0b00000000
"SPI","result",12.8971963,4e-06,0b00000110,0b00000000
"SPI","result",12.897207,4.25e-06,0b00000110,0b00000000
"SPI","result",12.8972118,4e-06,0b00000100,0b00000000
"SPI","result",12.8972225,4.25e-06,0b00000010,0b00000000
"SPI","result",12.8972273,4e-06,0b00000001,0b00000000
"SPI","result",12.897238,4.25e-06,0b00000011,0b00000000
"SPI","result",12.8972428,4e-06,0b00000100,0b00000000
"SPI","result",12.8972535,4.25e-06,0b00000010,0b00000000
"SPI","result",12.8972583,4e-06,0b00000001,0b00000000
"SPI","result",12.8972693,4e-06,0b00000001,0b00000000
"SPI","result",12.8972738,4e-06,0b00000100,0b00000000
"SPI","result",12.8972848,4e-06,0b00000010,0b00000000
"SPI","result",12.8972893,4.25e-06,0b00001100,0b00000000
"SPI","result",12.8973003,4e-06,0b00000001,0b00000000
"SPI","result",12.8973047,4.25e-06,0b00000100,0b00000000
"SPI","result",12.8973158,4e-06,0b00000010,0b00000000
"SPI","result",12.8973205,4e-06,0b00001100,0b00000000
"SPI","result",12.8973313,4e-06,0b00000001,0b00000000
"SPI","result",12.8973357,4.25e-06,0b00000100,0b00000000
"SPI","result",12.8973468,4e-06,0b00000010,0b00000000
"SPI","result",12.8973515,4e-06,0b00001100,0b00000000
"SPI","result",12.8973623,4e-06,0b00000001,0b00000000
"SPI","result",12.897367,4e-06,0b00000100,0b00000000
"SPI","result",12.8973778,4e-06,0b00000010,0b00000000
"SPI","result",12.8973825,4e-06,0b00000001,0b00000000
"SPI","result",12.8973933,4e-06,0b00000000,0b00000000
"SPI","result",12.897398,4e-06,0b00000000,0b00000000
"SPI","disable",12.897406,2.49999999e-07,,
"SPI","enable",12.8974082,2.49999999e-07,,
"SPI","result",12.8974093,4e-06,0b00001101,0b00000000
"SPI","disable",12.8974132,2.50000001e-07,,
"SPI","enable",13.1785623,2.49999999e-07,,
"SPI","result",13.1785632,4e-06,0b00001010,0b00000000
"SPI","disable",13.1785673,2.49999999e-07,,
"SPI","enable",13.1785702,2.49999999e-07,,
"SPI","result",13.1785725,4e-06,0b00000010,0b00000000
"SPI","result",13.1785773,4e-06,0b00001000,0b00000000
"SPI","result",13.178585,4e-06,0b00000001,0b00000000
"SPI","result",13.1785898,4e-06,0b00001111,0b00000000
"SPI","disable",13.178595,2.50000001e-07,,
"SPI","enable",13.1785972,2.50000001e-07,,
"SPI","result",13.1785992,4.25e-06,0b00000000,0b00000000
"SPI","result",13.178604,4e-06,0b00001110,0b00000000
"SPI","result",13.1786117,4.25e-06,0b00000000,0b00000000
"SPI","result",13.1786165,4e-06,0b00000001,0b00000000
"SPI","disable",13.1786217,2.50000001e-07,,
"SPI","enable",13.178624,2.50000001e-07,,
"SPI","result",13.1786263,4e-06,0b00000000,0b00000000
"SPI","result",13.178631,4e-06,0b00000001,0b00000000
"SPI","result",13.1786387,4e-06,0b00000110,0b00000000
"SPI","result",13.1786435,4e-06,0b00000010,0b00000000
"SPI","disable",13.1786488,2.49999999e-07,,
"SPI","enable",13.178651,2.49999999e-07,,
"SPI","result",13.1786532,4e-06,0b00000001,0b00000000
"SPI","result",13.178658,4e-06,0b00001111,0b00000000
"SPI","result",13.1786658,4e-06,0b00000000,0b00000000
"SPI","result",13.1786705,4e-06,0b00001111,0b00000000
"SPI","disable",13.1786758,2.49999999e-07,,
"SPI","enable",13.1786795,2.50000001e-07,,
"SPI","result",13.1786815,4.25e-06,0b00000000,0b00000000
"SPI","result",13.1786863,4e-06,0b00001111,0b00000000
"SPI","result",13.178694,4.25e-06,0b00000000,0b00000000
"SPI","result",13.1786988,4e-06,0b00000100,0b00000000
"SPI","disable",13.178704,2.49999999e-07,,
"SPI","enable",13.1787062,2.50000001e-07,,
"SPI","result",13.1787085,4e-06,0b00000000,0b00000000
"SPI","result",13.1787132,4e-06,0b00001011,0b00000000
"SPI","result",13.178721,4e-06,0b00000000,0b00000000
"SPI","result",13.1787257,4e-06,0b00000001,0b00000000
"SPI","disable",13.178731,2.49999999e-07,,
"SPI","enable",13.1787333,2.49999999e-07,,
"SPI","result",13.1787355,4e-06,0b00000000,0b00000000
"SPI","result",13.1787403,4e-06,0b00000011,0b00000000
"SPI","result",13.178748,4e-06,0b00000000,0b00000000
"SPI","result",13.1787527,4e-06,0b00001111,0b00000000
"SPI","disable",13.178758,2.49999999e-07,,
"SPI","enable",13.1789668,2.49999999e-07,,
"SPI","result",13.1789677,4e-06,0b00001010,0b00000000
"SPI","disable",13.1789718,2.49999999e-07,,
"SPI","enable",13.1789748,2.49999999e-07,,
"SPI","result",13.1789757,4e-06,0b00001110,0b00000000
"SPI","disable",13.1789797,2.49999999e-07,,
"SPI","enable",13.1789815,2.49999999e-07,,
"SPI","result",13.178984,4e-06,0b00000000,0b00000000
"SPI","result",13.1789888,4e-06,0b00000101,0b00000000
"SPI","result",13.1789987,4e-06,0b00000100,0b00000000
"SPI","result",13.1790035,4e-06,0b00001001,0b00000000
"SPI","result",13.1790142,4e-06,0b00000110,0b00000000
"SPI","result",13.179019,4e-06,0b00000100,0b00000000
"SPI","result",13.1790297,4e-06,0b00000010,0b00000000
"SPI","result",13.1790345,4e-06,0b00000111,0b00000000
"SPI","result",13.1790452,4.25e-06,0b00000110,0b00000000
"SPI","result",13.17905,4e-06,0b00000100,0b00000000
"SPI","result",13.1790608,4.25e-06,0b00000010,0b00000000
"SPI","result",13.1790655,4e-06,0b00000001,0b00000000
"SPI","result",13.1790762,4.25e-06,0b00000011,0b00000000
"SPI","result",13.179081,4e-06,0b00000100,0b00000000
"SPI","result",13.179092,4e-06,0b00000010,0b00000000
"SPI","result",13.1790965,4e-06,0b00000001,0b00000000
"SPI","result",13.1791075,4e-06,0b00000001,0b00000000
"SPI","result",13.179112,4.25e-06,0b00000100,0b00000000
"SPI","result",13.179123,4e-06,0b00000010,0b00000000
"SPI","result",13.1791275,4.25e-06,0b00001100,0b00000000
"SPI","result",13.1791385,4e-06,0b00000001,0b00000000
"SPI","result",13.179143,4.25e-06,0b00000100,0b00000000
"SPI","result",13.179154,4e-06,0b00000010,0b00000000
"SPI","result",13.1791587,4e-06,0b00001100,0b00000000
"SPI","result",13.1791695,4e-06,0b00000001,0b00000000
"SPI","result",13.1791743,4e-06,0b00000100,0b00000000
"SPI","result",13.179185,4e-06,0b00000010,0b00000000
"SPI","result",13.1791898,4e-06,0b00001100,0b00000000
"SPI","result",13.1792005,4e-06,0b00000001,0b00000000
"SPI","result",13.1792053,4e-06,0b00000100,0b00000000
"SPI","result",13.179216,4e-06,0b00000010,0b00000000
"SPI","result",13.1792208,4e-06,0b00000001,0b00000000
"SPI","result",13.1792315,4.25e-06,0b00000000,0b00000000
"SPI","result",13.1792363,4e-06,0b00000000,0b00000000
"SPI","disable",13.1792442,2.49999999e-07,,
"SPI","enable",13.1792465,2.50000001e-07,,
"SPI","result",13.1792475,4e-06,0b00001101,0b00000000
"SPI","disable",13.1792518,2.49999999e-07,,
"SPI","enable",13.3601613,2.49999999e-07,,
"SPI","result",13.3601623,4e-06,0b00001010,0b00000000
"SPI","disable",13.3601665,2.50000001e-07,,
"SPI","enable",13.3601693,2.49999999e-07,,
"SPI","result",13.3601715,4e-06,0b00000010,0b00000000
"SPI","result",13.3601763,4e-06,0b00001000,0b00000000
"SPI","result",13.360184,4e-06,0b00000001,0b00000000
"SPI","result",13.3601888,4e-06,0b00001111,0b00000000
"SPI","disable",13.360194,2.49999999e-07,,
"SPI","enable",13.3601962,2.50000001e-07,,
"SPI","result",13.3601985,4e-06,0b00000000,0b00000000
"SPI","result",13.3602032,4e-06,0b00001110,0b00000000
"SPI","result",13.360211,4e-06,0b00000000,0b00000000
"SPI","result",13.3602155,4.25e-06,0b00000001,0b00000000
"SPI","disable",13.360221,2.50000001e-07,,
"SPI","enable",13.3602233,2.49999999e-07,,
"SPI","result",13.3602252,4.25e-06,0b00000000,0b00000000
"SPI","result",13.36023,4e-06,0b00000001,0b00000000
"SPI","result",13.3602377,4.25e-06,0b00000110,0b00000000
"SPI","result",13.3602425,4e-06,0b00000010,0b00000000
"SPI","disable",13.3602477,2.50000001e-07,,
"SPI","enable",13.36025,2.49999999e-07,,
"SPI","result",13.3602523,4e-06,0b00000001,0b00000000
"SPI","result",13.360257,4e-06,0b00001111,0b00000000
"SPI","result",13.3602648,4e-06,0b00000000,0b00000000
"SPI","result",13.3602695,4e-06,0b00001111,0b00000000
"SPI","disable",13.3602748,2.49999999e-07,,
"SPI","enable",13.3602785,2.50000001e-07,,
"SPI","result",13.3602807,4e-06,0b00000000,0b00000000
"SPI","result",13.3602855,4e-06,0b00001111,0b00000000
"SPI","result",13.3602932,4e-06,0b00000000,0b00000000
"SPI","result",13.3602978,4.25e-06,0b00000100,0b00000000
"SPI","disable",13.360303,2.49999999e-07,,
"SPI","enable",13.3603055,2.49999999e-07,,
"SPI","result",13.3603075,4.25e-06,0b00000000,0b00000000
"SPI","result",13.3603122,4e-06,0b00001011,0b00000000
"SPI","result",13.36032,4.25e-06,0b00000000,0b00000000
"SPI","result",13.3603248,4e-06,0b00000001,0b00000000
"SPI","disable",13.36033,2.50000001e-07,,
"SPI","enable",13.3603323,2.49999999e-07,,
"SPI","result",13.3603345,4e-06,0b00000000,0b00000000
"SPI","result",13.3603393,4e-06,0b00000011,0b00000000
"SPI","result",13.360347,4e-06,0b00000000,0b00000000
"SPI","result",13.3603517,4e-06,0b00001111,0b00000000
"SPI","disable",13.360357,2.49999999e-07,,
"SPI","enable",13.3605657,2.50000001e-07,,
"SPI","result",13.3605665,4.25e-06,0b00001010,0b00000000
"SPI","disable",13.3605708,2.49999999e-07,,
"SPI","enable",13.3605738,2.50000001e-07,,
"SPI","result",13.3605747,4e-06,0b00001110,0b00000000
"SPI","disable",13.3605788,2.49999999e-07,,
"SPI","enable",13.3605805,2.50000001e-07,,
"SPI","result",13.360583,4e-06,0b00000000,0b00000000
"SPI","result",13.3605875,4.25e-06,0b00000101,0b00000000
"SPI","result",13.3605978,4e-06,0b00000100,0b00000000
"SPI","result",13.3606025,4e-06,0b00001001,0b00000000
"SPI","result",13.3606133,4e-06,0b00000110,0b00000000
"SPI","result",13.360618,4e-06,0b00000100,0b00000000
"SPI","result",13.3606288,4e-06,0b00000010,0b00000000
"SPI","result",13.3606335,4e-06,0b00000111,0b00000000
"SPI","result",13.3606442,4e-06,0b00000110,0b00000000
"SPI","result",13.360649,4e-06,0b00000100,0b00000000
"SPI","result",13.3606597,4e-06,0b00000010,0b00000000
"SPI","result",13.3606645,4e-06,0b00000001,0b00000000
"SPI","result",13.3606752,4.25e-06,0b00000011,0b00000000
"SPI","result",13.36068,4e-06,0b00000100,0b00000000
"SPI","result",13.3606907,4.25e-06,0b00000010,0b00000000
"SPI","result",13.3606955,4e-06,0b00000001,0b00000000
"SPI","result",13.3607062,4.25e-06,0b00000001,0b00000000
"SPI","result",13.360711,4e-06,0b00000100,0b00000000
"SPI","result",13.3607217,4.25e-06,0b00000010,0b00000000
"SPI","result",13.3607265,4e-06,0b00001100,0b00000000
"SPI","result",13.3607375,4e-06,0b00000001,0b00000000
"SPI","result",13.360742,4e-06,0b00000100,0b00000000
"SPI","result",13.360753,4e-06,0b00000010,0b00000000
"SPI","result",13.3607575,4e-06,0b00001100,0b00000000
"SPI","result",13.3607685,4e-06,0b00000001,0b00000000
"SPI","result",13.360773,4.25e-06,0b00000100,0b00000000
"SPI","result",13.360784,4e-06,0b00000010,0b00000000
"SPI","result",13.3607885,4.25e-06,0b00001100,0b00000000
"SPI","result",13.3607995,4e-06,0b00000001,0b00000000
"SPI","result",13.360804,4.25e-06,0b00000100,0b00000000
"SPI","result",13.360815,4e-06,0b00000010,0b00000000
"SPI","result",13.3608195,4.25e-06,0b00000001,0b00000000
"SPI","result",13.3608305,4e-06,0b00000000,0b00000000
"SPI","result",13.360835,4.25e-06,0b00000000,0b00000000
"SPI","disable",13.3608433,2.49999999e-07,,
"SPI","enable",13.3608455,2.49999999e-07,,
"SPI","result",13.3608462,4.25e-06,0b00001101,0b00000000
"SPI","disable",13.3608505,2.50000001e-07,,
"SPI","enable",13.642,2.50000001e-07,,
"SPI","result",13.6420007,4.25e-06,0b00001010,0b00000000
"SPI","disable",13.642005,2.50000001e-07,,
"SPI","enable",13.642008,2.50000001e-07,,
"SPI","result",13.6420103,4e-06,0b00000010,0b00000000
"SPI","result",13.642015,4e-06,0b00001000,0b00000000
"SPI","result",13.6420228,4e-06,0b00000001,0b00000000
"SPI","result",13.6420272,4.25e-06,0b00001111,0b00000000
"SPI","disable",13.6420325,2.50000001e-07,,
"SPI","enable",13.642035,2.49999999e-07,,
"SPI","result",13.642037,4.25e-06,0b00000000,0b00000000
"SPI","result",13.6420418,4e-06,0b00001110,0b00000000
"SPI","result",13.6420495,4.25e-06,0b00000000,0b00000000
"SPI","result",13.6420542,4e-06,0b00000001,0b00000000
"SPI","disable",13.6420595,2.50000001e-07,,
"SPI","enable",13.6420617,2.49999999e-07,,
"SPI","result",13.642064,4e-06,0b00000000,0b00000000
"SPI","result",13.6420687,4e-06,0b00000001,0b00000000
"SPI","result",13.6420765,4e-06,0b00000110,0b00000000
"SPI","result",13.6420813,4e-06,0b00000010,0b00000000
"SPI","disable",13.6420865,2.50000001e-07,,
"SPI","enable",13.6420887,2.50000001e-07,,
"SPI","result",13.642091,4e-06,0b00000001,0b00000000
"SPI","result",13.6420955,4.25e-06,0b00001111,0b00000000
"SPI","result",13.6421035,4e-06,0b00000000,0b00000000
"SPI","result",13.642108,4e-06,0b00001111,0b00000000
"SPI","disable",13.6421132,2.50000001e-07,,
"SPI","enable",13.6421173,2.50000001e-07,,
"SPI","result",13.6421193,4.25e-06,0b00000000,0b00000000
"SPI","result",13.642124,4e-06,0b00001111,0b00000000
"SPI","result",13.6421318,4.25e-06,0b00000000,0b00000000
"SPI","result",13.6421365,4e-06,0b00000100,0b00000000
"SPI","disable",13.6421418,2.49999999e-07,,
"SPI","enable",13.642144,2.49999999e-07,,
"SPI","result",13.6421462,4e-06,0b00000000,0b00000000
"SPI","result",13.642151,4e-06,0b00001011,0b00000000
"SPI","result",13.6421588,4e-06,0b00000000,0b00000000
"SPI","result",13.6421635,4e-06,0b00000001,0b00000000
"SPI","disable",13.6421687,2.50000003e-07,,
"SPI","enable",13.642171,2.50000001e-07,,
"SPI","result",13.6421733,4e-06,0b00000000,0b00000000
"SPI","result",13.6421778,4.25e-06,0b00000011,0b00000000
"SPI","result",13.6421857,4e-06,0b00000000,0b00000000
"SPI","result",13.6421903,4e-06,0b00001111,0b00000000
"SPI","disable",13.6421955,2.50000001e-07,,
"SPI","enable",13.6424037,2.50000001e-07,,
"SPI","result",13.6424045,4.25e-06,0b00001010,0b00000000
"SPI","disable",13.6424087,2.50000003e-07,,
"SPI","enable",13.6424115,2.50000001e-07,,
"SPI","result",13.6424125,4e-06,0b00001110,0b00000000
"SPI","disable",13.6424168,2.49999999e-07,,
"SPI","enable",13.6424185,2.49999999e-07,,
"SPI","result",13.642421,4e-06,0b00000000,0b00000000
"SPI","result",13.6424255,4e-06,0b00000101,0b00000000
"SPI","result",13.6424358,4e-06,0b00000100,0b00000000
"SPI","result",13.6424405,4e-06,0b00001001,0b00000000
"SPI","result",13.6424513,4e-06,0b00000110,0b00000000
"SPI","result",13.6424557,4.25e-06,0b00000100,0b00000000
"SPI","result",13.6424668,4e-06,0b00000010,0b00000000
"SPI","result",13.6424715,4e-06,0b00001000,0b00000000
"SPI","result",13.6424823,4e-06,0b00000110,0b00000000
"SPI","result",13.642487,4e-06,0b00000100,0b00000000
"SPI","result",13.6424978,4e-06,0b00000010,0b00000000
"SPI","result",13.6425025,4e-06,0b00000001,0b00000000
"SPI","result",13.6425133,4e-06,0b00000011,0b00000000
"SPI","result",13.642518,4e-06,0b00000100,0b00000000
"SPI","result",13.6425288,4e-06,0b00000010,0b00000000
"SPI","result",13.6425335,4e-06,0b00000001,0b00000000
"SPI","result",13.6425443,4e-06,0b00000001,0b00000000
"SPI","result",13.642549,4e-06,0b00000100,0b00000000
"SPI","result",13.6425598,4.25e-06,0b00000010,0b00000000
"SPI","result",13.6425645,4e-06,0b00001100,0b00000000
"SPI","result",13.6425753,4.25e-06,0b00000001,0b00000000
"SPI","result",13.64258,4e-06,0b00000100,0b00000000
"SPI","result",13.6425908,4.25e-06,0b00000010,0b00000000
"SPI","result",13.6425955,4e-06,0b00001100,0b00000000
"SPI","result",13.6426063,4.25e-06,0b00000001,0b00000000
"SPI","result",13.642611,4e-06,0b00000100,0b00000000
"SPI","result",13.642622,4e-06,0b00000010,0b00000000
"SPI","result",13.6426265,4e-06,0b00001100,0b00000000
"SPI","result",13.6426375,4e-06,0b00000001,0b00000000
"SPI","result",13.642642,4.25e-06,0b00000100,0b00000000
"SPI","result",13.642653,4e-06,0b00000010,0b00000000
"SPI","result",13.6426575,4.25e-06,0b00000001,0b00000000
"SPI","result",13.6426685,4e-06,0b00000000,0b00000000
"SPI","result",13.642673,4.25e-06,0b00000000,0b00000000
"SPI","disable",13.6426813,2.49999999e-07,,
"SPI","enable",13.6426832,2.50000001e-07,,
"SPI","result",13.6426843,4e-06,0b00001101,0b00000000
"SPI","disable",13.6426885,2.49999999e-07,,
"SPI","enable",13.751653,2.50000003e-07,,
"SPI","result",13.751654,4e-06,0b00001010,0b00000000
"SPI","disable",13.7516583,2.49999999e-07,,
"SPI","enable",13.751661,2.49999999e-07,,
"SPI","result",13.7516633,4e-06,0b00000010,0b00000000
"SPI","result",13.751668,4e-06,0b00001000,0b00000000
"SPI","result",13.7516758,4e-06,0b00000001,0b00000000
"SPI","result",13.7516805,4e-06,0b00001111,0b00000000
"SPI","disable",13.7516858,2.49999999e-07,,
"SPI","enable",13.751688,2.50000001e-07,,
"SPI","result",13.7516902,4e-06,0b00000000,0b00000000
"SPI","result",13.7516948,4.25e-06,0b00001110,0b00000000
"SPI","result",13.7517027,4e-06,0b00000000,0b00000000
"SPI","result",13.7517073,4e-06,0b00000001,0b00000000
"SPI","disable",13.7517125,2.49999999e-07,,
"SPI","enable",13.751715,2.49999999e-07,,
"SPI","result",13.751717,4.25e-06,0b00000000,0b00000000
"SPI","result",13.7517217,4e-06,0b00000001,0b00000000
"SPI","result",13.7517295,4e-06,0b00000110,0b00000000
"SPI","result",13.7517343,4e-06,0b00000010,0b00000000
"SPI","disable",13.7517395,2.50000001e-07,,
"SPI","enable",13.7517418,2.49999999e-07,,
"SPI","result",13.751744,4e-06,0b00000001,0b00000000
"SPI","result",13.7517488,4e-06,0b00001111,0b00000000
"SPI","result",13.7517565,4e-06,0b00000000,0b00000000
"SPI","result",13.7517612,4e-06,0b00001111,0b00000000
"SPI","disable",13.7517665,2.50000001e-07,,
"SPI","enable",13.7517702,2.49999999e-07,,
"SPI","result",13.7517725,4e-06,0b00000000,0b00000000
"SPI","result",13.751777,4.25e-06,0b00001111,0b00000000
"SPI","result",13.7517848,4.25e-06,0b00000000,0b00000000
"SPI","result",13.7517895,4e-06,0b00000100,0b00000000
"SPI","disable",13.7517948,2.49999999e-07,,
"SPI","enable",13.751797,2.49999999e-07,,
"SPI","result",13.7517992,4.25e-06,0b00000000,0b00000000
"SPI","result",13.751804,4e-06,0b00001011,0b00000000
"SPI","result",13.7518117,4e-06,0b00000000,0b00000000
"SPI","result",13.7518165,4e-06,0b00000001,0b00000000
"SPI","disable",13.7518217,2.50000001e-07,,
"SPI","enable",13.751824,2.50000001e-07,,
"SPI","result",13.7518263,4e-06,0b00000000,0b00000000
"SPI","result",13.751831,4e-06,0b00000011,0b00000000
"SPI","result",13.7518387,4e-06,0b00000000,0b00000000
"SPI","result",13.7518435,4e-06,0b00001111,0b00000000
"SPI","disable",13.7518488,2.49999999e-07,,
"SPI","enable",13.7520567,2.50000001e-07,,
"SPI","result",13.7520578,4e-06,0b00001010,0b00000000
"SPI","disable",13.7520617,2.50000001e-07,,
"SPI","enable",13.7520648,2.49999999e-07,,
"SPI","result",13.7520657,4e-06,0b00001110,0b00000000
"SPI","disable",13.7520698,2.49999999e-07,,
"SPI","enable",13.7520715,2.50000001e-07,,
"SPI","result",13.752074,4e-06,0b00000000,0b00000000
"SPI","result",13.7520785,4.25e-06,0b00000101,0b00000000
"SPI","result",13.7520888,4e-06,0b00000100,0b00000000
"SPI","result",13.7520935,4e-06,0b00001001,0b00000000
"SPI","result",13.7521043,4e-06,0b00000110,0b00000000
"SPI","result",13.752109,4e-06,0b00000100,0b00000000
"SPI","result",13.7521198,4e-06,0b00000010,0b00000000
"SPI","result",13.7521245,4e-06,0b00001000,0b00000000
"SPI","result",13.7521352,4e-06,0b00000110,0b00000000
"SPI","result",13.75214,4e-06,0b00000100,0b00000000
"SPI","result",13.7521508,4.25e-06,0b00000010,0b00000000
"SPI","result",13.7521555,4e-06,0b00000001,0b00000000
"SPI","result",13.7521663,4.25e-06,0b00000011,0b00000000
"SPI","result",13.752171,4e-06,0b00000100,0b00000000
"SPI","result",13.7521818,4.25e-06,0b00000010,0b00000000
"SPI","result",13.7521865,4e-06,0b00000001,0b00000000
"SPI","result",13.7521973,4.25e-06,0b00000001,0b00000000
"SPI","result",13.752202,4e-06,0b00000100,0b00000000
"SPI","result",13.752213,4e-06,0b00000010,0b00000000
"SPI","result",13.7522175,4e-06,0b00001100,0b00000000
"SPI","result",13.7522285,4e-06,0b00000001,0b00000000
"SPI","result",13.752233,4.25e-06,0b00000100,0b00000000
"SPI","result",13.752244,4e-06,0b00000010,0b00000000
"SPI","result",13.7522485,4.25e-06,0b00001100,0b00000000
"SPI","result",13.7522595,4e-06,0b00000001,0b00000000
"SPI","result",13.752264,4.25e-06,0b00000100,0b00000000
"SPI","result",13.752275,4e-06,0b00000010,0b00000000
"SPI","result",13.7522797,4e-06,0b00001100,0b00000000
"SPI","result",13.7522905,4e-06,0b00000001,0b00000000
"SPI","result",13.7522952,4e-06,0b00000100,0b00000000
"SPI","result",13.752306,4e-06,0b00000010,0b00000000
"SPI","result",13.7523107,4e-06,0b00000001,0b00000000
"SPI","result",13.7523215,4e-06,0b00000000,0b00000000
"SPI","result",13.7523262,4e-06,0b00000000,0b00000000
"SPI","disable",13.7523343,2.49999999e-07,,
"SPI","enable",13.7523365,2.50000001e-07,,
"SPI","result",13.7523375,4e-06,0b00001101,0b00000000
"SPI","disable",13.7523415,2.49999999e-07,,
"SPI","enable",14.105544,2.49999999e-07,,
"SPI","result",14.105545,4e-06,0b00001010,0b00000000
"SPI","disable",14.1055492,2.50000001e-07,,
"SPI","enable",14.1055523,2.49999999e-07,,
"SPI","result",14.1055543,4.25e-06,0b00000010,0b00000000
"SPI","result",14.105559,4e-06,0b00001000,0b00000000
"SPI","result",14.1055667,4.25e-06,0b00000001,0b00000000
"SPI","result",14.1055715,4e-06,0b00001111,0b00000000
"SPI","disable",14.1055768,2.50000001e-07,,
"SPI","enable",14.105579,2.50000001e-07,,
"SPI","result",14.1055812,4e-06,0b00000000,0b00000000
"SPI","result",14.105586,4e-06,0b00001110,0b00000000
"SPI","result",14.1055938,4e-06,0b00000000,0b00000000
"SPI","result",14.1055985,4e-06,0b00000001,0b00000000
"SPI","disable",14.1056038,2.49999999e-07,,
"SPI","enable",14.105606,2.49999999e-07,,
"SPI","result",14.1056082,4e-06,0b00000000,0b00000000
"SPI","result",14.1056128,4.25e-06,0b00000001,0b00000000
"SPI","result",14.1056205,4.25e-06,0b00000110,0b00000000
"SPI","result",14.1056252,4e-06,0b00000010,0b00000000
"SPI","disable",14.1056305,2.50000001e-07,,
"SPI","enable",14.1056327,2.49999999e-07,,
"SPI","result",14.105635,4.25e-06,0b00000001,0b00000000
"SPI","result",14.1056397,4e-06,0b00001111,0b00000000
"SPI","result",14.1056475,4e-06,0b00000000,0b00000000
"SPI","result",14.1056523,4e-06,0b00001111,0b00000000
"SPI","disable",14.1056575,2.50000001e-07,,
"SPI","enable",14.1056613,2.49999999e-07,,
"SPI","result",14.1056635,4e-06,0b00000000,0b00000000
"SPI","result",14.1056683,4e-06,0b00001111,0b00000000
"SPI","result",14.105676,4e-06,0b00000000,0b00000000
"SPI","result",14.1056805,4.25e-06,0b00000100,0b00000000
"SPI","disable",14.105686,2.50000001e-07,,
"SPI","enable",14.1056883,2.50000001e-07,,
"SPI","result",14.1056905,4e-06,0b00000000,0b00000000
"SPI","result",14.105695,4.25e-06,0b00001011,0b00000000
"SPI","result",14.1057028,4.25e-06,0b00000000,0b00000000
"SPI","result",14.1057075,4e-06,0b00000001,0b00000000
"SPI","disable",14.1057128,2.49999999e-07,,
"SPI","enable",14.105715,2.49999999e-07,,
"SPI","result",14.1057172,4e-06,0b00000000,0b00000000
"SPI","result",14.105722,4e-06,0b00000011,0b00000000
"SPI","result",14.1057298,4e-06,0b00000000,0b00000000
"SPI","result",14.1057345,4e-06,0b00001111,0b00000000
"SPI","disable",14.1057397,2.50000003e-07,,
"SPI","enable",14.105948,2.50000001e-07,,
"SPI","result",14.105949,4e-06,0b00001010,0b00000000
"SPI","disable",14.1059533,2.49999999e-07,,
"SPI","enable",14.105956,2.50000001e-07,,
"SPI","result",14.105957,4e-06,0b00001110,0b00000000
"SPI","disable",14.1059613,2.49999999e-07,,
"SPI","enable",14.105963,2.50000001e-07,,
"SPI","result",14.1059653,4.25e-06,0b00000000,0b00000000
"SPI","result",14.10597,4e-06,0b00000101,0b00000000
"SPI","result",14.1059802,4e-06,0b00000100,0b00000000
"SPI","result",14.1059847,4.25e-06,0b00001001,0b00000000
"SPI","result",14.1059957,4e-06,0b00000110,0b00000000
"SPI","result",14.1060002,4.25e-06,0b00000100,0b00000000
"SPI","result",14.1060112,4e-06,0b00000010,0b00000000
"SPI","result",14.1060157,4.25e-06,0b00001001,0b00000000
"SPI","result",14.1060267,4e-06,0b00000110,0b00000000
"SPI","result",14.1060312,4.25e-06,0b00000100,0b00000000
"SPI","result",14.1060422,4e-06,0b00000010,0b00000000
"SPI","result",14.1060468,4.25e-06,0b00000001,0b00000000
"SPI","result",14.1060577,4e-06,0b00000011,0b00000000
"SPI","result",14.1060623,4.25e-06,0b00000100,0b00000000
"SPI","result",14.1060732,4e-06,0b00000010,0b00000000
"SPI","result",14.106078,4e-06,0b00000001,0b00000000
"SPI","result",14.1060887,4e-06,0b00000001,0b00000000
"SPI","result",14.1060935,4e-06,0b00000100,0b00000000
"SPI","result",14.1061042,4e-06,0b00000010,0b00000000
"SPI","result",14.106109,4e-06,0b00001100,0b00000000
"SPI","result",14.1061197,4e-06,0b00000001,0b00000000
"SPI","result",14.1061245,4e-06,0b00000100,0b00000000
"SPI","result",14.1061352,4e-06,0b00000010,0b00000000
"SPI","result",14.10614,4e-06,0b00001100,0b00000000
"SPI","result",14.1061507,4e-06,0b00000001,0b00000000
"SPI","result",14.1061555,4e-06,0b00000100,0b00000000
"SPI","result",14.1061662,4.25e-06,0b00000010,0b00000000
"SPI","result",14.106171,4e-06,0b00001100,0b00000000
"SPI","result",14.1061817,4.25e-06,0b00000001,0b00000000
"SPI","result",14.1061865,4e-06,0b00000100,0b00000000
"SPI","result",14.1061972,4.25e-06,0b00000010,0b00000000
"SPI","result",14.106202,4e-06,0b00000001,0b00000000
"SPI","result",14.1062127,4.25e-06,0b00000000,0b00000000
"SPI","result",14.1062175,4e-06,0b00000000,0b00000000
"SPI","disable",14.1062255,2.49999999e-07,,
"SPI","enable",14.1062278,2.49999999e-07,,
"SPI","result",14.1062287,4e-06,0b00001101,0b00000000
"SPI","disable",14.106233,2.50000001e-07,,
"SPI","enable",14.2874258,2.49999999e-07,,
"SPI","result",14.2874265,4.25e-06,0b00001010,0b00000000
"SPI","disable",14.2874308,2.50000001e-07,,
"SPI","enable",14.2874337,2.49999999e-07,,
"SPI","result",14.287436,4e-06,0b00000010,0b00000000
"SPI","result",14.2874405,4e-06,0b00001000,0b00000000
"SPI","result",14.2874483,4.25e-06,0b00000001,0b00000000
"SPI","result",14.287453,4e-06,0b00001111,0b00000000
"SPI","disable",14.2874583,2.49999999e-07,,
"SPI","enable",14.2874605,2.49999999e-07,,
"SPI","result",14.2874627,4e-06,0b00000000,0b00000000
"SPI","result",14.2874675,4e-06,0b00001110,0b00000000
"SPI","result",14.2874752,4e-06,0b00000000,0b00000000
"SPI","result",14.28748,4e-06,0b00000001,0b00000000
"SPI","disable",14.2874852,2.50000001e-07,,
"SPI","enable",14.2874875,2.50000001e-07,,
"SPI","result",14.2874898,4e-06,0b00000000,0b00000000
"SPI","result",14.2874942,4.25e-06,0b00000001,0b00000000
"SPI","result",14.2875022,4e-06,0b00000110,0b00000000
"SPI","result",14.2875068,4.25e-06,0b00000010,0b00000000
"SPI","disable",14.287512,2.50000003e-07,,
"SPI","enable",14.2875145,2.49999999e-07,,
"SPI","result",14.2875165,4.25e-06,0b00000001,0b00000000
"SPI","result",14.2875212,4e-06,0b00001111,0b00000000
"SPI","result",14.287529,4.25e-06,0b00000000,0b00000000
"SPI","result",14.2875337,4e-06,0b00001111,0b00000000
"SPI","disable",14.287539,2.49999999e-07,,
"SPI","enable",14.2875428,2.49999999e-07,,
"SPI","result",14.287545,4e-06,0b00000000,0b00000000
"SPI","result",14.2875498,4e-06,0b00001111,0b00000000
"SPI","result",14.2875575,4e-06,0b00000000,0b00000000
"SPI","result",14.2875623,4e-06,0b00000100,0b00000000
"SPI","disable",14.2875675,2.49999999e-07,,
"SPI","enable",14.2875697,2.50000001e-07,,
"SPI","result",14.287572,4e-06,0b00000000,0b00000000
"SPI","result",14.2875767,4e-06,0b00001011,0b00000000
"SPI","result",14.2875845,4e-06,0b00000000,0b00000000
"SPI","result",14.287589,4e-06,0b00000001,0b00000000
"SPI","disable",14.2875942,2.50000001e-07,,
"SPI","enable",14.2875968,2.49999999e-07,,
"SPI","result",14.2875988,4.25e-06,0b00000000,0b00000000
"SPI","result",14.2876035,4e-06,0b00000011,0b00000000
"SPI","result",14.2876112,4e-06,0b00000000,0b00000000
"SPI","result",14.287616,4e-06,0b00001111,0b00000000
"SPI","disable",14.2876213,2.50000001e-07,,
"SPI","enable",14.2878298,2.49999999e-07,,
"SPI","result",14.2878305,4.25e-06,0b00001010,0b00000000
"SPI","disable",14.2878348,2.49999999e-07,,
"SPI","enable",14.2878377,2.50000003e-07,,
"SPI","result",14.2878385,4.25e-06,0b00001110,0b00000000
"SPI","disable",14.2878427,2.50000001e-07,,
"SPI","enable",14.2878445,2.49999999e-07,,
"SPI","result",14.287847,4e-06,0b00000000,0b00000000
"SPI","result",14.2878515,4.25e-06,0b00000101,0b00000000
"SPI","result",14.2878617,4e-06,0b00000100,0b00000000
"SPI","result",14.2878665,4e-06,0b00001001,0b00000000
"SPI","result",14.2878772,4e-06,0b00000110,0b00000000
"SPI","result",14.287882,4e-06,0b00000100,0b00000000
"SPI","result",14.2878927,4e-06,0b00000010,0b00000000
"SPI","result",14.2878975,4e-06,0b00001001,0b00000000
"SPI","result",14.2879082,4e-06,0b00000110,0b00000000
"SPI","result",14.287913,4e-06,0b00000100,0b00000000
"SPI","result",14.2879237,4e-06,0b00000010,0b00000000
"SPI","result",14.2879285,4e-06,0b00000001,0b00000000
"SPI","result",14.2879393,4e-06,0b00000011,0b00000000
"SPI","result",14.287944,4e-06,0b00000100,0b00000000
"SPI","result",14.2879548,4e-06,0b00000010,0b00000000
"SPI","result",14.2879595,4e-06,0b00000001,0b00000000
"SPI","result",14.2879703,4.25e-06,0b00000001,0b00000000
"SPI","result",14.287975,4e-06,0b00000100,0b00000000
"SPI","result",14.2879858,4.25e-06,0b00000010,0b00000000
"SPI","result",14.2879905,4e-06,0b00001100,0b00000000
"SPI","result",14.2880013,4.25e-06,0b00000001,0b00000000
"SPI","result",14.288006,4e-06,0b00000100,0b00000000
"SPI","result",14.2880168,4.25e-06,0b00000010,0b00000000
"SPI","result",14.2880215,4e-06,0b00001100,0b00000000
"SPI","result",14.2880325,4e-06,0b00000001,0b00000000
"SPI","result",14.288037,4e-06,0b00000100,0b00000000
"SPI","result",14.288048,4e-06,0b00000010,0b00000000
"SPI","result",14.2880525,4e-06,0b00001100,0b00000000
"SPI","result",14.2880635,4e-06,0b00000001,0b00000000
"SPI","result",14.288068,4.25e-06,0b00000100,0b00000000
"SPI","result",14.288079,4e-06,0b00000010,0b00000000
"SPI","result",14.2880835,4.25e-06,0b00000001,0b00000000
"SPI","result",14.2880945,4e-06,0b00000000,0b00000000
"SPI","result",14.288099,4.25e-06,0b00000000,0b00000000
"SPI","disable",14.2881072,2.50000001e-07,,
"SPI","enable",14.2881092,2.49999999e-07,,
"SPI","result",14.2881103,4e-06,0b00001101,0b00000000
"SPI","disable",14.2881145,2.49999999e-07,,
"SPI","enable",14.6415925,2.49999999e-07,,
"SPI","result",14.6415935,4e-06,0b00001010,0b00000000
"SPI","disable",14.6415978,2.49999999e-07,,
"SPI","enable",14.6416008,2.49999999e-07,,
"SPI","result",14.6416028,4.25e-06,0b00000010,0b00000000
"SPI","result",14.6416075,4e-06,0b00001000,0b00000000
"SPI","result",14.6416152,4.25e-06,0b00000001,0b00000000
"SPI","result",14.64162,4e-06,0b00001111,0b00000000
"SPI","disable",14.6416253,2.49999999e-07,,
"SPI","enable",14.6416275,2.49999999e-07,,
"SPI","result",14.6416297,4e-06,0b00000000,0b00000000
"SPI","result",14.6416345,4e-06,0b00001110,0b00000000
"SPI","result",14.6416423,4e-06,0b00000000,0b00000000
"SPI","result",14.641647,4e-06,0b00000001,0b00000000
"SPI","disable",14.6416522,2.50000001e-07,,
"SPI","enable",14.6416545,2.50000003e-07,,
"SPI","result",14.6416567,4e-06,0b00000000,0b00000000
"SPI","result",14.6416613,4.25e-06,0b00000001,0b00000000
"SPI","result",14.6416692,4e-06,0b00000110,0b00000000
"SPI","result",14.6416738,4.25e-06,0b00000010,0b00000000
"SPI","disable",14.641679,2.49999999e-07,,
"SPI","enable",14.6416815,2.49999999e-07,,
"SPI","result",14.6416835,4.25e-06,0b00000001,0b00000000
"SPI","result",14.6416882,4e-06,0b00001111,0b00000000
"SPI","result",14.641696,4.25e-06,0b00000000,0b00000000
"SPI","result",14.6417008,4e-06,0b00001111,0b00000000
"SPI","disable",14.641706,2.50000003e-07,,
"SPI","enable",14.6417098,2.49999999e-07,,
"SPI","result",14.641712,4e-06,0b00000000,0b00000000
"SPI","result",14.6417167,4e-06,0b00001111,0b00000000
"SPI","result",14.6417245,4e-06,0b00000000,0b00000000
"SPI","result",14.6417292,4e-06,0b00000100,0b00000000
"SPI","disable",14.6417345,2.49999999e-07,,
"SPI","enable",14.6417367,2.49999999e-07,,
"SPI","result",14.641739,4e-06,0b00000000,0b00000000
"SPI","result",14.6417437,4e-06,0b00001011,0b00000000
"SPI","result",14.6417515,4e-06,0b00000000,0b00000000
"SPI","result",14.641756,4.25e-06,0b00000001,0b00000000
"SPI","disable",14.6417613,2.49999999e-07,,
"SPI","enable",14.6417638,2.50000001e-07,,
"SPI","result",14.6417657,4.25e-06,0b00000000,0b00000000
"SPI","result",14.6417705,4e-06,0b00000011,0b00000000
"SPI","result",14.6417782,4e-06,0b00000000,0b00000000
"SPI","result",14.641783,4e-06,0b00001111,0b00000000
"SPI","disable",14.6417882,2.50000001e-07,,
"SPI","enable",14.6419968,2.49999999e-07,,
"SPI","result",14.6419975,4.25e-06,0b00001010,0b00000000
"SPI","disable",14.6420018,2.49999999e-07,,
"SPI","enable",14.6420047,2.49999999e-07,,
"SPI","result",14.6420055,4.25e-06,0b00001110,0b00000000
"SPI","disable",14.6420097,2.50000001e-07,,
"SPI","enable",14.6420115,2.49999999e-07,,
"SPI","result",14.642014,4e-06,0b00000000,0b00000000
"SPI","result",14.6420185,4.25e-06,0b00000101,0b00000000
"SPI","result",14.6420287,4e-06,0b00000100,0b00000000
"SPI","result",14.6420335,4e-06,0b00001001,0b00000000
"SPI","result",14.6420442,4e-06,0b00000110,0b00000000
"SPI","result",14.642049,4e-06,0b00000100,0b00000000
"SPI","result",14.6420597,4e-06,0b00000010,0b00000000
"SPI","result",14.6420645,4e-06,0b00001010,0b00000000
"SPI","result",14.6420752,4e-06,0b00000110,0b00000000
"SPI","result",14.64208,4e-06,0b00000100,0b00000000
"SPI","result",14.6420907,4e-06,0b00000010,0b00000000
"SPI","result",14.6420955,4e-06,0b00000001,0b00000000
"SPI","result",14.6421062,4e-06,0b00000011,0b00000000
"SPI","result",14.642111,4e-06,0b00000100,0b00000000
"SPI","result",14.6421217,4e-06,0b00000010,0b00000000
"SPI","result",14.6421265,4e-06,0b00000001,0b00000000
"SPI","result",14.6421372,4.25e-06,0b00000001,0b00000000
"SPI","result",14.642142,4e-06,0b00000100,0b00000000
"SPI","result",14.6421527,4.25e-06,0b00000010,0b00000000
"SPI","result",14.6421575,4e-06,0b00001100,0b00000000
"SPI","result",14.6421682,4.25e-06,0b00000001,0b00000000
"SPI","result",14.642173,4e-06,0b00000100,0b00000000
"SPI","result",14.6421837,4.25e-06,0b00000010,0b00000000
"SPI","result",14.6421885,4e-06,0b00001100,0b00000000
"SPI","result",14.6421995,4e-06,0b00000001,0b00000000
"SPI","result",14.642204,4e-06,0b00000100,0b00000000
"SPI","result",14.642215,4e-06,0b00000010,0b00000000
"SPI","result",14.6422195,4e-06,0b00001100,0b00000000
"SPI","result",14.6422305,4e-06,0b00000001,0b00000000
"SPI","result",14.642235,4.25e-06,0b00000100,0b00000000
"SPI","result",14.642246,4e-06,0b00000010,0b00000000
"SPI","result",14.6422505,4.25e-06,0b00000001,0b00000000
"SPI","result",14.6422615,4e-06,0b00000000,0b00000000
"SPI","result",14.642266,4.25e-06,0b00000000,0b00000000
"SPI","disable",14.6422742,2.49999999e-07,,
"SPI","enable",14.6422763,2.49999999e-07,,
"SPI","result",14.6422772,4e-06,0b00001101,0b00000000
"SPI","disable",14.6422815,2.50000001e-07,,
"SPI","enable",14.8599655,2.50000001e-07,,
"SPI","result",14.8599665,4e-06,0b00001010,0b00000000
"SPI","disable",14.8599708,2.49999999e-07,,
"SPI","enable",14.8599737,2.50000001e-07,,
"SPI","result",14.859976,4e-06,0b00000010,0b00000000
"SPI","result",14.8599805,4e-06,0b00001000,0b00000000
"SPI","result",14.8599883,4.25e-06,0b00000001,0b00000000
"SPI","result",14.859993,4e-06,0b00001111,0b00000000
"SPI","disable",14.8599983,2.49999999e-07,,
"SPI","enable",14.8600005,2.49999999e-07,,
"SPI","result",14.8600027,4e-06,0b00000000,0b00000000
"SPI","result",14.8600075,4e-06,0b00001110,0b00000000
"SPI","result",14.8600153,4e-06,0b00000000,0b00000000
"SPI","result",14.86002,4e-06,0b00000001,0b00000000
"SPI","disable",14.8600252,2.50000003e-07,,
"SPI","enable",14.8600275,2.50000001e-07,,
"SPI","result",14.8600298,4e-06,0b00000000,0b00000000
"SPI","result",14.8600343,4.25e-06,0b00000001,0b00000000
"SPI","result",14.8600422,4e-06,0b00000110,0b00000000
"SPI","result",14.8600467,4.25e-06,0b00000010,0b00000000
"SPI","disable",14.860052,2.50000001e-07,,
"SPI","enable",14.8600545,2.49999999e-07,,
"SPI","result",14.8600565,4.25e-06,0b00000001,0b00000000
"SPI","result",14.8600612,4e-06,0b00001111,0b00000000
"SPI","result",14.860069,4.25e-06,0b00000000,0b00000000
"SPI","result",14.8600737,4e-06,0b00001111,0b00000000
"SPI","disable",14.860079,2.49999999e-07,,
"SPI","enable",14.8600828,2.49999999e-07,,
"SPI","result",14.860085,4e-06,0b00000000,0b00000000
"SPI","result",14.8600898,4e-06,0b00001111,0b00000000
"SPI","result",14.8600975,4e-06,0b00000000,0b00000000
"SPI","result",14.8601023,4e-06,0b00000100,0b00000000
"SPI","disable",14.8601075,2.49999999e-07,,
"SPI","enable",14.8601097,2.50000001e-07,,
"SPI","result",14.860112,4e-06,0b00000000,0b00000000
"SPI","result",14.8601167,4e-06,0b00001011,0b00000000
"SPI","result",14.8601245,4e-06,0b00000000,0b00000000
"SPI","result",14.860129,4.25e-06,0b00000001,0b00000000
"SPI","disable",14.8601345,2.50000003e-07,,
"SPI","enable",14.8601367,2.50000001e-07,,
"SPI","result",14.8601388,4.25e-06,0b00000000,0b00000000
"SPI","result",14.8601435,4e-06,0b00000011,0b00000000
"SPI","result",14.8601512,4.25e-06,0b00000000,0b00000000
"SPI","result",14.860156,4e-06,0b00001111,0b00000000
"SPI","disable",14.8601613,2.49999999e-07,,
"SPI","enable",14.8603698,2.49999999e-07,,
"SPI","result",14.8603707,4e-06,0b00001010,0b00000000
"SPI","disable",14.8603748,2.49999999e-07,,
"SPI","enable",14.8603777,2.50000001e-07,,
"SPI","result",14.8603788,4e-06,0b00001110,0b00000000
"SPI","disable",14.8603827,2.50000001e-07,,
"SPI","enable",14.8603845,2.49999999e-07,,
"SPI","result",14.860387,4e-06,0b00000000,0b00000000
"SPI","result",14.8603918,4e-06,0b00000101,0b00000000
"SPI","result",14.8604017,4e-06,0b00000100,0b00000000
"SPI","result",14.8604065,4e-06,0b00001001,0b00000000
"SPI","result",14.8604172,4.25e-06,0b00000110,0b00000000
"SPI","result",14.860422,4e-06,0b00000100,0b00000000
"SPI","result",14.8604327,4.25e-06,0b00000010,0b00000000
"SPI","result",14.8604375,4e-06,0b00001010,0b00000000
"SPI","result",14.8604482,4.25e-06,0b00000110,0b00000000
"SPI","result",14.860453,4e-06,0b00000100,0b00000000
"SPI","result",14.860464,4e-06,0b00000010,0b00000000
"SPI","result",14.8604685,4e-06,0b00000001,0b00000000
"SPI","result",14.8604795,4e-06,0b00000011,0b00000000
"SPI","result",14.860484,4e-06,0b00000100,0b00000000
"SPI","result",14.860495,4e-06,0b00000010,0b00000000
"SPI","result",14.8604995,4.25e-06,0b00000001,0b00000000
"SPI","result",14.8605105,4e-06,0b00000001,0b00000000
"SPI","result",14.860515,4.25e-06,0b00000100,0b00000000
"SPI","result",14.860526,4e-06,0b00000010,0b00000000
"SPI","result",14.8605308,4e-06,0b00001100,0b00000000
"SPI","result",14.8605415,4e-06,0b00000001,0b00000000
"SPI","result",14.860546,4.25e-06,0b00000100,0b00000000
"SPI","result",14.860557,4e-06,0b00000010,0b00000000
"SPI","result",14.8605618,4e-06,0b00001100,0b00000000
"SPI","result",14.8605725,4e-06,0b00000001,0b00000000
"SPI","result",14.8605773,4e-06,0b00000100,0b00000000
"SPI","result",14.860588,4e-06,0b00000010,0b00000000
"SPI","result",14.8605928,4e-06,0b00001100,0b00000000
"SPI","result",14.8606035,4e-06,0b00000001,0b00000000
"SPI","result",14.8606083,4e-06,0b00000100,0b00000000
"SPI","result",14.860619,4.25e-06,0b00000010,0b00000000
"SPI","result",14.8606238,4e-06,0b00000001,0b00000000
"SPI","result",14.8606345,4.25e-06,0b00000000,0b00000000
"SPI","result",14.8606393,4e-06,0b00000000,0b00000000
"SPI","disable",14.8606472,2.50000001e-07,,
"SPI","enable",14.8606495,2.50000001e-07,,
"SPI","result",14.8606505,4e-06,0b00001101,0b00000000
"SPI","disable",14.8606548,2.49999999e-07,,
"SPI","enable",15.142104,2.49999999e-07,,
"SPI","result",15.142105,4e-06,0b00001010,0b00000000
"SPI","disable",15.142109,2.50000001e-07,,
"SPI","enable",15.142112,2.50000001e-07,,
"SPI","result",15.1421143,4e-06,0b00000010,0b00000000
"SPI","result",15.142119,4e-06,0b00001000,0b00000000
"SPI","result",15.1421267,4e-06,0b00000001,0b00000000
"SPI","result",15.1421315,4e-06,0b00001111,0b00000000
"SPI","disable",15.1421368,2.49999999e-07,,
"SPI","enable",15.142139,2.49999999e-07,,
"SPI","result",15.142141,4.25e-06,0b00000000,0b00000000
"SPI","result",15.1421457,4e-06,0b00001110,0b00000000
"SPI","result",15.1421535,4.25e-06,0b00000000,0b00000000
"SPI","result",15.1421582,4e-06,0b00000001,0b00000000
"SPI","disable",15.1421635,2.49999999e-07,,
"SPI","enable",15.1421658,2.49999999e-07,,
"SPI","result",15.142168,4e-06,0b00000000,0b00000000
"SPI","result",15.1421728,4e-06,0b00000001,0b00000000
"SPI","result",15.1421805,4e-06,0b00000110,0b00000000
"SPI","result",15.1421853,4e-06,0b00000010,0b00000000
"SPI","disable",15.1421905,2.49999999e-07,,
"SPI","enable",15.1421927,2.50000001e-07,,
"SPI","result",15.142195,4e-06,0b00000001,0b00000000
"SPI","result",15.1421997,4e-06,0b00001111,0b00000000
"SPI","result",15.1422075,4e-06,0b00000000,0b00000000
"SPI","result",15.142212,4.25e-06,0b00001111,0b00000000
"SPI","disable",15.1422175,2.50000001e-07,,
"SPI","enable",15.1422213,2.49999999e-07,,
"SPI","result",15.1422233,4.25e-06,0b00000000,0b00000000
"SPI","result",15.142228,4e-06,0b00001111,0b00000000
"SPI","result",15.1422357,4.25e-06,0b00000000,0b00000000
"SPI","result",15.1422405,4e-06,0b00000100,0b00000000
"SPI","disable",15.1422458,2.49999999e-07,,
"SPI","enable",15.142248,2.50000001e-07,,
"SPI","result",15.1422503,4e-06,0b00000000,0b00000000
"SPI","result",15.142255,4e-06,0b00001011,0b00000000
"SPI","result",15.1422628,4e-06,0b00000000,0b00000000
"SPI","result",15.1422675,4e-06,0b00000001,0b00000000
"SPI","disable",15.1422728,2.49999999e-07,,
"SPI","enable",15.142275,2.50000001e-07,,
"SPI","result",15.1422772,4e-06,0b00000000,0b00000000
"SPI","result",15.1422818,4.25e-06,0b00000011,0b00000000
"SPI","result",15.1422897,4e-06,0b00000000,0b00000000
"SPI","result",15.1422943,4.25e-06,0b00001111,0b00000000
"SPI","disable",15.1422997,2.50000001e-07,,
"SPI","enable",15.1425085,2.49999999e-07,,
"SPI","result",15.1425092,4.25e-06,0b00001010,0b00000000
"SPI","disable",15.1425135,2.50000001e-07,,
"SPI","enable",15.1425165,2.50000001e-07,,
"SPI","result",15.1425172,4.25e-06,0b00001110,0b00000000
"SPI","disable",15.1425215,2.49999999e-07,,
"SPI","enable",15.1425232,2.49999999e-07,,
"SPI","result",15.1425258,4e-06,0b00000000,0b00000000
"SPI","result",15.1425303,4.25e-06,0b00000101,0b00000000
"SPI","result",15.1425405,4e-06,0b00000100,0b00000000
"SPI","result",15.1425452,4e-06,0b00001001,0b00000000
"SPI","result",15.142556,4e-06,0b00000110,0b00000000
"SPI","result",15.1425607,4e-06,0b00000100,0b00000000
"SPI","result",15.1425715,4e-06,0b00000010,0b00000000
"SPI","result",15.1425762,4e-06,0b00001011,0b00000000
"SPI","result",15.142587,4e-06,0b00000110,0b00000000
"SPI","result",15.1425917,4e-06,0b00000100,0b00000000
"SPI","result",15.1426025,4e-06,0b00000010,0b00000000
"SPI","result",15.1426072,4e-06,0b00000001,0b00000000
"SPI","result",15.142618,4e-06,0b00000011,0b00000000
"SPI","result",15.1426227,4e-06,0b00000100,0b00000000
"SPI","result",15.1426335,4.25e-06,0b00000010,0b00000000
"SPI","result",15.1426382,4e-06,0b00000001,0b00000000
"SPI","result",15.142649,4.25e-06,0b00000001,0b00000000
"SPI","result",15.1426537,4e-06,0b00000100,0b00000000
"SPI","result",15.1426645,4.25e-06,0b00000010,0b00000000
"SPI","result",15.1426693,4e-06,0b00001100,0b00000000
"SPI","result",15.1426802,4e-06,0b00000001,0b00000000
"SPI","result",15.1426848,4e-06,0b00000100,0b00000000
"SPI","result",15.1426957,4e-06,0b00000010,0b00000000
"SPI","result",15.1427003,4.25e-06,0b00001100,0b00000000
"SPI","result",15.1427112,4e-06,0b00000001,0b00000000
"SPI","result",15.1427158,4.25e-06,0b00000100,0b00000000
"SPI","result",15.1427267,4e-06,0b00000010,0b00000000
"SPI","result",15.1427315,4e-06,0b00001100,0b00000000
"SPI","result",15.1427422,4e-06,0b00000001,0b00000000
"SPI","result",15.1427468,4.25e-06,0b00000100,0b00000000
"SPI","result",15.1427577,4e-06,0b00000010,0b00000000
"SPI","result",15.1427625,4e-06,0b00000001,0b00000000
"SPI","result",15.1427732,4e-06,0b00000000,0b00000000
"SPI","result",15.142778,4e-06,0b00000000,0b00000000
"SPI","disable",15.142786,2.50000001e-07,,
"SPI","enable",15.1427883,2.49999999e-07,,
"SPI","result",15.1427892,4e-06,0b00001101,0b00000000
"SPI","disable",15.1427933,2.49999999e-07,,
"SPI","enable",15.3241673,2.49999999e-07,,
"SPI","result",15.3241682,4e-06,0b00001010,0b00000000
"SPI","disable",15.3241725,2.50000003e-07,,
"SPI","enable",15.3241752,2.50000001e-07,,
"SPI","result",15.3241775,4e-06,0b00000010,0b00000000
"SPI","result",15.3241822,4e-06,0b00001000,0b00000000
"SPI","result",15.32419,4e-06,0b00000001,0b00000000
"SPI","result",15.3241948,4e-06,0b00001111,0b00000000
"SPI","disable",15.3242,2.50000001e-07,,
"SPI","enable",15.3242023,2.49999999e-07,,
"SPI","result",15.3242045,4e-06,0b00000000,0b00000000
"SPI","result",15.324209,4.25e-06,0b00001110,0b00000000
"SPI","result",15.324217,4e-06,0b00000000,0b00000000
"SPI","result",15.3242215,4.25e-06,0b00000001,0b00000000
"SPI","disable",15.3242267,2.50000001e-07,,
"SPI","enable",15.3242293,2.49999999e-07,,
"SPI","result",15.3242313,4.25e-06,0b00000000,0b00000000
"SPI","result",15.324236,4e-06,0b00000001,0b00000000
"SPI","result",15.3242438,4.25e-06,0b00000110,0b00000000
"SPI","result",15.3242485,4e-06,0b00000010,0b00000000
"SPI","disable",15.3242538,2.49999999e-07,,
"SPI","enable",15.324256,2.50000001e-07,,
"SPI","result",15.3242582,4e-06,0b00000001,0b00000000
"SPI","result",15.324263,4e-06,0b00001111,0b00000000
"SPI","result",15.3242708,4e-06,0b00000000,0b00000000
"SPI","result",15.3242755,4e-06,0b00001111,0b00000000
"SPI","disable",15.3242807,2.49999999e-07,,
"SPI","enable",15.3242845,2.50000001e-07,,
"SPI","result",15.3242868,4e-06,0b00000000,0b00000000
"SPI","result",15.3242915,4e-06,0b00001111,0b00000000
"SPI","result",15.3242992,4e-06,0b00000000,0b00000000
"SPI","result",15.3243038,4.25e-06,0b00000100,0b00000000
"SPI","disable",15.324309,2.50000001e-07,,
"SPI","enable",15.3243115,2.49999999e-07,,
"SPI","result",15.3243135,4.25e-06,0b00000000,0b00000000
"SPI","result",15.3243182,4e-06,0b00001011,0b00000000
"SPI","result",15.324326,4.25e-06,0b00000000,0b00000000
"SPI","result",15.3243307,4e-06,0b00000001,0b00000000
"SPI","disable",15.324336,2.49999999e-07,,
"SPI","enable",15.3243383,2.49999999e-07,,
"SPI","result",15.3243405,4e-06,0b00000000,0b00000000
"SPI","result",15.3243453,4e-06,0b00000011,0b00000000
"SPI","result",15.324353,4e-06,0b00000000,0b00000000
"SPI","result",15.3243578,4e-06,0b00001111,0b00000000
"SPI","disable",15.324363,2.49999999e-07,,
"SPI","enable",15.3245718,2.49999999e-07,,
"SPI","result",15.3245727,4e-06,0b00001010,0b00000000
"SPI","disable",15.3245768,2.49999999e-07,,
"SPI","enable",15.3245797,2.50000001e-07,,
"SPI","result",15.3245808,4e-06,0b00001110,0b00000000
"SPI","disable",15.3245847,2.50000001e-07,,
"SPI","enable",15.3245865,2.49999999e-07,,
"SPI","result",15.324589,4e-06,0b00000000,0b00000000
"SPI","result",15.3245938,4e-06,0b00000101,0b00000000
"SPI","result",15.3246037,4e-06,0b00000100,0b00000000
"SPI","result",15.3246085,4e-06,0b00001001,0b00000000
"SPI","result",15.3246192,4e-06,0b00000110,0b00000000
"SPI","result",15.324624,4e-06,0b00000100,0b00000000
"SPI","result",15.3246347,4.25e-06,0b00000010,0b00000000
"SPI","result",15.3246395,4e-06,0b00001011,0b00000000
"SPI","result",15.3246502,4.25e-06,0b00000110,0b00000000
"SPI","result",15.324655,4e-06,0b00000100,0b00000000
"SPI","result",15.3246657,4.25e-06,0b00000010,0b00000000
"SPI","result",15.3246705,4e-06,0b00000001,0b00000000
"SPI","result",15.3246812,4.25e-06,0b00000011,0b00000000
"SPI","result",15.324686,4e-06,0b00000100,0b00000000
"SPI","result",15.324697,4e-06,0b00000010,0b00000000
"SPI","result",15.3247015,4e-06,0b00000001,0b00000000
"SPI","result",15.3247125,4e-06,0b00000001,0b00000000
"SPI","result",15.324717,4.25e-06,0b00000100,0b00000000
"SPI","result",15.324728,4e-06,0b00000010,0b00000000
"SPI","result",15.3247325,4.25e-06,0b00001100,0b00000000
"SPI","result",15.3247435,4e-06,0b00000001,0b00000000
"SPI","result",15.324748,4.25e-06,0b00000100,0b00000000
"SPI","result",15.324759,4e-06,0b00000010,0b00000000
"SPI","result",15.3247638,4e-06,0b00001100,0b00000000
"SPI","result",15.3247745,4e-06,0b00000001,0b00000000
"SPI","result",15.3247793,4e-06,0b00000100,0b00000000
"SPI","result",15.32479,4e-06,0b00000010,0b00000000
"SPI","result",15.3247948,4e-06,0b00001100,0b00000000
"SPI","result",15.3248055,4e-06,0b00000001,0b00000000
"SPI","result",15.3248103,4e-06,0b00000100,0b00000000
"SPI","result",15.324821,4e-06,0b00000010,0b00000000
"SPI","result",15.3248258,4e-06,0b00000001,0b00000000
"SPI","result",15.3248365,4e-06,0b00000000,0b00000000
"SPI","result",15.3248413,4e-06,0b00000000,0b00000000
"SPI","disable",15.3248492,2.49999999e-07,,
"SPI","enable",15.3248515,2.50000001e-07,,
"SPI","result",15.3248525,4e-06,0b00001101,0b00000000
"SPI","disable",15.3248568,2.49999999e-07,,
"SPI","enable",15.6067057,2.50000001e-07,,
"SPI","result",15.6067065,4.25e-06,0b00001010,0b00000000
"SPI","disable",15.6067107,2.50000001e-07,,
"SPI","enable",15.6067138,2.49999999e-07,,
"SPI","result",15.606716,4e-06,0b00000010,0b00000000
"SPI","result",15.6067205,4e-06,0b00001000,0b00000000
"SPI","result",15.6067282,4.25e-06,0b00000001,0b00000000
"SPI","result",15.606733,4e-06,0b00001111,0b00000000
"SPI","disable",15.6067382,2.50000003e-07,,
"SPI","enable",15.6067405,2.50000001e-07,,
"SPI","result",15.6067428,4e-06,0b00000000,0b00000000
"SPI","result",15.6067475,4e-06,0b00001110,0b00000000
"SPI","result",15.6067553,4e-06,0b00000000,0b00000000
"SPI","result",15.60676,4e-06,0b00000001,0b00000000
"SPI","disable",15.6067653,2.49999999e-07,,
"SPI","enable",15.6067675,2.49999999e-07,,
"SPI","result",15.6067697,4e-06,0b00000000,0b00000000
"SPI","result",15.6067743,4.25e-06,0b00000001,0b00000000
"SPI","result",15.6067823,4e-06,0b00000110,0b00000000
"SPI","result",15.6067867,4.25e-06,0b00000010,0b00000000
"SPI","disable",15.606792,2.49999999e-07,,
"SPI","enable",15.6067945,2.50000001e-07,,
"SPI","result",15.6067965,4.25e-06,0b00000001,0b00000000
"SPI","result",15.6068013,4e-06,0b00001111,0b00000000
"SPI","result",15.606809,4.25e-06,0b00000000,0b00000000
"SPI","result",15.6068138,4e-06,0b00001111,0b00000000
"SPI","disable",15.606819,2.49999999e-07,,
"SPI","enable",15.6068227,2.50000001e-07,,
"SPI","result",15.606825,4e-06,0b00000000,0b00000000
"SPI","result",15.6068297,4e-06,0b00001111,0b00000000
"SPI","result",15.6068375,4e-06,0b00000000,0b00000000
"SPI","result",15.6068422,4e-06,0b00000100,0b00000000
"SPI","disable",15.6068475,2.50000001e-07,,
"SPI","enable",15.6068497,2.50000001e-07,,
"SPI","result",15.606852,4e-06,0b00000000,0b00000000
"SPI","result",15.6068568,4e-06,0b00001011,0b00000000
"SPI","result",15.6068645,4e-06,0b00000000,0b00000000
"SPI","result",15.606869,4.25e-06,0b00000001,0b00000000
"SPI","disable",15.6068745,2.49999999e-07,,
"SPI","enable",15.6068767,2.50000001e-07,,
"SPI","result",15.6068787,4.25e-06,0b00000000,0b00000000
"SPI","result",15.6068835,4e-06,0b00000011,0b00000000
"SPI","result",15.6068913,4.25e-06,0b00000000,0b00000000
"SPI","result",15.606896,4e-06,0b00001111,0b00000000
"SPI","disable",15.6069012,2.49999999e-07,,
"SPI","enable",15.6071097,2.50000001e-07,,
"SPI","result",15.6071108,4e-06,0b00001010,0b00000000
"SPI","disable",15.6071147,2.50000001e-07,,
"SPI","enable",15.6071178,2.49999999e-07,,
"SPI","result",15.6071187,4e-06,0b00001110,0b00000000
"SPI","disable",15.6071228,2.49999999e-07,,
"SPI","enable",15.6071245,2.50000001e-07,,
"SPI","result",15.607127,4e-06,0b00000000,0b00000000
"SPI","result",15.6071318,4e-06,0b00000101,0b00000000
"SPI","result",15.6071418,4e-06,0b00000100,0b00000000
"SPI","result",15.6071465,4e-06,0b00001001,0b00000000
"SPI","result",15.6071573,4e-06,0b00000110,0b00000000
"SPI","result",15.607162,4e-06,0b00000100,0b00000000
"SPI","result",15.6071728,4e-06,0b00000010,0b00000000
"SPI","result",15.6071775,4e-06,0b00001100,0b00000000
"SPI","result",15.6071883,4.25e-06,0b00000110,0b00000000
"SPI","result",15.607193,4e-06,0b00000100,0b00000000
"SPI","result",15.6072038,4.25e-06,0b00000010,0b00000000
"SPI","result",15.6072085,4e-06,0b00000001,0b00000000
"SPI","result",15.6072192,4.25e-06,0b00000011,0b00000000
"SPI","result",15.607224,4e-06,0b00000100,0b00000000
"SPI","result",15.6072347,4.25e-06,0b00000010,0b00000000
"SPI","result",15.6072395,4e-06,0b00000001,0b00000000
"SPI","result",15.6072505,4e-06,0b00000001,0b00000000
"SPI","result",15.607255,4e-06,0b00000100,0b00000000
"SPI","result",15.607266,4e-06,0b00000010,0b00000000
"SPI","result",15.6072705,4.25e-06,0b00001100,0b00000000
"SPI","result",15.6072815,4e-06,0b00000001,0b00000000
"SPI","result",15.607286,4.25e-06,0b00000100,0b00000000
"SPI","result",15.607297,4e-06,0b00000010,0b00000000
"SPI","result",15.6073017,4e-06,0b00001100,0b00000000
"SPI","result",15.6073125,4e-06,0b00000001,0b00000000
"SPI","result",15.607317,4.25e-06,0b00000100,0b00000000
"SPI","result",15.607328,4e-06,0b00000010,0b00000000
"SPI","result",15.6073327,4e-06,0b00001100,0b00000000
"SPI","result",15.6073435,4e-06,0b00000001,0b00000000
"SPI","result",15.6073482,4e-06,0b00000100,0b00000000
"SPI","result",15.607359,4e-06,0b00000010,0b00000000
"SPI","result",15.6073637,4e-06,0b00000001,0b00000000
"SPI","result",15.6073745,4e-06,0b00000000,0b00000000
"SPI","result",15.6073792,4e-06,0b00000000,0b00000000
"SPI","disable",15.6073873,2.49999999e-07,,
"SPI","enable",15.6073895,2.50000001e-07,,
"SPI","result",15.6073905,4e-06,0b00001101,0b00000000
"SPI","disable",15.6073945,2.49999999e-07,,
"SPI","enable",15.8247052,2.50000001e-07,,
"SPI","result",15.8247063,4e-06,0b00001010,0b00000000
"SPI","disable",15.8247105,2.50000001e-07,,
"SPI","enable",15.8247135,2.50000001e-07,,
"SPI","result",15.8247155,4.25e-06,0b00000010,0b00000000
"SPI","result",15.8247203,4e-06,0b00001000,0b00000000
"SPI","result",15.824728,4.25e-06,0b00000001,0b00000000
"SPI","result",15.8247328,4e-06,0b00001111,0b00000000
"SPI","disable",15.824738,2.49999999e-07,,
"SPI","enable",15.8247402,2.50000001e-07,,
"SPI","result",15.8247425,4e-06,0b00000000,0b00000000
"SPI","result",15.8247472,4e-06,0b00001110,0b00000000
"SPI","result",15.824755,4e-06,0b00000000,0b00000000
"SPI","result",15.8247598,4e-06,0b00000001,0b00000000
"SPI","disable",15.824765,2.50000001e-07,,
"SPI","enable",15.8247673,2.49999999e-07,,
"SPI","result",15.8247695,4e-06,0b00000000,0b00000000
"SPI","result",15.824774,4.25e-06,0b00000001,0b00000000
"SPI","result",15.8247817,4.25e-06,0b00000110,0b00000000
"SPI","result",15.8247865,4e-06,0b00000010,0b00000000
"SPI","disable",15.8247917,2.50000003e-07,,
"SPI","enable",15.824794,2.50000001e-07,,
"SPI","result",15.8247963,4e-06,0b00000001,0b00000000
"SPI","result",15.824801,4e-06,0b00001111,0b00000000
"SPI","result",15.8248088,4e-06,0b00000000,0b00000000
"SPI","result",15.8248135,4e-06,0b00001111,0b00000000
"SPI","disable",15.8248188,2.49999999e-07,,
"SPI","enable",15.8248225,2.49999999e-07,,
"SPI","result",15.8248247,4e-06,0b00000000,0b00000000
"SPI","result",15.8248295,4e-06,0b00001111,0b00000000
"SPI","result",15.8248372,4e-06,0b00000000,0b00000000
"SPI","result",15.8248417,4.25e-06,0b00000100,0b00000000
"SPI","disable",15.8248472,2.50000001e-07,,
"SPI","enable",15.8248495,2.50000001e-07,,
"SPI","result",15.8248518,4e-06,0b00000000,0b00000000
"SPI","result",15.8248562,4e-06,0b00001011,0b00000000
"SPI","result",15.824864,4.25e-06,0b00000000,0b00000000
"SPI","result",15.8248688,4e-06,0b00000001,0b00000000
"SPI","disable",15.824874,2.50000001e-07,,
"SPI","enable",15.8248763,2.49999999e-07,,
"SPI","result",15.8248785,4e-06,0b00000000,0b00000000
"SPI","result",15.8248832,4e-06,0b00000011,0b00000000
"SPI","result",15.824891,4e-06,0b00000000,0b00000000
"SPI","result",15.8248957,4e-06,0b00001111,0b00000000
"SPI","disable",15.824901,2.50000001e-07,,
"SPI","enable",15.8251093,2.49999999e-07,,
"SPI","result",15.8251102,4e-06,0b00001010,0b00000000
"SPI","disable",15.8251145,2.49999999e-07,,
"SPI","enable",15.8251172,2.49999999e-07,,
"SPI","result",15.8251182,4e-06,0b00001110,0b00000000
"SPI","disable",15.8251225,2.49999999e-07,,
"SPI","enable",15.8251243,2.49999999e-07,,
"SPI","result",15.8251265,4.25e-06,0b00000000,0b00000000
"SPI","result",15.8251313,4e-06,0b00000101,0b00000000
"SPI","result",15.8251415,4e-06,0b00000100,0b00000000
"SPI","result",15.825146,4.25e-06,0b00001001,0b00000000
"SPI","result",15.825157,4e-06,0b00000110,0b00000000
"SPI","result",15.8251615,4.25e-06,0b00000100,0b00000000
"SPI","result",15.8251725,4e-06,0b00000010,0b00000000
"SPI","result",15.8251772,4e-06,0b00001100,0b00000000
"SPI","result",15.825188,4e-06,0b00000110,0b00000000
"SPI","result",15.8251925,4.25e-06,0b00000100,0b00000000
"SPI","result",15.8252035,4e-06,0b00000010,0b00000000
"SPI","result",15.825208,4.25e-06,0b00000001,0b00000000
"SPI","result",15.825219,4e-06,0b00000011,0b00000000
"SPI","result",15.8252237,4e-06,0b00000100,0b00000000
"SPI","result",15.8252345,4e-06,0b00000010,0b00000000
"SPI","result",15.8252392,4e-06,0b00000001,0b00000000
"SPI","result",15.82525,4e-06,0b00000001,0b00000000
"SPI","result",15.8252548,4e-06,0b00000100,0b00000000
"SPI","result",15.8252655,4e-06,0b00000010,0b00000000
"SPI","result",15.8252703,4e-06,0b00001100,0b00000000
"SPI","result",15.825281,4e-06,0b00000001,0b00000000
"SPI","result",15.8252858,4e-06,0b00000100,0b00000000
"SPI","result",15.8252965,4e-06,0b00000010,0b00000000
"SPI","result",15.8253013,4e-06,0b00001100,0b00000000
"SPI","result",15.825312,4.25e-06,0b00000001,0b00000000
"SPI","result",15.8253168,4e-06,0b00000100,0b00000000
"SPI","result",15.8253275,4.25e-06,0b00000010,0b00000000
"SPI","result",15.8253323,4e-06,0b00001100,0b00000000
"SPI","result",15.825343,4.25e-06,0b00000001,0b00000000
"SPI","result",15.8253478,4e-06,0b00000100,0b00000000
"SPI","result",15.8253585,4.25e-06,0b00000010,0b00000000
"SPI","result",15.8253633,4e-06,0b00000001,0b00000000
"SPI","result",15.825374,4.25e-06,0b00000000,0b00000000
"SPI","result",15.8253788,4e-06,0b00000000,0b00000000
"SPI","disable",15.8253867,2.49999999e-07,,
"SPI","enable",15.825389,2.50000001e-07,,
"SPI","result",15.82539,4e-06,0b00001101,0b00000000
"SPI","disable",15.8253943,2.49999999e-07,,
"SPI","enable",16.034763,2.50000001e-07,,
"SPI","result",16.034764,4e-06,0b00001010,0b00000000
"SPI","disable",16.0347682,2.49999999e-07,,
"SPI","enable",16.034771,2.49999999e-07,,
"SPI","result",16.0347733,4.25e-06,0b00000010,0b00000000
"SPI","result",16.034778,4e-06,0b00001000,0b00000000
"SPI","result",16.0347858,4e-06,0b00000001,0b00000000
"SPI","result",16.0347905,4e-06,0b00001111,0b00000000
"SPI","disable",16.0347958,2.49999999e-07,,
"SPI","enable",16.034798,2.50000003e-07,,
"SPI","result",16.0348002,4e-06,0b00000000,0b00000000
"SPI","result",16.034805,4e-06,0b00001110,0b00000000
"SPI","result",16.0348128,4e-06,0b00000000,0b00000000
"SPI","result",16.0348172,4.25e-06,0b00000001,0b00000000
"SPI","disable",16.0348228,2.49999999e-07,,
"SPI","enable",16.034825,2.50000001e-07,,
"SPI","result",16.034827,4.25e-06,0b00000000,0b00000000
"SPI","result",16.0348317,4e-06,0b00000001,0b00000000
"SPI","result",16.0348395,4.25e-06,0b00000110,0b00000000
"SPI","result",16.0348442,4e-06,0b00000010,0b00000000
"SPI","disable",16.0348495,2.49999999e-07,,
"SPI","enable",16.0348518,2.49999999e-07,,
"SPI","result",16.034854,4e-06,0b00000001,0b00000000
"SPI","result",16.0348588,4e-06,0b00001111,0b00000000
"SPI","result",16.0348665,4e-06,0b00000000,0b00000000
"SPI","result",16.0348712,4e-06,0b00001111,0b00000000
"SPI","disable",16.0348765,2.50000001e-07,,
"SPI","enable",16.0348803,2.49999999e-07,,
"SPI","result",16.0348825,4e-06,0b00000000,0b00000000
"SPI","result",16.0348873,4e-06,0b00001111,0b00000000
"SPI","result",16.034895,4e-06,0b00000000,0b00000000
"SPI","result",16.0348995,4.25e-06,0b00000100,0b00000000
"SPI","disable",16.034905,2.50000003e-07,,
"SPI","enable",16.0349072,2.49999999e-07,,
"SPI","result",16.0349095,4e-06,0b00000000,0b00000000
"SPI","result",16.034914,4e-06,0b00001011,0b00000000
"SPI","result",16.0349217,4.25e-06,0b00000000,0b00000000
"SPI","result",16.0349265,4e-06,0b00000001,0b00000000
"SPI","disable",16.0349317,2.50000003e-07,,
"SPI","enable",16.034934,2.49999999e-07,,
"SPI","result",16.0349363,4e-06,0b00000000,0b00000000
"SPI","result",16.034941,4e-06,0b00000011,0b00000000
"SPI","result",16.0349488,4e-06,0b00000000,0b00000000
"SPI","result",16.0349535,4e-06,0b00001111,0b00000000
"SPI","disable",16.0349588,2.49999999e-07,,
"SPI","enable",16.0351675,2.49999999e-07,,
"SPI","result",16.0351685,4e-06,0b00001010,0b00000000
"SPI","disable",16.0351728,2.49999999e-07,,
"SPI","enable",16.0351755,2.49999999e-07,,
"SPI","result",16.0351765,4e-06,0b00001110,0b00000000
"SPI","disable",16.0351805,2.49999999e-07,,
"SPI","enable",16.0351825,2.49999999e-07,,
"SPI","result",16.0351847,4e-06,0b00000000,0b00000000
"SPI","result",16.0351895,4e-06,0b00000101,0b00000000
"SPI","result",16.0351995,4.25e-06,0b00000100,0b00000000
"SPI","result",16.0352042,4e-06,0b00001001,0b00000000
"SPI","result",16.035215,4.25e-06,0b00000110,0b00000000
"SPI","result",16.0352197,4e-06,0b00000100,0b00000000
"SPI","result",16.0352305,4.25e-06,0b00000010,0b00000000
"SPI","result",16.0352352,4e-06,0b00001101,0b00000000
"SPI","result",16.035246,4.25e-06,0b00000110,0b00000000
"SPI","result",16.0352507,4e-06,0b00000100,0b00000000
"SPI","result",16.0352618,4e-06,0b00000010,0b00000000
"SPI","result",16.0352662,4e-06,0b00000001,0b00000000
"SPI","result",16.0352773,4e-06,0b00000011,0b00000000
"SPI","result",16.0352817,4e-06,0b00000100,0b00000000
"SPI","result",16.0352927,4e-06,0b00000010,0b00000000
"SPI","result",16.0352972,4.25e-06,0b00000001,0b00000000
"SPI","result",16.0353082,4e-06,0b00000001,0b00000000
"SPI","result",16.0353127,4.25e-06,0b00000100,0b00000000
"SPI","result",16.0353237,4e-06,0b00000010,0b00000000
"SPI","result",16.0353285,4e-06,0b00001100,0b00000000
"SPI","result",16.0353392,4e-06,0b00000001,0b00000000
"SPI","result",16.0353437,4.25e-06,0b00000100,0b00000000
"SPI","result",16.0353547,4e-06,0b00000010,0b00000000
"SPI","result",16.0353595,4e-06,0b00001100,0b00000000
"SPI","result",16.0353702,4e-06,0b00000001,0b00000000
"SPI","result",16.035375,4e-06,0b00000100,0b00000000
"SPI","result",16.0353857,4e-06,0b00000010,0b00000000
"SPI","result",16.0353905,4e-06,0b00001100,0b00000000
"SPI","result",16.0354012,4e-06,0b00000001,0b00000000
"SPI","result",16.035406,4e-06,0b00000100,0b00000000
"SPI","result",16.0354167,4e-06,0b00000010,0b00000000
"SPI","result",16.0354215,4e-06,0b00000001,0b00000000
"SPI","result",16.0354322,4e-06,0b00000000,0b00000000
"SPI","result",16.035437,4e-06,0b00000000,0b00000000
"SPI","disable",16.035445,2.49999999e-07,,
"SPI","enable",16.0354473,2.49999999e-07,,
"SPI","result",16.0354483,4e-06,0b00001101,0b00000000
"SPI","disable",16.0354525,2.49999999e-07,,
"SPI","enable",16.1804395,2.50000003e-07,,
"SPI","result",16.1804403,4.25e-06,0b00001010,0b00000000
"SPI","disable",16.1804445,2.49999999e-07,,
"SPI","enable",16.1804475,2.49999999e-07,,
"SPI","result",16.1804498,4e-06,0b00000010,0b00000000
"SPI","result",16.1804545,4e-06,0b00001000,0b00000000
"SPI","result",16.1804623,4e-06,0b00000001,0b00000000
"SPI","result",16.1804668,4.25e-06,0b00001111,0b00000000
"SPI","disable",16.1804723,2.49999999e-07,,
"SPI","enable",16.1804745,2.49999999e-07,,
"SPI","result",16.1804765,4.25e-06,0b00000000,0b00000000
"SPI","result",16.1804812,4e-06,0b00001110,0b00000000
"SPI","result",16.180489,4.25e-06,0b00000000,0b00000000
"SPI","result",16.1804938,4e-06,0b00000001,0b00000000
"SPI","disable",16.180499,2.49999999e-07,,
"SPI","enable",16.1805012,2.49999999e-07,,
"SPI","result",16.1805035,4e-06,0b00000000,0b00000000
"SPI","result",16.1805082,4e-06,0b00000001,0b00000000
"SPI","result",16.180516,4e-06,0b00000110,0b00000000
"SPI","result",16.1805207,4e-06,0b00000010,0b00000000
"SPI","disable",16.180526,2.49999999e-07,,
"SPI","enable",16.1805282,2.50000003e-07,,
"SPI","result",16.1805305,4e-06,0b00000001,0b00000000
"SPI","result",16.180535,4.25e-06,0b00001111,0b00000000
"SPI","result",16.180543,4e-06,0b00000000,0b00000000
"SPI","result",16.1805475,4e-06,0b00001111,0b00000000
"SPI","disable",16.1805528,2.49999999e-07,,
"SPI","enable",16.1805568,2.49999999e-07,,
"SPI","result",16.1805587,4.25e-06,0b00000000,0b00000000
"SPI","result",16.1805635,4e-06,0b00001111,0b00000000
"SPI","result",16.1805712,4.25e-06,0b00000000,0b00000000
"SPI","result",16.180576,4e-06,0b00000100,0b00000000
"SPI","disable",16.1805812,2.49999999e-07,,
"SPI","enable",16.1805835,2.49999999e-07,,
"SPI","result",16.1805857,4e-06,0b00000000,0b00000000
"SPI","result",16.1805905,4e-06,0b00001011,0b00000000
"SPI","result",16.1805982,4e-06,0b00000000,0b00000000
"SPI","result",16.180603,4e-06,0b00000001,0b00000000
"SPI","disable",16.1806082,2.50000003e-07,,
"SPI","enable",16.1806105,2.49999999e-07,,
"SPI","result",16.1806128,4e-06,0b00000000,0b00000000
"SPI","result",16.1806173,4.25e-06,0b00000011,0b00000000
"SPI","result",16.1806252,4e-06,0b00000000,0b00000000
"SPI","result",16.1806298,4e-06,0b00001111,0b00000000
"SPI","disable",16.180635,2.50000003e-07,,
"SPI","enable",16.1808438,2.49999999e-07,,
"SPI","result",16.1808447,4e-06,0b00001010,0b00000000
"SPI","disable",16.180849,2.50000003e-07,,
"SPI","enable",16.1808517,2.50000003e-07,,
"SPI","result",16.1808527,4e-06,0b00001110,0b00000000
"SPI","disable",16.180857,2.49999999e-07,,
"SPI","enable",16.1808587,2.50000003e-07,,
"SPI","result",16.180861,4.25e-06,0b00000000,0b00000000
"SPI","result",16.1808657,4e-06,0b00000101,0b00000000
"SPI","result",16.180876,4e-06,0b00000100,0b00000000
"SPI","result",16.1808805,4.25e-06,0b00001001,0b00000000
"SPI","result",16.1808915,4e-06,0b00000110,0b00000000
"SPI","result",16.180896,4.25e-06,0b00000100,0b00000000
"SPI","result",16.180907,4e-06,0b00000010,0b00000000
"SPI","result",16.1809117,4e-06,0b00001101,0b00000000
"SPI","result",16.1809225,4e-06,0b00000110,0b00000000
"SPI","result",16.180927,4.25e-06,0b00000100,0b00000000
"SPI","result",16.180938,4e-06,0b00000010,0b00000000
"SPI","result",16.1809427,4e-06,0b00000001,0b00000000
"SPI","result",16.1809535,4e-06,0b00000011,0b00000000
"SPI","result",16.1809582,4e-06,0b00000100,0b00000000
"SPI","result",16.180969,4e-06,0b00000010,0b00000000
"SPI","result",16.1809737,4e-06,0b00000001,0b00000000
"SPI","result",16.1809845,4e-06,0b00000001,0b00000000
"SPI","result",16.1809892,4e-06,0b00000100,0b00000000
"SPI","result",16.181,4e-06,0b00000010,0b00000000
"SPI","result",16.1810047,4e-06,0b00001100,0b00000000
"SPI","result",16.1810155,4e-06,0b00000001,0b00000000
"SPI","result",16.1810202,4e-06,0b00000100,0b00000000
"SPI","result",16.181031,4.25e-06,0b00000010,0b00000000
"SPI","result",16.1810357,4e-06,0b00001100,0b00000000
"SPI","result",16.1810465,4.25e-06,0b00000001,0b00000000
"SPI","result",16.1810512,4e-06,0b00000100,0b00000000
"SPI","result",16.181062,4.25e-06,0b00000010,0b00000000
"SPI","result",16.1810667,4e-06,0b00001100,0b00000000
"SPI","result",16.1810778,4e-06,0b00000001,0b00000000
"SPI","result",16.1810822,4e-06,0b00000100,0b00000000
"SPI","result",16.1810932,4e-06,0b00000010,0b00000000
"SPI","result",16.1810977,4e-06,0b00000001,0b00000000
"SPI","result",16.1811087,4e-06,0b00000000,0b00000000
"SPI","result",16.1811132,4.25e-06,0b00000000,0b00000000
"SPI","disable",16.1811215,2.49999999e-07,,
"SPI","enable",16.1811235,2.49999999e-07,,
"SPI","result",16.1811245,4e-06,0b00001101,0b00000000
"SPI","disable",16.1811287,2.49999999e-07,,
"SPI","enable",16.4264423,2.50000001e-07,,
"SPI","result",16.4264432,4e-06,0b00001010,0b00000000
"SPI","disable",16.4264472,2.50000001e-07,,
"SPI","enable",16.4264502,2.50000005e-07,,
"SPI","result",16.4264525,4e-06,0b00000010,0b00000000
"SPI","result",16.4264572,4e-06,0b00001000,0b00000000
"SPI","result",16.426465,4e-06,0b00000001,0b00000000
"SPI","result",16.4264697,4e-06,0b00001111,0b00000000
"SPI","disable",16.426475,2.50000001e-07,,
"SPI","enable",16.4264773,2.50000001e-07,,
"SPI","result",16.4264792,4.25e-06,0b00000000,0b00000000
"SPI","result",16.426484,4.25e-06,0b00001110,0b00000000
"SPI","result",16.4264918,4.25e-06,0b00000000,0b00000000
"SPI","result",16.4264965,4e-06,0b00000001,0b00000000
"SPI","disable",16.4265017,2.50000001e-07,,
"SPI","enable",16.426504,2.50000001e-07,,
"SPI","result",16.4265062,4e-06,0b00000000,0b00000000
"SPI","result",16.426511,4e-06,0b00000001,0b00000000
"SPI","result",16.4265187,4e-06,0b00000110,0b00000000
"SPI","result",16.4265235,4e-06,0b00000010,0b00000000
"SPI","disable",16.4265287,2.50000001e-07,,
"SPI","enable",16.426531,2.50000001e-07,,
"SPI","result",16.4265332,4e-06,0b00000001,0b00000000
"SPI","result",16.426538,4e-06,0b00001111,0b00000000
"SPI","result",16.4265457,4e-06,0b00000000,0b00000000
"SPI","result",16.4265502,4.25000001e-06,0b00001111,0b00000000
"SPI","disable",16.4265557,2.50000001e-07,,
"SPI","enable",16.4265595,2.50000001e-07,,
"SPI","result",16.4265615,4.25e-06,0b00000000,0b00000000
"SPI","result",16.4265663,4e-06,0b00001111,0b00000000
"SPI","result",16.426574,4.25e-06,0b00000000,0b00000000
"SPI","result",16.4265788,4e-06,0b00000100,0b00000000
"SPI","disable",16.426584,2.50000001e-07,,
"SPI","enable",16.4265862,2.49999997e-07,,
"SPI","result",16.4265885,4e-06,0b00000000,0b00000000
"SPI","result",16.4265932,4e-06,0b00001011,0b00000000
"SPI","result",16.426601,4e-06,0b00000000,0b00000000
"SPI","result",16.4266058,4e-06,0b00000001,0b00000000
"SPI","disable",16.426611,2.50000001e-07,,
"SPI","enable",16.4266132,2.50000001e-07,,
"SPI","result",16.4266155,4e-06,0b00000000,0b00000000
"SPI","result",16.42662,4.25e-06,0b00000011,0b00000000
"SPI","result",16.426628,4e-06,0b00000000,0b00000000
"SPI","result",16.4266325,4.25e-06,0b00001111,0b00000000
"SPI","disable",16.4266378,2.49999997e-07,,
"SPI","enable",16.4268465,2.50000001e-07,,
"SPI","result",16.4268475,4e-06,0b00001010,0b00000000
"SPI","disable",16.4268518,2.49999997e-07,,
"SPI","enable",16.4268545,2.49999997e-07,,
"SPI","result",16.4268555,4e-06,0b00001110,0b00000000
"SPI","disable",16.4268597,2.50000001e-07,,
"SPI","enable",16.4268615,2.49999997e-07,,
"SPI","result",16.4268637,4.25e-06,0b00000000,0b00000000
"SPI","result",16.4268685,4e-06,0b00000101,0b00000000
"SPI","result",16.4268788,4e-06,0b00000100,0b00000000
"SPI","result",16.4268832,4e-06,0b00001001,0b00000000
"SPI","result",16.4268943,4e-06,0b00000110,0b00000000
"SPI","result",16.4268987,4.25e-06,0b00000100,0b00000000
"SPI","result",16.4269098,4e-06,0b00000010,0b00000000
"SPI","result",16.4269142,4.25e-06,0b00001110,0b00000000
"SPI","result",16.4269253,4e-06,0b00000110,0b00000000
"SPI","result",16.4269297,4.25e-06,0b00000100,0b00000000
"SPI","result",16.4269407,4e-06,0b00000010,0b00000000
"SPI","result",16.4269452,4.25e-06,0b00000001,0b00000000
"SPI","result",16.4269562,4e-06,0b00000011,0b00000000
"SPI","result",16.4269607,4.25e-06,0b00000100,0b00000000
"SPI","result",16.4269717,4e-06,0b00000010,0b00000000
"SPI","result",16.4269765,4e-06,0b00000001,0b00000000
"SPI","result",16.4269872,4e-06,0b00000001,0b00000000
"SPI","result",16.426992,4e-06,0b00000100,0b00000000
"SPI","result",16.4270027,4e-06,0b00000010,0b00000000
"SPI","result",16.4270075,4e-06,0b00001100,0b00000000
"SPI","result",16.4270182,4e-06,0b00000001,0b00000000
"SPI","result",16.427023,4e-06,0b00000100,0b00000000
"SPI","result",16.4270337,4e-06,0b00000010,0b00000000
"SPI","result",16.4270385,4e-06,0b00001100,0b00000000
"SPI","result",16.4270492,4e-06,0b00000001,0b00000000
"SPI","result",16.427054,4e-06,0b00000100,0b00000000
"SPI","result",16.4270647,4.25e-06,0b00000010,0b00000000
"SPI","result",16.4270695,4e-06,0b00001100,0b00000000
"SPI","result",16.4270802,4.25e-06,0b00000001,0b00000000
"SPI","result",16.427085,4e-06,0b00000100,0b00000000
"SPI","result",16.4270957,4.25e-06,0b00000010,0b00000000
"SPI","result",16.4271005,4e-06,0b00000001,0b00000000
"SPI","result",16.4271112,4.25e-06,0b00000000,0b00000000
"SPI","result",16.427116,4e-06,0b00000000,0b00000000
"SPI","disable",16.427124,2.49999997e-07,,
"SPI","enable",16.4271263,2.49999997e-07,,
"SPI","result",16.4271273,4e-06,0b00001101,0b00000000
"SPI","disable",16.4271315,2.49999997e-07,,
"SPI","enable",16.6083885,2.49999997e-07,,
"SPI","result",16.6083895,4e-06,0b00001010,0b00000000
"SPI","disable",16.6083938,2.49999997e-07,,
"SPI","enable",16.6083968,2.50000001e-07,,
"SPI","result",16.6083987,4.25e-06,0b00000010,0b00000000
"SPI","result",16.6084035,4e-06,0b00001000,0b00000000
"SPI","result",16.6084112,4.25e-06,0b00000001,0b00000000
"SPI","result",16.608416,4e-06,0b00001111,0b00000000
"SPI","disable",16.6084212,2.50000001e-07,,
"SPI","enable",16.6084235,2.50000001e-07,,
"SPI","result",16.6084257,4e-06,0b00000000,0b00000000
"SPI","result",16.6084305,4e-06,0b00001110,0b00000000
"SPI","result",16.6084382,4e-06,0b00000000,0b00000000
"SPI","result",16.608443,4e-06,0b00000001,0b00000000
"SPI","disable",16.6084482,2.50000005e-07,,
"SPI","enable",16.6084505,2.50000001e-07,,
"SPI","result",16.6084528,4e-06,0b00000000,0b00000000
"SPI","result",16.6084573,4.25e-06,0b00000001,0b00000000
"SPI","result",16.6084652,4e-06,0b00000110,0b00000000
"SPI","result",16.6084698,4.25e-06,0b00000010,0b00000000
"SPI","disable",16.608475,2.50000005e-07,,
"SPI","enable",16.6084775,2.49999997e-07,,
"SPI","result",16.6084795,4.25e-06,0b00000001,0b00000000
"SPI","result",16.6084843,4e-06,0b00001111,0b00000000
"SPI","result",16.608492,4e-06,0b00000000,0b00000000
"SPI","result",16.6084968,4e-06,0b00001111,0b00000000
"SPI","disable",16.608502,2.50000001e-07,,
"SPI","enable",16.6085057,2.49999997e-07,,
"SPI","result",16.608508,4e-06,0b00000000,0b00000000
"SPI","result",16.6085127,4e-06,0b00001111,0b00000000
"SPI","result",16.6085205,4e-06,0b00000000,0b00000000
"SPI","result",16.6085252,4e-06,0b00000100,0b00000000
"SPI","disable",16.6085305,2.49999997e-07,,
"SPI","enable",16.6085327,2.50000005e-07,,
"SPI","result",16.608535,4e-06,0b00000000,0b00000000
"SPI","result",16.6085395,4.25e-06,0b00001011,0b00000000
"SPI","result",16.6085475,4e-06,0b00000000,0b00000000
"SPI","result",16.608552,4e-06,0b00000001,0b00000000
"SPI","disable",16.6085573,2.49999997e-07,,
"SPI","enable",16.6085598,2.50000001e-07,,
"SPI","result",16.6085617,4.25e-06,0b00000000,0b00000000
"SPI","result",16.6085665,4e-06,0b00000011,0b00000000
"SPI","result",16.6085743,4e-06,0b00000000,0b00000000
"SPI","result",16.608579,4e-06,0b00001111,0b00000000
"SPI","disable",16.6085842,2.50000001e-07,,
"SPI","enable",16.608793,2.50000005e-07,,
"SPI","result",16.608794,4e-06,0b00001010,0b00000000
"SPI","disable",16.608798,2.50000001e-07,,
"SPI","enable",16.608801,2.50000001e-07,,
"SPI","result",16.608802,4e-06,0b00001110,0b00000000
"SPI","disable",16.608806,2.50000001e-07,,
"SPI","enable",16.6088078,2.50000001e-07,,
"SPI","result",16.6088103,4e-06,0b00000000,0b00000000
"SPI","result",16.608815,4e-06,0b00000101,0b00000000
"SPI","result",16.608825,4e-06,0b00000100,0b00000000
"SPI","result",16.6088298,4e-06,0b00001001,0b00000000
"SPI","result",16.6088405,4e-06,0b00000110,0b00000000
"SPI","result",16.6088453,4e-06,0b00000100,0b00000000
"SPI","result",16.608856,4e-06,0b00000010,0b00000000
"SPI","result",16.6088607,4e-06,0b00001110,0b00000000
"SPI","result",16.6088715,4.25e-06,0b00000110,0b00000000
"SPI","result",16.6088763,4e-06,0b00000100,0b00000000
"SPI","result",16.608887,4.25e-06,0b00000010,0b00000000
"SPI","result",16.6088918,4e-06,0b00000001,0b00000000
"SPI","result",16.6089025,4.25e-06,0b00000011,0b00000000
"SPI","result",16.6089073,4e-06,0b00000100,0b00000000
"SPI","result",16.608918,4.25e-06,0b00000010,0b00000000
"SPI","result",16.6089228,4e-06,0b00000001,0b00000000
"SPI","result",16.6089335,4.25e-06,0b00000001,0b00000000
"SPI","result",16.6089383,4e-06,0b00000100,0b00000000
"SPI","result",16.6089492,4e-06,0b00000010,0b00000000
"SPI","result",16.6089538,4e-06,0b00001100,0b00000000
"SPI","result",16.6089647,4e-06,0b00000001,0b00000000
"SPI","result",16.6089693,4.25e-06,0b00000100,0b00000000
"SPI","result",16.6089802,4e-06,0b00000010,0b00000000
"SPI","result",16.6089848,4.25e-06,0b00001100,0b00000000
"SPI","result",16.6089957,4e-06,0b00000001,0b00000000
"SPI","result",16.6090003,4.25e-06,0b00000100,0b00000000
"SPI","result",16.6090112,4e-06,0b00000010,0b00000000
"SPI","result",16.609016,4e-06,0b00001100,0b00000000
"SPI","result",16.6090268,4e-06,0b00000001,0b00000000
"SPI","result",16.6090313,4.25e-06,0b00000100,0b00000000
"SPI","result",16.6090423,4e-06,0b00000010,0b00000000
"SPI","result",16.609047,4e-06,0b00000001,0b00000000
"SPI","result",16.6090578,4e-06,0b00000000,0b00000000
"SPI","result",16.6090625,4e-06,0b00000000,0b00000000
"SPI","disable",16.6090705,2.49999997e-07,,
"SPI","enable",16.6090727,2.50000001e-07,,
"SPI","result",16.6090738,4e-06,0b00001101,0b00000000
"SPI","disable",16.6090778,2.50000001e-07,,
"SPI","enable",16.7826362,2.50000001e-07,,
"SPI","result",16.7826373,4e-06,0b00001010,0b00000000
"SPI","disable",16.7826413,2.50000001e-07,,
"SPI","enable",16.7826443,2.49999997e-07,,
"SPI","result",16.7826465,4e-06,0b00000010,0b00000000
"SPI","result",16.7826513,4e-06,0b00001000,0b00000000
"SPI","result",16.782659,4e-06,0b00000001,0b00000000
"SPI","result",16.7826638,4e-06,0b00001111,0b00000000
"SPI","disable",16.782669,2.50000005e-07,,
"SPI","enable",16.7826712,2.50000001e-07,,
"SPI","result",16.7826735,4e-06,0b00000000,0b00000000
"SPI","result",16.782678,4.25e-06,0b00001110,0b00000000
"SPI","result",16.7826857,4.25e-06,0b00000000,0b00000000
"SPI","result",16.7826905,4e-06,0b00000001,0b00000000
"SPI","disable",16.7826957,2.50000001e-07,,
"SPI","enable",16.782698,2.49999997e-07,,
"SPI","result",16.7827003,4.25e-06,0b00000000,0b00000000
"SPI","result",16.782705,4e-06,0b00000001,0b00000000
"SPI","result",16.7827128,4e-06,0b00000110,0b00000000
"SPI","result",16.7827175,4e-06,0b00000010,0b00000000
"SPI","disable",16.7827228,2.50000001e-07,,
"SPI","enable",16.782725,2.50000001e-07,,
"SPI","result",16.7827273,4e-06,0b00000001,0b00000000
"SPI","result",16.782732,4e-06,0b00001111,0b00000000
"SPI","result",16.7827398,4e-06,0b00000000,0b00000000
"SPI","result",16.7827445,4e-06,0b00001111,0b00000000
"SPI","disable",16.7827498,2.50000001e-07,,
"SPI","enable",16.7827535,2.50000001e-07,,
"SPI","result",16.7827557,4e-06,0b00000000,0b00000000
"SPI","result",16.7827602,4.25e-06,0b00001111,0b00000000
"SPI","result",16.782768,4.25e-06,0b00000000,0b00000000
"SPI","result",16.7827727,4e-06,0b00000100,0b00000000
"SPI","disable",16.782778,2.49999997e-07,,
"SPI","enable",16.7827805,2.50000001e-07,,
"SPI","result",16.7827825,4.25e-06,0b00000000,0b00000000
"SPI","result",16.7827872,4e-06,0b00001011,0b00000000
"SPI","result",16.782795,4e-06,0b00000000,0b00000000
"SPI","result",16.7827997,4e-06,0b00000001,0b00000000
"SPI","disable",16.782805,2.49999997e-07,,
"SPI","enable",16.7828073,2.49999997e-07,,
"SPI","result",16.7828095,4e-06,0b00000000,0b00000000
"SPI","result",16.7828143,3.99999999e-06,0b00000011,0b00000000
"SPI","result",16.782822,4e-06,0b00000000,0b00000000
"SPI","result",16.7828268,4e-06,0b00001111,0b00000000
"SPI","disable",16.782832,2.50000001e-07,,
"SPI","enable",16.783041,2.49999997e-07,,
"SPI","result",16.783042,4e-06,0b00001010,0b00000000
"SPI","disable",16.7830463,2.49999997e-07,,
"SPI","enable",16.783049,2.50000001e-07,,
"SPI","result",16.78305,4e-06,0b00001110,0b00000000
"SPI","disable",16.7830542,2.49999997e-07,,
"SPI","enable",16.783056,2.50000005e-07,,
"SPI","result",16.7830582,4e-06,0b00000000,0b00000000
"SPI","result",16.783063,4e-06,0b00000101,0b00000000
"SPI","result",16.783073,4.25e-06,0b00000100,0b00000000
"SPI","result",16.7830778,4e-06,0b00001001,0b00000000
"SPI","result",16.7830885,4.25e-06,0b00000110,0b00000000
"SPI","result",16.7830933,4e-06,0b00000100,0b00000000
"SPI","result",16.783104,4.25e-06,0b00000010,0b00000000
"SPI","result",16.7831088,4e-06,0b00001111,0b00000000
"SPI","result",16.7831198,4e-06,0b00000110,0b00000000
"SPI","result",16.7831243,4e-06,0b00000100,0b00000000
"SPI","result",16.7831353,4e-06,0b00000010,0b00000000
"SPI","result",16.7831398,4.25e-06,0b00000001,0b00000000
"SPI","result",16.7831508,4e-06,0b00000011,0b00000000
"SPI","result",16.7831553,4.25e-06,0b00000100,0b00000000
"SPI","result",16.7831663,4e-06,0b00000010,0b00000000
"SPI","result",16.7831708,4.25e-06,0b00000001,0b00000000
"SPI","result",16.7831818,4e-06,0b00000001,0b00000000
"SPI","result",16.7831862,4.25e-06,0b00000100,0b00000000
"SPI","result",16.7831973,4e-06,0b00000010,0b00000000
"SPI","result",16.783202,4e-06,0b00001100,0b00000000
"SPI","result",16.7832127,4e-06,0b00000001,0b00000000
"SPI","result",16.7832175,4e-06,0b00000100,0b00000000
"SPI","result",16.7832283,4e-06,0b00000010,0b00000000
"SPI","result",16.783233,4e-06,0b00001100,0b00000000
"SPI","result",16.7832438,4e-06,0b00000001,0b00000000
"SPI","result",16.7832485,4e-06,0b00000100,0b00000000
"SPI","result",16.7832593,4e-06,0b00000010,0b00000000
"SPI","result",16.783264,4e-06,0b00001100,0b00000000
"SPI","result",16.7832748,4.25e-06,0b00000001,0b00000000
"SPI","result",16.7832795,4e-06,0b00000100,0b00000000
"SPI","result",16.7832903,4.25e-06,0b00000010,0b00000000
"SPI","result",16.783295,4e-06,0b00000001,0b00000000
"SPI","result",16.7833058,4.25e-06,0b00000000,0b00000000
"SPI","result",16.7833105,4e-06,0b00000000,0b00000000
"SPI","disable",16.7833185,2.49999997e-07,,
"SPI","enable",16.7833208,2.49999997e-07,,
"SPI","result",16.7833217,4e-06,0b00001101,0b00000000
"SPI","disable",16.783326,2.50000001e-07,,
"SPI","enable",17.0007925,2.49999997e-07,,
"SPI","result",17.0007935,4e-06,0b00001010,0b00000000
"SPI","disable",17.0007975,2.50000001e-07,,
"SPI","enable",17.0008005,2.49999997e-07,,
"SPI","result",17.0008027,4e-06,0b00000010,0b00000000
"SPI","result",17.0008075,4e-06,0b00001000,0b00000000
"SPI","result",17.0008152,4e-06,0b00000001,0b00000000
"SPI","result",17.00082,4e-06,0b00001111,0b00000000
"SPI","disable",17.0008252,2.50000005e-07,,
"SPI","enable",17.0008275,2.50000001e-07,,
"SPI","result",17.0008295,4.25e-06,0b00000000,0b00000000
"SPI","result",17.0008343,4e-06,0b00001110,0b00000000
"SPI","result",17.000842,4.25e-06,0b00000000,0b00000000
"SPI","result",17.0008468,4e-06,0b00000001,0b00000000
"SPI","disable",17.000852,2.50000001e-07,,
"SPI","enable",17.0008542,2.49999997e-07,,
"SPI","result",17.0008565,4e-06,0b00000000,0b00000000
"SPI","result",17.0008612,4e-06,0b00000001,0b00000000
"SPI","result",17.000869,4e-06,0b00000110,0b00000000
"SPI","result",17.0008738,4e-06,0b00000010,0b00000000
"SPI","disable",17.000879,2.50000001e-07,,
"SPI","enable",17.0008812,2.50000001e-07,,
"SPI","result",17.0008835,4e-06,0b00000001,0b00000000
"SPI","result",17.0008882,4e-06,0b00001111,0b00000000
"SPI","result",17.000896,4e-06,0b00000000,0b00000000
"SPI","result",17.0009005,4.25e-06,0b00001111,0b00000000
"SPI","disable",17.000906,2.50000001e-07,,
"SPI","enable",17.0009098,2.49999997e-07,,
"SPI","result",17.0009118,4.25e-06,0b00000000,0b00000000
"SPI","result",17.0009165,4e-06,0b00001111,0b00000000
"SPI","result",17.0009243,4.25e-06,0b00000000,0b00000000
"SPI","result",17.000929,4e-06,0b00000100,0b00000000
"SPI","disable",17.0009342,2.50000001e-07,,
"SPI","enable",17.0009365,2.49999997e-07,,
"SPI","result",17.0009387,4e-06,0b00000000,0b00000000
"SPI","result",17.0009435,4e-06,0b00001011,0b00000000
"SPI","result",17.0009512,4e-06,0b00000000,0b00000000
"SPI","result",17.000956,4e-06,0b00000001,0b00000000
"SPI","disable",17.0009612,2.49999997e-07,,
"SPI","enable",17.0009635,2.49999997e-07,,
"SPI","result",17.0009657,4e-06,0b00000000,0b00000000
"SPI","result",17.0009703,4.25e-06,0b00000011,0b00000000
"SPI","result",17.0009782,4e-06,0b00000000,0b00000000
"SPI","result",17.0009827,4.25e-06,0b00001111,0b00000000
"SPI","disable",17.000988,2.49999997e-07,,
"SPI","enable",17.0011973,2.49999997e-07,,
"SPI","result",17.0011983,4e-06,0b00001010,0b00000000
"SPI","disable",17.0012022,2.50000005e-07,,
"SPI","enable",17.0012053,2.49999997e-07,,
"SPI","result",17.0012062,4e-06,0b00001110,0b00000000
"SPI","disable",17.0012102,2.49999997e-07,,
"SPI","enable",17.001212,2.49999997e-07,,
"SPI","result",17.0012145,4e-06,0b00000000,0b00000000
"SPI","result",17.0012192,4e-06,0b00000101,0b00000000
"SPI","result",17.0012293,4e-06,0b00000100,0b00000000
"SPI","result",17.001234,4e-06,0b00001001,0b00000000
"SPI","result",17.0012448,4e-06,0b00000110,0b00000000
"SPI","result",17.0012495,4e-06,0b00000100,0b00000000
"SPI","result",17.0012603,4.25e-06,0b00000010,0b00000000
"SPI","result",17.001265,4e-06,0b00001111,0b00000000
"SPI","result",17.0012758,4.25e-06,0b00000110,0b00000000
"SPI","result",17.0012805,4e-06,0b00000100,0b00000000
"SPI","result",17.0012913,4.25e-06,0b00000010,0b00000000
"SPI","result",17.001296,4e-06,0b00000001,0b00000000
"SPI","result",17.0013068,4.25e-06,0b00000011,0b00000000
"SPI","result",17.0013115,4e-06,0b00000100,0b00000000
"SPI","result",17.0013225,4e-06,0b00000010,0b00000000
"SPI","result",17.001327,4e-06,0b00000001,0b00000000
"SPI","result",17.001338,4e-06,0b00000001,0b00000000
"SPI","result",17.0013425,4.25e-06,0b00000100,0b00000000
"SPI","result",17.0013535,4e-06,0b00000010,0b00000000
"SPI","result",17.001358,4.25e-06,0b00001100,0b00000000
"SPI","result",17.001369,4e-06,0b00000001,0b00000000
"SPI","result",17.0013735,4.25e-06,0b00000100,0b00000000
"SPI","result",17.0013845,4e-06,0b00000010,0b00000000
"SPI","result",17.0013892,4e-06,0b00001100,0b00000000
"SPI","result",17.0014,4e-06,0b00000001,0b00000000
"SPI","result",17.0014047,4e-06,0b00000100,0b00000000
"SPI","result",17.0014155,4e-06,0b00000010,0b00000000
"SPI","result",17.0014202,4e-06,0b00001100,0b00000000
"SPI","result",17.001431,4e-06,0b00000001,0b00000000
"SPI","result",17.0014357,4e-06,0b00000100,0b00000000
"SPI","result",17.0014465,4e-06,0b00000010,0b00000000
"SPI","result",17.0014512,4e-06,0b00000001,0b00000000
"SPI","result",17.001462,4e-06,0b00000000,0b00000000
"SPI","result",17.0014667,4e-06,0b00000000,0b00000000
"SPI","disable",17.0014747,2.49999997e-07,,
"SPI","enable",17.001477,2.49999997e-07,,
"SPI","result",17.001478,4e-06,0b00001101,0b00000000
"SPI","disable",17.0014822,2.50000005e-07,,
"SPI","enable",17.2467348,2.49999997e-07,,
"SPI","result",17.2467355,4.25e-06,0b00001010,0b00000000
"SPI","disable",17.2467397,2.49999997e-07,,
"SPI","enable",17.2467427,2.50000001e-07,,
"SPI","result",17.246745,4e-06,0b00000010,0b00000000
"SPI","result",17.2467495,4.25e-06,0b00001000,0b00000000
"SPI","result",17.2467575,4e-06,0b00000001,0b00000000
"SPI","result",17.246762,4e-06,0b00001111,0b00000000
"SPI","disable",17.2467673,2.50000001e-07,,
"SPI","enable",17.2467697,2.50000001e-07,,
"SPI","result",17.2467718,4.25e-06,0b00000000,0b00000000
"SPI","result",17.2467765,4e-06,0b00001110,0b00000000
"SPI","result",17.2467843,4e-06,0b00000000,0b00000000
"SPI","result",17.246789,4e-06,0b00000001,0b00000000
"SPI","disable",17.2467943,2.50000001e-07,,
"SPI","enable",17.2467965,2.50000005e-07,,
"SPI","result",17.2467988,4e-06,0b00000000,0b00000000
"SPI","result",17.2468035,4e-06,0b00000001,0b00000000
"SPI","result",17.2468113,4e-06,0b00000110,0b00000000
"SPI","result",17.2468157,4.25e-06,0b00000010,0b00000000
"SPI","disable",17.2468212,2.49999997e-07,,
"SPI","enable",17.2468235,2.49999997e-07,,
"SPI","result",17.2468257,4e-06,0b00000001,0b00000000
"SPI","result",17.2468302,4.25e-06,0b00001111,0b00000000
"SPI","result",17.246838,4.25e-06,0b00000000,0b00000000
"SPI","result",17.2468427,4e-06,0b00001111,0b00000000
"SPI","disable",17.246848,2.50000001e-07,,
"SPI","enable",17.246852,2.50000001e-07,,
"SPI","result",17.246854,4.25e-06,0b00000000,0b00000000
"SPI","result",17.2468587,4e-06,0b00001111,0b00000000
"SPI","result",17.2468665,4e-06,0b00000000,0b00000000
"SPI","result",17.2468713,4e-06,0b00000100,0b00000000
"SPI","disable",17.2468765,2.50000001e-07,,
"SPI","enable",17.2468788,2.50000001e-07,,
"SPI","result",17.246881,4e-06,0b00000000,0b00000000
"SPI","result",17.2468858,4e-06,0b00001011,0b00000000
"SPI","result",17.2468935,4e-06,0b00000000,0b00000000
"SPI","result",17.2468983,4e-06,0b00000001,0b00000000
"SPI","disable",17.2469035,2.50000005e-07,,
"SPI","enable",17.2469057,2.50000001e-07,,
"SPI","result",17.246908,4e-06,0b00000000,0b00000000
"SPI","result",17.2469125,4.25e-06,0b00000011,0b00000000
"SPI","result",17.2469205,4e-06,0b00000000,0b00000000
"SPI","result",17.246925,4e-06,0b00001111,0b00000000
"SPI","disable",17.2469302,2.50000005e-07,,
"SPI","enable",17.2471385,2.50000005e-07,,
"SPI","result",17.2471393,4.25e-06,0b00001010,0b00000000
"SPI","disable",17.2471435,2.50000001e-07,,
"SPI","enable",17.2471465,2.50000001e-07,,
"SPI","result",17.2471475,4e-06,0b00001110,0b00000000
"SPI","disable",17.2471515,2.50000001e-07,,
"SPI","enable",17.2471533,2.50000001e-07,,
"SPI","result",17.2471558,4e-06,0b00000000,0b00000000
"SPI","result",17.2471603,4.25e-06,0b00000101,0b00000000
"SPI","result",17.2471705,4e-06,0b00000100,0b00000000
"SPI","result",17.2471753,4e-06,0b00001001,0b00000000
"SPI","result",17.247186,4e-06,0b00000110,0b00000000
"SPI","result",17.2471908,4e-06,0b00000100,0b00000000
"SPI","result",17.2472015,4e-06,0b00000011,0b00000000
"SPI","result",17.2472063,4e-06,0b00000000,0b00000000
"SPI","result",17.247217,4.25e-06,0b00000110,0b00000000
"SPI","result",17.2472218,4e-06,0b00000100,0b00000000
"SPI","result",17.2472325,4.25e-06,0b00000010,0b00000000
"SPI","result",17.2472373,4e-06,0b00000001,0b00000000
"SPI","result",17.247248,4.25e-06,0b00000011,0b00000000
"SPI","result",17.2472528,4e-06,0b00000100,0b00000000
"SPI","result",17.2472635,4.25e-06,0b00000010,0b00000000
"SPI","result",17.2472683,4e-06,0b00000001,0b00000000
"SPI","result",17.2472792,4e-06,0b00000001,0b00000000
"SPI","result",17.2472838,4e-06,0b00000100,0b00000000
"SPI","result",17.2472947,4e-06,0b00000010,0b00000000
"SPI","result",17.2472993,4.25e-06,0b00001100,0b00000000
"SPI","result",17.2473103,4e-06,0b00000001,0b00000000
"SPI","result",17.2473148,4.25e-06,0b00000100,0b00000000
"SPI","result",17.2473258,4e-06,0b00000010,0b00000000
"SPI","result",17.2473305,4e-06,0b00001100,0b00000000
"SPI","result",17.2473413,4e-06,0b00000001,0b00000000
"SPI","result",17.247346,4e-06,0b00000100,0b00000000
"SPI","result",17.2473568,4e-06,0b00000010,0b00000000
"SPI","result",17.2473615,4e-06,0b00001100,0b00000000
"SPI","result",17.2473723,4e-06,0b00000001,0b00000000
"SPI","result",17.247377,4e-06,0b00000100,0b00000000
"SPI","result",17.2473878,4e-06,0b00000010,0b00000000
"SPI","result",17.2473925,4e-06,0b00000001,0b00000000
"SPI","result",17.2474033,4e-06,0b00000000,0b00000000
"SPI","result",17.247408,4e-06,0b00000000,0b00000000
"SPI","disable",17.247416,2.50000001e-07,,
"SPI","enable",17.2474182,2.50000001e-07,,
"SPI","result",17.2474193,4e-06,0b00001101,0b00000000
"SPI","disable",17.2474235,2.49999997e-07,,
"SPI","enable",17.392554,2.50000001e-07,,
"SPI","result",17.392555,4e-06,0b00001010,0b00000000
"SPI","disable",17.3925593,2.49999997e-07,,
"SPI","enable",17.392562,2.50000001e-07,,
"SPI","result",17.3925642,4.25e-06,0b00000010,0b00000000
"SPI","result",17.392569,4e-06,0b00001000,0b00000000
"SPI","result",17.3925767,4e-06,0b00000001,0b00000000
"SPI","result",17.3925815,4e-06,0b00001111,0b00000000
"SPI","disable",17.3925867,2.50000001e-07,,
"SPI","enable",17.392589,2.50000001e-07,,
"SPI","result",17.3925912,4e-06,0b00000000,0b00000000
"SPI","result",17.392596,4e-06,0b00001110,0b00000000
"SPI","result",17.3926037,4e-06,0b00000000,0b00000000
"SPI","result",17.3926082,4.25e-06,0b00000001,0b00000000
"SPI","disable",17.3926137,2.49999997e-07,,
"SPI","enable",17.392616,2.49999997e-07,,
"SPI","result",17.392618,4.25e-06,0b00000000,0b00000000
"SPI","result",17.3926228,4e-06,0b00000001,0b00000000
"SPI","result",17.3926305,4.25e-06,0b00000110,0b00000000
"SPI","result",17.3926353,4e-06,0b00000010,0b00000000
"SPI","disable",17.3926405,2.50000005e-07,,
"SPI","enable",17.3926428,2.50000001e-07,,
"SPI","result",17.392645,4e-06,0b00000001,0b00000000
"SPI","result",17.3926498,4e-06,0b00001111,0b00000000
"SPI","result",17.3926575,4e-06,0b00000000,0b00000000
"SPI","result",17.3926623,4e-06,0b00001111,0b00000000
"SPI","disable",17.3926675,2.49999997e-07,,
"SPI","enable",17.3926712,2.50000001e-07,,
"SPI","result",17.3926735,4e-06,0b00000000,0b00000000
"SPI","result",17.3926782,4e-06,0b00001111,0b00000000
"SPI","result",17.392686,4e-06,0b00000000,0b00000000
"SPI","result",17.3926907,4e-06,0b00000100,0b00000000
"SPI","disable",17.392696,2.50000001e-07,,
"SPI","enable",17.3926982,2.50000005e-07,,
"SPI","result",17.3927005,4e-06,0b00000000,0b00000000
"SPI","result",17.392705,4.25e-06,0b00001011,0b00000000
"SPI","result",17.3927128,4.25e-06,0b00000000,0b00000000
"SPI","result",17.3927175,4e-06,0b00000001,0b00000000
"SPI","disable",17.3927228,2.50000001e-07,,
"SPI","enable",17.392725,2.50000005e-07,,
"SPI","result",17.3927273,4.25e-06,0b00000000,0b00000000
"SPI","result",17.392732,4e-06,0b00000011,0b00000000
"SPI","result",17.3927398,4e-06,0b00000000,0b00000000
"SPI","result",17.3927445,4e-06,0b00001111,0b00000000
"SPI","disable",17.3927498,2.50000001e-07,,
"SPI","enable",17.3929578,2.49999997e-07,,
"SPI","result",17.3929587,4e-06,0b00001010,0b00000000
"SPI","disable",17.392963,2.49999997e-07,,
"SPI","enable",17.3929657,2.50000001e-07,,
"SPI","result",17.3929667,4e-06,0b00001110,0b00000000
"SPI","disable",17.392971,2.50000001e-07,,
"SPI","enable",17.3929727,2.50000005e-07,,
"SPI","result",17.392975,4.25e-06,0b00000000,0b00000000
"SPI","result",17.3929797,4e-06,0b00000101,0b00000000
"SPI","result",17.3929898,4.25e-06,0b00000100,0b00000000
"SPI","result",17.3929945,4e-06,0b00001001,0b00000000
"SPI","result",17.3930055,4e-06,0b00000110,0b00000000
"SPI","result",17.39301,4e-06,0b00000100,0b00000000
"SPI","result",17.393021,4e-06,0b00000011,0b00000000
"SPI","result",17.3930255,4.25e-06,0b00000000,0b00000000
"SPI","result",17.3930365,4e-06,0b00000110,0b00000000
"SPI","result",17.393041,4.25e-06,0b00000100,0b00000000
"SPI","result",17.393052,4e-06,0b00000010,0b00000000
"SPI","result",17.3930565,4.25e-06,0b00000001,0b00000000
"SPI","result",17.3930675,4e-06,0b00000011,0b00000000
"SPI","result",17.393072,4.25e-06,0b00000100,0b00000000
"SPI","result",17.393083,4e-06,0b00000010,0b00000000
"SPI","result",17.3930877,4e-06,0b00000001,0b00000000
"SPI","result",17.3930985,4e-06,0b00000001,0b00000000
"SPI","result",17.3931032,4e-06,0b00000100,0b00000000
"SPI","result",17.393114,4e-06,0b00000010,0b00000000
"SPI","result",17.3931187,4e-06,0b00001100,0b00000000
"SPI","result",17.3931295,4e-06,0b00000001,0b00000000
"SPI","result",17.3931342,4e-06,0b00000100,0b00000000
"SPI","result",17.393145,4e-06,0b00000010,0b00000000
"SPI","result",17.3931497,4e-06,0b00001100,0b00000000
"SPI","result",17.3931605,4e-06,0b00000001,0b00000000
"SPI","result",17.3931652,4e-06,0b00000100,0b00000000
"SPI","result",17.393176,4.25e-06,0b00000010,0b00000000
"SPI","result",17.3931807,4e-06,0b00001100,0b00000000
"SPI","result",17.3931915,4.25e-06,0b00000001,0b00000000
"SPI","result",17.3931962,4e-06,0b00000100,0b00000000
"SPI","result",17.393207,4.25e-06,0b00000010,0b00000000
"SPI","result",17.3932117,4e-06,0b00000001,0b00000000
"SPI","result",17.3932225,4.25e-06,0b00000000,0b00000000
"SPI","result",17.3932272,4e-06,0b00000000,0b00000000
"SPI","disable",17.3932353,2.49999997e-07,,
"SPI","enable",17.3932375,2.49999997e-07,,
"SPI","result",17.3932385,4e-06,0b00001101,0b00000000
"SPI","disable",17.3932427,2.50000001e-07,,
"SPI","enable",17.6025545,2.50000001e-07,,
"SPI","result",17.6025553,4.25e-06,0b00001010,0b00000000
"SPI","disable",17.6025595,2.49999997e-07,,
"SPI","enable",17.6025625,2.50000001e-07,,
"SPI","result",17.6025647,4e-06,0b00000010,0b00000000
"SPI","result",17.6025692,4.25e-06,0b00001000,0b00000000
"SPI","result",17.602577,4.25e-06,0b00000001,0b00000000
"SPI","result",17.6025817,4e-06,0b00001111,0b00000000
"SPI","disable",17.602587,2.50000001e-07,,
"SPI","enable",17.6025893,2.50000001e-07,,
"SPI","result",17.6025915,4.25e-06,0b00000000,0b00000000
"SPI","result",17.6025963,4e-06,0b00001110,0b00000000
"SPI","result",17.602604,4e-06,0b00000000,0b00000000
"SPI","result",17.6026088,4e-06,0b00000001,0b00000000
"SPI","disable",17.602614,2.50000001e-07,,
"SPI","enable",17.6026163,2.50000001e-07,,
"SPI","result",17.6026185,4e-06,0b00000000,0b00000000
"SPI","result",17.6026233,4e-06,0b00000001,0b00000000
"SPI","result",17.602631,4e-06,0b00000110,0b00000000
"SPI","result",17.6026355,4.25e-06,0b00000010,0b00000000
"SPI","disable",17.602641,2.50000001e-07,,
"SPI","enable",17.6026432,2.49999997e-07,,
"SPI","result",17.6026455,4e-06,0b00000001,0b00000000
"SPI","result",17.60265,4e-06,0b00001111,0b00000000
"SPI","result",17.6026577,4.25e-06,0b00000000,0b00000000
"SPI","result",17.6026625,4e-06,0b00001111,0b00000000
"SPI","disable",17.6026677,2.50000005e-07,,
"SPI","enable",17.6026715,2.49999997e-07,,
"SPI","result",17.6026738,4.25e-06,0b00000000,0b00000000
"SPI","result",17.6026785,4e-06,0b00001111,0b00000000
"SPI","result",17.6026863,4e-06,0b00000000,0b00000000
"SPI","result",17.602691,4e-06,0b00000100,0b00000000
"SPI","disable",17.6026963,2.50000001e-07,,
"SPI","enable",17.6026985,2.50000001e-07,,
"SPI","result",17.6027008,4e-06,0b00000000,0b00000000
"SPI","result",17.6027055,4e-06,0b00001011,0b00000000
"SPI","result",17.6027133,4e-06,0b00000000,0b00000000
"SPI","result",17.6027178,4.25e-06,0b00000001,0b00000000
"SPI","disable",17.6027233,2.50000001e-07,,
"SPI","enable",17.6027255,2.50000005e-07,,
"SPI","result",17.6027275,4.25e-06,0b00000000,0b00000000
"SPI","result",17.6027322,4e-06,0b00000011,0b00000000
"SPI","result",17.60274,4.25e-06,0b00000000,0b00000000
"SPI","result",17.6027447,4e-06,0b00001111,0b00000000
"SPI","disable",17.60275,2.50000001e-07,,
"SPI","enable",17.6029585,2.49999997e-07,,
"SPI","result",17.6029593,4.25e-06,0b00001010,0b00000000
"SPI","disable",17.6029635,2.49999997e-07,,
"SPI","enable",17.6029665,2.49999997e-07,,
"SPI","result",17.6029675,4e-06,0b00001110,0b00000000
"SPI","disable",17.6029715,2.49999997e-07,,
"SPI","enable",17.6029733,2.49999997e-07,,
"SPI","result",17.6029757,4e-06,0b00000000,0b00000000
"SPI","result",17.6029803,4.25e-06,0b00000101,0b00000000
"SPI","result",17.6029905,4e-06,0b00000100,0b00000000
"SPI","result",17.6029952,4e-06,0b00001001,0b00000000
"SPI","result",17.603006,4e-06,0b00000110,0b00000000
"SPI","result",17.6030107,4e-06,0b00000100,0b00000000
"SPI","result",17.6030215,4e-06,0b00000011,0b00000000
"SPI","result",17.6030262,4e-06,0b00000001,0b00000000
"SPI","result",17.603037,4e-06,0b00000110,0b00000000
"SPI","result",17.6030417,4e-06,0b00000100,0b00000000
"SPI","result",17.6030525,4.25e-06,0b00000010,0b00000000
"SPI","result",17.6030572,4e-06,0b00000001,0b00000000
"SPI","result",17.603068,4.25e-06,0b00000011,0b00000000
"SPI","result",17.6030727,4e-06,0b00000100,0b00000000
"SPI","result",17.6030835,4.25e-06,0b00000010,0b00000000
"SPI","result",17.6030882,4e-06,0b00000001,0b00000000
"SPI","result",17.603099,4.25e-06,0b00000001,0b00000000
"SPI","result",17.6031037,4e-06,0b00000100,0b00000000
"SPI","result",17.6031147,4e-06,0b00000010,0b00000000
"SPI","result",17.6031192,4e-06,0b00001100,0b00000000
"SPI","result",17.6031302,4e-06,0b00000001,0b00000000
"SPI","result",17.6031347,4.25e-06,0b00000100,0b00000000
"SPI","result",17.6031457,4e-06,0b00000010,0b00000000
"SPI","result",17.6031502,4.25e-06,0b00001100,0b00000000
"SPI","result",17.6031612,4e-06,0b00000001,0b00000000
"SPI","result",17.6031657,4.25e-06,0b00000100,0b00000000
"SPI","result",17.6031767,4e-06,0b00000010,0b00000000
"SPI","result",17.6031815,4e-06,0b00001100,0b00000000
"SPI","result",17.6031922,4e-06,0b00000001,0b00000000
"SPI","result",17.6031967,4.25e-06,0b00000100,0b00000000
"SPI","result",17.6032077,4e-06,0b00000010,0b00000000
"SPI","result",17.6032125,4e-06,0b00000001,0b00000000
"SPI","result",17.6032232,4e-06,0b00000000,0b00000000
"SPI","result",17.603228,4e-06,0b00000000,0b00000000
"SPI","disable",17.603236,2.49999997e-07,,
"SPI","enable",17.6032383,2.49999997e-07,,
"SPI","result",17.6032393,4e-06,0b00001101,0b00000000
"SPI","disable",17.6032432,2.50000001e-07,,
"SPI","enable",17.7841587,2.50000001e-07,,
"SPI","result",17.7841598,4e-06,0b00001010,0b00000000
"SPI","disable",17.784164,2.50000001e-07,,
"SPI","enable",17.784167,2.49999997e-07,,
"SPI","result",17.784169,4.25e-06,0b00000010,0b00000000
"SPI","result",17.7841738,4e-06,0b00001000,0b00000000
"SPI","result",17.7841815,4.25e-06,0b00000001,0b00000000
"SPI","result",17.7841863,4e-06,0b00001111,0b00000000
"SPI","disable",17.7841915,2.50000005e-07,,
"SPI","enable",17.7841938,2.50000001e-07,,
"SPI","result",17.784196,4e-06,0b00000000,0b00000000
"SPI","result",17.7842008,4e-06,0b00001110,0b00000000
"SPI","result",17.7842085,4e-06,0b00000000,0b00000000
"SPI","result",17.7842133,4e-06,0b00000001,0b00000000
"SPI","disable",17.7842185,2.49999997e-07,,
"SPI","enable",17.7842207,2.49999997e-07,,
"SPI","result",17.784223,4e-06,0b00000000,0b00000000
"SPI","result",17.7842275,4.25e-06,0b00000001,0b00000000
"SPI","result",17.7842355,4e-06,0b00000110,0b00000000
"SPI","result",17.78424,4e-06,0b00000010,0b00000000
"SPI","disable",17.7842453,2.50000001e-07,,
"SPI","enable",17.7842477,2.50000005e-07,,
"SPI","result",17.7842498,4.25e-06,0b00000001,0b00000000
"SPI","result",17.7842545,4e-06,0b00001111,0b00000000
"SPI","result",17.7842623,4e-06,0b00000000,0b00000000
"SPI","result",17.784267,4e-06,0b00001111,0b00000000
"SPI","disable",17.7842723,2.49999997e-07,,
"SPI","enable",17.784276,2.50000005e-07,,
"SPI","result",17.7842782,4e-06,0b00000000,0b00000000
"SPI","result",17.784283,4e-06,0b00001111,0b00000000
"SPI","result",17.7842908,4e-06,0b00000000,0b00000000
"SPI","result",17.7842955,4e-06,0b00000100,0b00000000
"SPI","disable",17.7843007,2.50000001e-07,,
"SPI","enable",17.784303,2.50000001e-07,,
"SPI","result",17.7843052,4e-06,0b00000000,0b00000000
"SPI","result",17.7843097,4.25e-06,0b00001011,0b00000000
"SPI","result",17.7843177,4e-06,0b00000000,0b00000000
"SPI","result",17.7843222,4e-06,0b00000001,0b00000000
"SPI","disable",17.7843275,2.50000001e-07,,
"SPI","enable",17.78433,2.49999997e-07,,
"SPI","result",17.784332,4.25e-06,0b00000000,0b00000000
"SPI","result",17.7843368,4e-06,0b00000011,0b00000000
"SPI","result",17.7843445,4e-06,0b00000000,0b00000000
"SPI","result",17.7843493,4e-06,0b00001111,0b00000000
"SPI","disable",17.7843545,2.50000001e-07,,
"SPI","enable",17.784563,2.50000005e-07,,
"SPI","result",17.7845638,4.25e-06,0b00001010,0b00000000
"SPI","disable",17.784568,2.50000001e-07,,
"SPI","enable",17.784571,2.50000001e-07,,
"SPI","result",17.7845718,4.25e-06,0b00001110,0b00000000
"SPI","disable",17.784576,2.50000001e-07,,
"SPI","enable",17.7845778,2.50000001e-07,,
"SPI","result",17.7845803,4e-06,0b00000000,0b00000000
"SPI","result",17.7845848,4.25e-06,0b00000101,0b00000000
"SPI","result",17.784595,4e-06,0b00000100,0b00000000
"SPI","result",17.7845998,4e-06,0b00001001,0b00000000
"SPI","result",17.7846105,4e-06,0b00000110,0b00000000
"SPI","result",17.7846153,4e-06,0b00000100,0b00000000
"SPI","result",17.784626,4e-06,0b00000011,0b00000000
"SPI","result",17.7846308,4e-06,0b00000001,0b00000000
"SPI","result",17.7846415,4e-06,0b00000110,0b00000000
"SPI","result",17.7846463,4e-06,0b00000100,0b00000000
"SPI","result",17.784657,4e-06,0b00000010,0b00000000
"SPI","result",17.7846618,4e-06,0b00000001,0b00000000
"SPI","result",17.7846725,4e-06,0b00000011,0b00000000
"SPI","result",17.7846773,4e-06,0b00000100,0b00000000
"SPI","result",17.784688,4.25e-06,0b00000010,0b00000000
"SPI","result",17.7846928,4e-06,0b00000001,0b00000000
"SPI","result",17.7847035,4.25e-06,0b00000001,0b00000000
"SPI","result",17.7847083,4e-06,0b00000100,0b00000000
"SPI","result",17.784719,4.25e-06,0b00000010,0b00000000
"SPI","result",17.7847238,4e-06,0b00001100,0b00000000
"SPI","result",17.7847345,4.25e-06,0b00000001,0b00000000
"SPI","result",17.7847393,4e-06,0b00000100,0b00000000
"SPI","result",17.7847502,4e-06,0b00000010,0b00000000
"SPI","result",17.7847548,4e-06,0b00001100,0b00000000
"SPI","result",17.7847657,4e-06,0b00000001,0b00000000
"SPI","result",17.7847703,4.25e-06,0b00000100,0b00000000
"SPI","result",17.7847813,4e-06,0b00000010,0b00000000
"SPI","result",17.7847858,4.25e-06,0b00001100,0b00000000
"SPI","result",17.7847968,4e-06,0b00000001,0b00000000
"SPI","result",17.7848013,4.25e-06,0b00000100,0b00000000
"SPI","result",17.7848123,4e-06,0b00000010,0b00000000
"SPI","result",17.7848168,4.25e-06,0b00000001,0b00000000
"SPI","result",17.7848278,4e-06,0b00000000,0b00000000
"SPI","result",17.7848325,4e-06,0b00000000,0b00000000
"SPI","disable",17.7848405,2.49999997e-07,,
"SPI","enable",17.7848427,2.49999997e-07,,
"SPI","result",17.7848438,4e-06,0b00001101,0b00000000
"SPI","disable",17.7848478,2.50000001e-07,,
"SPI","enable",18.0662103,2.50000001e-07,,
"SPI","result",18.0662113,4e-06,0b00001010,0b00000000
"SPI","disable",18.0662152,2.50000001e-07,,
"SPI","enable",18.0662182,2.50000005e-07,,
"SPI","result",18.0662205,4e-06,0b00000010,0b00000000
"SPI","result",18.0662252,4e-06,0b00001000,0b00000000
"SPI","result",18.066233,4e-06,0b00000001,0b00000000
"SPI","result",18.0662377,4e-06,0b00001111,0b00000000
"SPI","disable",18.066243,2.50000001e-07,,
"SPI","enable",18.0662453,2.50000001e-07,,
"SPI","result",18.0662472,4.25e-06,0b00000000,0b00000000
"SPI","result",18.066252,4.25e-06,0b00001110,0b00000000
"SPI","result",18.0662598,4.25e-06,0b00000000,0b00000000
"SPI","result",18.0662645,4e-06,0b00000001,0b00000000
"SPI","disable",18.0662698,2.50000001e-07,,
"SPI","enable",18.066272,2.50000001e-07,,
"SPI","result",18.0662742,4e-06,0b00000000,0b00000000
"SPI","result",18.066279,4e-06,0b00000001,0b00000000
"SPI","result",18.0662867,4e-06,0b00000110,0b00000000
"SPI","result",18.0662915,4e-06,0b00000010,0b00000000
"SPI","disable",18.0662967,2.50000001e-07,,
"SPI","enable",18.066299,2.50000001e-07,,
"SPI","result",18.0663013,4e-06,0b00000001,0b00000000
"SPI","result",18.066306,4e-06,0b00001111,0b00000000
"SPI","result",18.0663137,4e-06,0b00000000,0b00000000
"SPI","result",18.0663185,4e-06,0b00001111,0b00000000
"SPI","disable",18.0663237,2.50000001e-07,,
"SPI","enable",18.0663275,2.50000001e-07,,
"SPI","result",18.0663295,4.25e-06,0b00000000,0b00000000
"SPI","result",18.0663343,4e-06,0b00001111,0b00000000
"SPI","result",18.066342,4.25e-06,0b00000000,0b00000000
"SPI","result",18.0663468,4e-06,0b00000100,0b00000000
"SPI","disable",18.066352,2.50000001e-07,,
"SPI","enable",18.0663542,2.49999997e-07,,
"SPI","result",18.0663565,4e-06,0b00000000,0b00000000
"SPI","result",18.0663613,4e-06,0b00001011,0b00000000
"SPI","result",18.066369,4e-06,0b00000000,0b00000000
"SPI","result",18.0663738,4e-06,0b00000001,0b00000000
"SPI","disable",18.066379,2.50000001e-07,,
"SPI","enable",18.0663812,2.50000001e-07,,
"SPI","result",18.0663835,4e-06,0b00000000,0b00000000
"SPI","result",18.066388,4.25e-06,0b00000011,0b00000000
"SPI","result",18.066396,4e-06,0b00000000,0b00000000
"SPI","result",18.0664005,4.25e-06,0b00001111,0b00000000
"SPI","disable",18.066406,2.50000001e-07,,
"SPI","enable",18.0666143,2.49999997e-07,,
"SPI","result",18.0666153,4e-06,0b00001010,0b00000000
"SPI","disable",18.0666195,2.50000001e-07,,
"SPI","enable",18.0666223,2.50000001e-07,,
"SPI","result",18.0666232,4e-06,0b00001110,0b00000000
"SPI","disable",18.0666275,2.50000001e-07,,
"SPI","enable",18.0666292,2.50000005e-07,,
"SPI","result",18.0666315,4e-06,0b00000000,0b00000000
"SPI","result",18.0666362,4e-06,0b00000101,0b00000000
"SPI","result",18.0666463,4.25e-06,0b00000100,0b00000000
"SPI","result",18.066651,4e-06,0b00001001,0b00000000
"SPI","result",18.0666618,4.25e-06,0b00000110,0b00000000
"SPI","result",18.0666665,4e-06,0b00000100,0b00000000
"SPI","result",18.0666773,4.25e-06,0b00000011,0b00000000
"SPI","result",18.066682,4e-06,0b00000010,0b00000000
"SPI","result",18.066693,4e-06,0b00000110,0b00000000
"SPI","result",18.0666975,4e-06,0b00000100,0b00000000
"SPI","result",18.0667085,4e-06,0b00000010,0b00000000
"SPI","result",18.066713,4e-06,0b00000001,0b00000000
"SPI","result",18.066724,4e-06,0b00000011,0b00000000
"SPI","result",18.0667285,4.25e-06,0b00000100,0b00000000
"SPI","result",18.0667395,4e-06,0b00000010,0b00000000
"SPI","result",18.066744,4.25e-06,0b00000001,0b00000000
"SPI","result",18.066755,4e-06,0b00000001,0b00000000
"SPI","result",18.0667595,4.25e-06,0b00000100,0b00000000
"SPI","result",18.0667705,4e-06,0b00000010,0b00000000
"SPI","result",18.0667752,4e-06,0b00001100,0b00000000
"SPI","result",18.066786,4e-06,0b00000001,0b00000000
"SPI","result",18.0667905,4.25e-06,0b00000100,0b00000000
"SPI","result",18.0668015,4e-06,0b00000010,0b00000000
"SPI","result",18.0668062,4e-06,0b00001100,0b00000000
"SPI","result",18.066817,4e-06,0b00000001,0b00000000
"SPI","result",18.0668217,4e-06,0b00000100,0b00000000
"SPI","result",18.0668325,4e-06,0b00000010,0b00000000
"SPI","result",18.0668372,4e-06,0b00001100,0b00000000
"SPI","result",18.066848,4e-06,0b00000001,0b00000000
"SPI","result",18.0668527,4e-06,0b00000100,0b00000000
"SPI","result",18.0668635,4e-06,0b00000010,0b00000000
"SPI","result",18.0668682,4e-06,0b00000001,0b00000000
"SPI","result",18.066879,4.25e-06,0b00000000,0b00000000
"SPI","result",18.0668837,4e-06,0b00000000,0b00000000
"SPI","disable",18.0668917,2.50000001e-07,,
"SPI","enable",18.066894,2.50000001e-07,,
"SPI","result",18.066895,4e-06,0b00001101,0b00000000
"SPI","disable",18.0668992,2.50000005e-07,,
"SPI","enable",18.2118348,2.49999997e-07,,
"SPI","result",18.2118357,4e-06,0b00001010,0b00000000
"SPI","disable",18.21184,2.50000001e-07,,
"SPI","enable",18.211843,2.50000005e-07,,
"SPI","result",18.211845,4.25e-06,0b00000010,0b00000000
"SPI","result",18.2118497,4e-06,0b00001000,0b00000000
"SPI","result",18.2118575,4e-06,0b00000001,0b00000000
"SPI","result",18.2118622,4e-06,0b00001111,0b00000000
"SPI","disable",18.2118675,2.50000001e-07,,
"SPI","enable",18.2118698,2.50000001e-07,,
"SPI","result",18.211872,4e-06,0b00000000,0b00000000
"SPI","result",18.2118767,4e-06,0b00001110,0b00000000
"SPI","result",18.2118845,4e-06,0b00000000,0b00000000
"SPI","result",18.211889,4.25e-06,0b00000001,0b00000000
"SPI","disable",18.2118945,2.50000001e-07,,
"SPI","enable",18.2118968,2.50000001e-07,,
"SPI","result",18.2118987,4.25e-06,0b00000000,0b00000000
"SPI","result",18.2119035,4e-06,0b00000001,0b00000000
"SPI","result",18.2119112,4.25e-06,0b00000110,0b00000000
"SPI","result",18.211916,4e-06,0b00000010,0b00000000
"SPI","disable",18.2119212,2.50000001e-07,,
"SPI","enable",18.2119235,2.50000001e-07,,
"SPI","result",18.2119257,4e-06,0b00000001,0b00000000
"SPI","result",18.2119305,4e-06,0b00001111,0b00000000
"SPI","result",18.2119382,4e-06,0b00000000,0b00000000
"SPI","result",18.211943,4e-06,0b00001111,0b00000000
"SPI","disable",18.2119482,2.50000001e-07,,
"SPI","enable",18.211952,2.49999997e-07,,
"SPI","result",18.2119543,4e-06,0b00000000,0b00000000
"SPI","result",18.211959,4e-06,0b00001111,0b00000000
"SPI","result",18.2119667,4e-06,0b00000000,0b00000000
"SPI","result",18.2119713,4.25e-06,0b00000100,0b00000000
"SPI","disable",18.2119768,2.50000001e-07,,
"SPI","enable",18.211979,2.50000001e-07,,
"SPI","result",18.2119813,4e-06,0b00000000,0b00000000
"SPI","result",18.2119858,4e-06,0b00001011,0b00000000
"SPI","result",18.2119935,4.25e-06,0b00000000,0b00000000
"SPI","result",18.2119983,4e-06,0b00000001,0b00000000
"SPI","disable",18.2120035,2.49999997e-07,,
"SPI","enable",18.2120057,2.49999997e-07,,
"SPI","result",18.212008,4e-06,0b00000000,0b00000000
"SPI","result",18.2120127,4e-06,0b00000011,0b00000000
"SPI","result",18.2120205,4e-06,0b00000000,0b00000000
"SPI","result",18.2120252,4e-06,0b00001111,0b00000000
"SPI","disable",18.2120305,2.50000001e-07,,
"SPI","enable",18.212239,2.49999997e-07,,
"SPI","result",18.2122397,4.25e-06,0b00001010,0b00000000
"SPI","disable",18.212244,2.50000001e-07,,
"SPI","enable",18.2122467,2.50000005e-07,,
"SPI","result",18.2122477,4.25e-06,0b00001110,0b00000000
"SPI","disable",18.212252,2.49999997e-07,,
"SPI","enable",18.2122537,2.50000001e-07,,
"SPI","result",18.2122562,4e-06,0b00000000,0b00000000
"SPI","result",18.2122607,4.25e-06,0b00000101,0b00000000
"SPI","result",18.212271,4e-06,0b00000100,0b00000000
"SPI","result",18.2122757,4e-06,0b00001001,0b00000000
"SPI","result",18.2122865,4e-06,0b00000110,0b00000000
"SPI","result",18.212291,4.25e-06,0b00000100,0b00000000
"SPI","result",18.212302,4e-06,0b00000011,0b00000000
"SPI","result",18.2123067,4e-06,0b00000010,0b00000000
"SPI","result",18.2123175,4e-06,0b00000110,0b00000000
"SPI","result",18.2123222,4e-06,0b00000100,0b00000000
"SPI","result",18.212333,4e-06,0b00000010,0b00000000
"SPI","result",18.2123377,4e-06,0b00000001,0b00000000
"SPI","result",18.2123485,4e-06,0b00000011,0b00000000
"SPI","result",18.2123532,4e-06,0b00000100,0b00000000
"SPI","result",18.212364,4e-06,0b00000010,0b00000000
"SPI","result",18.2123687,4e-06,0b00000001,0b00000000
"SPI","result",18.2123795,4.25e-06,0b00000001,0b00000000
"SPI","result",18.2123842,4e-06,0b00000100,0b00000000
"SPI","result",18.212395,4.25e-06,0b00000010,0b00000000
"SPI","result",18.2123997,4e-06,0b00001100,0b00000000
"SPI","result",18.2124105,4.25e-06,0b00000001,0b00000000
"SPI","result",18.2124152,4e-06,0b00000100,0b00000000
"SPI","result",18.2124263,4e-06,0b00000010,0b00000000
"SPI","result",18.2124307,4e-06,0b00001100,0b00000000
"SPI","result",18.2124418,4e-06,0b00000001,0b00000000
"SPI","result",18.2124462,4e-06,0b00000100,0b00000000
"SPI","result",18.2124572,4e-06,0b00000010,0b00000000
"SPI","result",18.2124617,4.25e-06,0b00001100,0b00000000
"SPI","result",18.2124727,4e-06,0b00000001,0b00000000
"SPI","result",18.2124772,4.25e-06,0b00000100,0b00000000
"SPI","result",18.2124882,4e-06,0b00000010,0b00000000
"SPI","result",18.2124927,4.25e-06,0b00000001,0b00000000
"SPI","result",18.2125037,4e-06,0b00000000,0b00000000
"SPI","result",18.2125085,4e-06,0b00000000,0b00000000
"SPI","disable",18.2125165,2.50000001e-07,,
"SPI","enable",18.2125188,2.50000001e-07,,
"SPI","result",18.2125195,4.25e-06,0b00001101,0b00000000
"SPI","disable",18.2125237,2.49999997e-07,,
"SPI","enable",18.4217103,2.50000001e-07,,
"SPI","result",18.4217113,4e-06,0b00001010,0b00000000
"SPI","disable",18.4217155,2.49999997e-07,,
"SPI","enable",18.4217185,2.50000001e-07,,
"SPI","result",18.4217205,4.25e-06,0b00000010,0b00000000
"SPI","result",18.4217253,3.99999999e-06,0b00001000,0b00000000
"SPI","result",18.421733,4.25e-06,0b00000001,0b00000000
"SPI","result",18.4217377,4e-06,0b00001111,0b00000000
"SPI","disable",18.421743,2.50000001e-07,,
"SPI","enable",18.4217453,2.50000001e-07,,
"SPI","result",18.4217475,4e-06,0b00000000,0b00000000
"SPI","result",18.4217523,4e-06,0b00001110,0b00000000
"SPI","result",18.42176,4e-06,0b00000000,0b00000000
"SPI","result",18.4217648,4e-06,0b00000001,0b00000000
"SPI","disable",18.42177,2.50000001e-07,,
"SPI","enable",18.4217723,2.49999997e-07,,
"SPI","result",18.4217745,3.99999999e-06,0b00000000,0b00000000
"SPI","result",18.421779,4.25e-06,0b00000001,0b00000000
"SPI","result",18.421787,4e-06,0b00000110,0b00000000
"SPI","result",18.4217915,4.25e-06,0b00000010,0b00000000
"SPI","disable",18.4217967,2.50000005e-07,,
"SPI","enable",18.4217992,2.49999997e-07,,
"SPI","result",18.4218013,4.25e-06,0b00000001,0b00000000
"SPI","result",18.421806,4e-06,0b00001111,0b00000000
"SPI","result",18.4218137,4.25e-06,0b00000000,0b00000000
"SPI","result",18.4218185,4e-06,0b00001111,0b00000000
"SPI","disable",18.4218238,2.49999997e-07,,
"SPI","enable",18.4218275,2.49999997e-07,,
"SPI","result",18.4218298,4e-06,0b00000000,0b00000000
"SPI","result",18.4218345,4e-06,0b00001111,0b00000000
"SPI","result",18.4218423,4e-06,0b00000000,0b00000000
"SPI","result",18.421847,4e-06,0b00000100,0b00000000
"SPI","disable",18.4218523,2.50000001e-07,,
"SPI","enable",18.4218545,2.50000005e-07,,
"SPI","result",18.4218567,4e-06,0b00000000,0b00000000
"SPI","result",18.4218615,4e-06,0b00001011,0b00000000
"SPI","result",18.4218693,4e-06,0b00000000,0b00000000
"SPI","result",18.4218737,4.25e-06,0b00000001,0b00000000
"SPI","disable",18.421879,2.49999997e-07,,
"SPI","enable",18.4218815,2.49999997e-07,,
"SPI","result",18.4218835,4.25e-06,0b00000000,0b00000000
"SPI","result",18.4218882,4e-06,0b00000011,0b00000000
"SPI","result",18.421896,4.25e-06,0b00000000,0b00000000
"SPI","result",18.4219007,4e-06,0b00001111,0b00000000
"SPI","disable",18.421906,2.50000001e-07,,
"SPI","enable",18.4221147,2.50000005e-07,,
"SPI","result",18.4221157,4e-06,0b00001010,0b00000000
"SPI","disable",18.42212,2.50000001e-07,,
"SPI","enable",18.4221227,2.50000001e-07,,
"SPI","result",18.4221238,4e-06,0b00001110,0b00000000
"SPI","disable",18.422128,2.50000001e-07,,
"SPI","enable",18.4221297,2.50000001e-07,,
"SPI","result",18.422132,4e-06,0b00000000,0b00000000
"SPI","result",18.4221367,4e-06,0b00000101,0b00000000
"SPI","result",18.4221467,4.25e-06,0b00000100,0b00000000
"SPI","result",18.4221515,4e-06,0b00001001,0b00000000
"SPI","result",18.4221622,4.25e-06,0b00000110,0b00000000
"SPI","result",18.422167,4e-06,0b00000100,0b00000000
"SPI","result",18.422178,4e-06,0b00000011,0b00000000
"SPI","result",18.4221825,4e-06,0b00000011,0b00000000
"SPI","result",18.4221935,4e-06,0b00000110,0b00000000
"SPI","result",18.422198,4.25e-06,0b00000100,0b00000000
"SPI","result",18.422209,4e-06,0b00000010,0b00000000
"SPI","result",18.4222135,4.25e-06,0b00000001,0b00000000
"SPI","result",18.4222245,4e-06,0b00000011,0b00000000
"SPI","result",18.422229,4.25e-06,0b00000100,0b00000000
"SPI","result",18.42224,4e-06,0b00000010,0b00000000
"SPI","result",18.4222445,4.25e-06,0b00000001,0b00000000
"SPI","result",18.4222555,4e-06,0b00000001,0b00000000
"SPI","result",18.4222603,4e-06,0b00000100,0b00000000
"SPI","result",18.422271,4e-06,0b00000010,0b00000000
"SPI","result",18.4222758,4e-06,0b00001100,0b00000000
"SPI","result",18.4222865,4e-06,0b00000001,0b00000000
"SPI","result",18.4222913,4e-06,0b00000100,0b00000000
"SPI","result",18.422302,4e-06,0b00000010,0b00000000
"SPI","result",18.4223068,4e-06,0b00001100,0b00000000
"SPI","result",18.4223175,4e-06,0b00000001,0b00000000
"SPI","result",18.4223223,4e-06,0b00000100,0b00000000
"SPI","result",18.422333,4.25e-06,0b00000010,0b00000000
"SPI","result",18.4223378,4e-06,0b00001100,0b00000000
"SPI","result",18.4223485,4.25e-06,0b00000001,0b00000000
"SPI","result",18.4223533,4e-06,0b00000100,0b00000000
"SPI","result",18.422364,4.25e-06,0b00000010,0b00000000
"SPI","result",18.4223688,4e-06,0b00000001,0b00000000
"SPI","result",18.4223795,4.25e-06,0b00000000,0b00000000
"SPI","result",18.4223843,4e-06,0b00000000,0b00000000
"SPI","disable",18.4223923,2.50000001e-07,,
"SPI","enable",18.4223945,2.50000001e-07,,
"SPI","result",18.4223955,4e-06,0b00001101,0b00000000
"SPI","disable",18.4223998,2.50000001e-07,,
"SPI","enable",18.6033217,2.50000001e-07,,
"SPI","result",18.6033228,4e-06,0b00001010,0b00000000
"SPI","disable",18.603327,2.49999997e-07,,
"SPI","enable",18.60333,2.50000001e-07,,
"SPI","result",18.603332,4.25e-06,0b00000010,0b00000000
"SPI","result",18.6033368,4e-06,0b00001000,0b00000000
"SPI","result",18.6033445,4.25e-06,0b00000001,0b00000000
"SPI","result",18.6033493,4e-06,0b00001111,0b00000000
"SPI","disable",18.6033545,2.50000005e-07,,
"SPI","enable",18.6033567,2.50000001e-07,,
"SPI","result",18.603359,4e-06,0b00000000,0b00000000
"SPI","result",18.6033637,4e-06,0b00001110,0b00000000
"SPI","result",18.6033715,4e-06,0b00000000,0b00000000
"SPI","result",18.6033763,4e-06,0b00000001,0b00000000
"SPI","disable",18.6033815,2.50000001e-07,,
"SPI","enable",18.6033837,2.50000001e-07,,
"SPI","result",18.603386,4e-06,0b00000000,0b00000000
"SPI","result",18.6033905,4.25e-06,0b00000001,0b00000000
"SPI","result",18.6033985,4e-06,0b00000110,0b00000000
"SPI","result",18.603403,4e-06,0b00000010,0b00000000
"SPI","disable",18.6034083,2.50000001e-07,,
"SPI","enable",18.6034107,2.50000001e-07,,
"SPI","result",18.6034128,4.25e-06,0b00000001,0b00000000
"SPI","result",18.6034175,4e-06,0b00001111,0b00000000
"SPI","result",18.6034253,4e-06,0b00000000,0b00000000
"SPI","result",18.60343,4e-06,0b00001111,0b00000000
"SPI","disable",18.6034352,2.50000001e-07,,
"SPI","enable",18.603439,2.49999997e-07,,
"SPI","result",18.6034412,4e-06,0b00000000,0b00000000
"SPI","result",18.603446,4e-06,0b00001111,0b00000000
"SPI","result",18.6034537,4e-06,0b00000000,0b00000000
"SPI","result",18.6034585,4e-06,0b00000100,0b00000000
"SPI","disable",18.6034637,2.50000001e-07,,
"SPI","enable",18.603466,2.50000001e-07,,
"SPI","result",18.6034682,4e-06,0b00000000,0b00000000
"SPI","result",18.6034728,4.25e-06,0b00001011,0b00000000
"SPI","result",18.6034805,4.25e-06,0b00000000,0b00000000
"SPI","result",18.6034852,4e-06,0b00000001,0b00000000
"SPI","disable",18.6034905,2.49999997e-07,,
"SPI","enable",18.6034928,2.49999997e-07,,
"SPI","result",18.603495,4.25e-06,0b00000000,0b00000000
"SPI","result",18.6034998,4e-06,0b00000011,0b00000000
"SPI","result",18.6035075,4e-06,0b00000000,0b00000000
"SPI","result",18.6035123,4e-06,0b00001111,0b00000000
"SPI","disable",18.6035175,2.50000005e-07,,
"SPI","enable",18.6037263,2.50000001e-07,,
"SPI","result",18.6037272,4e-06,0b00001010,0b00000000
"SPI","disable",18.6037312,2.49999997e-07,,
"SPI","enable",18.6037342,2.50000005e-07,,
"SPI","result",18.6037352,4e-06,0b00001110,0b00000000
"SPI","disable",18.6037393,2.50000001e-07,,
"SPI","enable",18.6037412,2.50000001e-07,,
"SPI","result",18.6037435,4e-06,0b00000000,0b00000000
"SPI","result",18.6037482,4e-06,0b00000101,0b00000000
"SPI","result",18.6037582,4e-06,0b00000100,0b00000000
"SPI","result",18.603763,4e-06,0b00001001,0b00000000
"SPI","result",18.6037737,4.25e-06,0b00000110,0b00000000
"SPI","result",18.6037785,4e-06,0b00000100,0b00000000
"SPI","result",18.6037892,4.25e-06,0b00000011,0b00000000
"SPI","result",18.603794,4e-06,0b00000011,0b00000000
"SPI","result",18.6038047,4.25e-06,0b00000110,0b00000000
"SPI","result",18.6038095,4e-06,0b00000100,0b00000000
"SPI","result",18.6038202,4.25000001e-06,0b00000010,0b00000000
"SPI","result",18.603825,4e-06,0b00000001,0b00000000
"SPI","result",18.603836,4e-06,0b00000011,0b00000000
"SPI","result",18.6038405,4e-06,0b00000100,0b00000000
"SPI","result",18.6038515,4e-06,0b00000010,0b00000000
"SPI","result",18.603856,4.25e-06,0b00000001,0b00000000
"SPI","result",18.603867,4e-06,0b00000001,0b00000000
"SPI","result",18.6038715,4.25e-06,0b00000100,0b00000000
"SPI","result",18.6038825,4e-06,0b00000010,0b00000000
"SPI","result",18.6038872,4e-06,0b00001100,0b00000000
"SPI","result",18.603898,4e-06,0b00000001,0b00000000
"SPI","result",18.6039025,4.25e-06,0b00000100,0b00000000
"SPI","result",18.6039135,4e-06,0b00000010,0b00000000
"SPI","result",18.6039182,4e-06,0b00001100,0b00000000
"SPI","result",18.603929,4e-06,0b00000001,0b00000000
"SPI","result",18.6039337,4e-06,0b00000100,0b00000000
"SPI","result",18.6039445,4e-06,0b00000010,0b00000000
"SPI","result",18.6039492,4e-06,0b00001100,0b00000000
"SPI","result",18.60396,4e-06,0b00000001,0b00000000
"SPI","result",18.6039647,4e-06,0b00000100,0b00000000
"SPI","result",18.6039755,4e-06,0b00000010,0b00000000
"SPI","result",18.6039802,4e-06,0b00000001,0b00000000
"SPI","result",18.603991,4.25e-06,0b00000000,0b00000000
"SPI","result",18.6039957,4e-06,0b00000000,0b00000000
"SPI","disable",18.6040038,2.50000001e-07,,
"SPI","enable",18.604006,2.50000005e-07,,
"SPI","result",18.604007,4e-06,0b00001101,0b00000000
"SPI","disable",18.6040112,2.49999997e-07,,
"SPI","enable",18.8131908,2.49999997e-07,,
"SPI","result",18.8131918,4e-06,0b00001010,0b00000000
"SPI","disable",18.813196,2.50000001e-07,,
"SPI","enable",18.8131988,2.49999997e-07,,
"SPI","result",18.813201,4e-06,0b00000010,0b00000000
"SPI","result",18.8132058,4e-06,0b00001000,0b00000000
"SPI","result",18.8132135,4e-06,0b00000001,0b00000000
"SPI","result",18.8132182,4e-06,0b00001111,0b00000000
"SPI","disable",18.8132235,2.49999997e-07,,
"SPI","enable",18.8132258,2.49999997e-07,,
"SPI","result",18.813228,4e-06,0b00000000,0b00000000
"SPI","result",18.8132325,4.25e-06,0b00001110,0b00000000
"SPI","result",18.8132405,4e-06,0b00000000,0b00000000
"SPI","result",18.813245,4e-06,0b00000001,0b00000000
"SPI","disable",18.8132502,2.49999997e-07,,
"SPI","enable",18.8132528,2.50000001e-07,,
"SPI","result",18.8132547,4.25e-06,0b00000000,0b00000000
"SPI","result",18.8132595,4e-06,0b00000001,0b00000000
"SPI","result",18.8132672,4e-06,0b00000110,0b00000000
"SPI","result",18.813272,4e-06,0b00000010,0b00000000
"SPI","disable",18.8132772,2.50000001e-07,,
"SPI","enable",18.8132795,2.49999997e-07,,
"SPI","result",18.8132818,4e-06,0b00000001,0b00000000
"SPI","result",18.8132865,4e-06,0b00001111,0b00000000
"SPI","result",18.8132942,4e-06,0b00000000,0b00000000
"SPI","result",18.813299,4e-06,0b00001111,0b00000000
"SPI","disable",18.8133043,2.50000001e-07,,
"SPI","enable",18.813308,2.49999997e-07,,
"SPI","result",18.8133103,4e-06,0b00000000,0b00000000
"SPI","result",18.8133147,4.25e-06,0b00001111,0b00000000
"SPI","result",18.8133228,4e-06,0b00000000,0b00000000
"SPI","result",18.8133273,4e-06,0b00000100,0b00000000
"SPI","disable",18.8133325,2.50000001e-07,,
"SPI","enable",18.813335,2.50000001e-07,,
"SPI","result",18.813337,4.25e-06,0b00000000,0b00000000
"SPI","result",18.8133417,4e-06,0b00001011,0b00000000
"SPI","result",18.8133495,4e-06,0b00000000,0b00000000
"SPI","result",18.8133542,4e-06,0b00000001,0b00000000
"SPI","disable",18.8133595,2.49999997e-07,,
"SPI","enable",18.8133617,2.50000001e-07,,
"SPI","result",18.813364,4e-06,0b00000000,0b00000000
"SPI","result",18.8133687,4e-06,0b00000011,0b00000000
"SPI","result",18.8133765,4e-06,0b00000000,0b00000000
"SPI","result",18.8133812,4e-06,0b00001111,0b00000000
"SPI","disable",18.8133865,2.49999997e-07,,
"SPI","enable",18.8135948,2.50000001e-07,,
"SPI","result",18.8135958,4e-06,0b00001010,0b00000000
"SPI","disable",18.8136,2.49999997e-07,,
"SPI","enable",18.8136028,2.49999997e-07,,
"SPI","result",18.8136037,4e-06,0b00001110,0b00000000
"SPI","disable",18.813608,2.50000001e-07,,
"SPI","enable",18.8136098,2.50000001e-07,,
"SPI","result",18.813612,4.25e-06,0b00000000,0b00000000
"SPI","result",18.8136168,4e-06,0b00000101,0b00000000
"SPI","result",18.813627,4e-06,0b00000100,0b00000000
"SPI","result",18.8136315,4e-06,0b00001001,0b00000000
"SPI","result",18.8136425,4e-06,0b00000110,0b00000000
"SPI","result",18.813647,4.25e-06,0b00000100,0b00000000
"SPI","result",18.813658,4e-06,0b00000011,0b00000000
"SPI","result",18.8136625,4.25e-06,0b00000100,0b00000000
"SPI","result",18.8136735,4e-06,0b00000110,0b00000000
"SPI","result",18.813678,4.25e-06,0b00000100,0b00000000
"SPI","result",18.813689,4e-06,0b00000010,0b00000000
"SPI","result",18.8136935,4.25e-06,0b00000001,0b00000000
"SPI","result",18.8137045,4e-06,0b00000011,0b00000000
"SPI","result",18.8137092,4e-06,0b00000100,0b00000000
"SPI","result",18.81372,4e-06,0b00000010,0b00000000
"SPI","result",18.8137247,4e-06,0b00000001,0b00000000
"SPI","result",18.8137355,4e-06,0b00000001,0b00000000
"SPI","result",18.8137402,4e-06,0b00000100,0b00000000
"SPI","result",18.813751,4e-06,0b00000010,0b00000000
"SPI","result",18.8137557,4e-06,0b00001100,0b00000000
"SPI","result",18.8137665,4e-06,0b00000001,0b00000000
"SPI","result",18.8137712,4e-06,0b00000100,0b00000000
"SPI","result",18.813782,4.25e-06,0b00000010,0b00000000
"SPI","result",18.8137867,4e-06,0b00001100,0b00000000
"SPI","result",18.8137975,4.25e-06,0b00000001,0b00000000
"SPI","result",18.8138022,4e-06,0b00000100,0b00000000
"SPI","result",18.813813,4.25e-06,0b00000010,0b00000000
"SPI","result",18.8138177,4e-06,0b00001100,0b00000000
"SPI","result",18.8138285,4.25e-06,0b00000001,0b00000000
"SPI","result",18.8138332,4e-06,0b00000100,0b00000000
"SPI","result",18.8138442,4e-06,0b00000010,0b00000000
"SPI","result",18.8138487,4e-06,0b00000001,0b00000000
"SPI","result",18.8138597,4e-06,0b00000000,0b00000000
"SPI","result",18.8138643,4.25e-06,0b00000000,0b00000000
"SPI","disable",18.8138725,2.50000005e-07,,
"SPI","enable",18.8138745,2.49999997e-07,,
"SPI","result",18.8138755,4e-06,0b00001101,0b00000000
"SPI","disable",18.8138798,2.50000001e-07,,
"SPI","enable",18.9947763,2.49999997e-07,,
"SPI","result",18.994777,4.25e-06,0b00001010,0b00000000
"SPI","disable",18.9947812,2.49999997e-07,,
"SPI","enable",18.9947842,2.50000005e-07,,
"SPI","result",18.9947865,4e-06,0b00000010,0b00000000
"SPI","result",18.994791,4.25e-06,0b00001000,0b00000000
"SPI","result",18.994799,4e-06,0b00000001,0b00000000
"SPI","result",18.9948035,4e-06,0b00001111,0b00000000
"SPI","disable",18.9948088,2.50000001e-07,,
"SPI","enable",18.9948113,2.49999997e-07,,
"SPI","result",18.9948132,4.25e-06,0b00000000,0b00000000
"SPI","result",18.994818,4e-06,0b00001110,0b00000000
"SPI","result",18.9948258,4e-06,0b00000000,0b00000000
"SPI","result",18.9948305,4e-06,0b00000001,0b00000000
"SPI","disable",18.9948358,2.50000001e-07,,
"SPI","enable",18.994838,2.50000001e-07,,
"SPI","result",18.9948403,4e-06,0b00000000,0b00000000
"SPI","result",18.994845,4e-06,0b00000001,0b00000000
"SPI","result",18.9948527,4e-06,0b00000110,0b00000000
"SPI","result",18.9948572,4.25e-06,0b00000010,0b00000000
"SPI","disable",18.9948627,2.49999997e-07,,
"SPI","enable",18.994865,2.49999997e-07,,
"SPI","result",18.9948672,4e-06,0b00000001,0b00000000
"SPI","result",18.9948718,4e-06,0b00001111,0b00000000
"SPI","result",18.9948795,4.25e-06,0b00000000,0b00000000
"SPI","result",18.9948842,4e-06,0b00001111,0b00000000
"SPI","disable",18.9948895,2.50000001e-07,,
"SPI","enable",18.9948933,2.49999997e-07,,
"SPI","result",18.9948955,4.25e-06,0b00000000,0b00000000
"SPI","result",18.9949002,4e-06,0b00001111,0b00000000
"SPI","result",18.994908,4e-06,0b00000000,0b00000000
"SPI","result",18.9949128,4e-06,0b00000100,0b00000000
"SPI","disable",18.994918,2.50000005e-07,,
"SPI","enable",18.9949202,2.50000001e-07,,
"SPI","result",18.9949225,4e-06,0b00000000,0b00000000
"SPI","result",18.9949272,4e-06,0b00001011,0b00000000
"SPI","result",18.994935,4e-06,0b00000000,0b00000000
"SPI","result",18.9949395,4.25e-06,0b00000001,0b00000000
"SPI","disable",18.994945,2.50000001e-07,,
"SPI","enable",18.9949472,2.50000001e-07,,
"SPI","result",18.9949493,4.25e-06,0b00000000,0b00000000
"SPI","result",18.994954,4e-06,0b00000011,0b00000000
"SPI","result",18.9949618,4.25e-06,0b00000000,0b00000000
"SPI","result",18.9949665,4e-06,0b00001111,0b00000000
"SPI","disable",18.9949718,2.50000001e-07,,
"SPI","enable",18.9951803,2.49999997e-07,,
"SPI","result",18.995181,4.25e-06,0b00001010,0b00000000
"SPI","disable",18.9951852,2.50000005e-07,,
"SPI","enable",18.9951883,2.49999997e-07,,
"SPI","result",18.9951892,4e-06,0b00001110,0b00000000
"SPI","disable",18.9951932,2.49999997e-07,,
"SPI","enable",18.995195,2.49999997e-07,,
"SPI","result",18.9951975,4e-06,0b00000000,0b00000000
"SPI","result",18.995202,4.25e-06,0b00000101,0b00000000
"SPI","result",18.9952123,4e-06,0b00000100,0b00000000
"SPI","result",18.995217,4e-06,0b00001001,0b00000000
"SPI","result",18.9952278,4e-06,0b00000110,0b00000000
"SPI","result",18.9952325,4e-06,0b00000100,0b00000000
"SPI","result",18.9952433,3.99999999e-06,0b00000011,0b00000000
"SPI","result",18.995248,4e-06,0b00000100,0b00000000
"SPI","result",18.9952588,4e-06,0b00000110,0b00000000
"SPI","result",18.9952635,4e-06,0b00000100,0b00000000
"SPI","result",18.9952743,4e-06,0b00000010,0b00000000
"SPI","result",18.995279,4e-06,0b00000001,0b00000000
"SPI","result",18.9952898,4e-06,0b00000011,0b00000000
"SPI","result",18.9952945,4e-06,0b00000100,0b00000000
"SPI","result",18.9953053,4.25e-06,0b00000010,0b00000000
"SPI","result",18.99531,4e-06,0b00000001,0b00000000
"SPI","result",18.9953208,4.25e-06,0b00000001,0b00000000
"SPI","result",18.9953255,4e-06,0b00000100,0b00000000
"SPI","result",18.9953363,4.25e-06,0b00000010,0b00000000
"SPI","result",18.995341,4e-06,0b00001100,0b00000000
"SPI","result",18.9953518,4.25e-06,0b00000001,0b00000000
"SPI","result",18.9953565,4e-06,0b00000100,0b00000000
"SPI","result",18.9953675,4e-06,0b00000010,0b00000000
"SPI","result",18.995372,4e-06,0b00001100,0b00000000
"SPI","result",18.995383,4e-06,0b00000001,0b00000000
"SPI","result",18.9953875,4e-06,0b00000100,0b00000000
"SPI","result",18.9953985,4e-06,0b00000010,0b00000000
"SPI","result",18.995403,4.25e-06,0b00001100,0b00000000
"SPI","result",18.995414,4e-06,0b00000001,0b00000000
"SPI","result",18.9954185,4.25e-06,0b00000100,0b00000000
"SPI","result",18.9954295,4e-06,0b00000010,0b00000000
"SPI","result",18.995434,4.25e-06,0b00000001,0b00000000
"SPI","result",18.995445,4e-06,0b00000000,0b00000000
"SPI","result",18.9954495,4.25e-06,0b00000000,0b00000000
"SPI","disable",18.9954577,2.49999997e-07,,
"SPI","enable",18.99546,2.49999997e-07,,
"SPI","result",18.9954607,4.25e-06,0b00001101,0b00000000
"SPI","disable",18.995465,2.49999997e-07,,
"SPI","enable",19.204648,2.50000005e-07,,
"SPI","result",19.204649,4e-06,0b00001010,0b00000000
"SPI","disable",19.2046532,2.50000001e-07,,
"SPI","enable",19.204656,2.50000001e-07,,
"SPI","result",19.2046583,4e-06,0b00000010,0b00000000
"SPI","result",19.204663,4e-06,0b00001000,0b00000000
"SPI","result",19.2046707,4e-06,0b00000001,0b00000000
"SPI","result",19.2046755,4e-06,0b00001111,0b00000000
"SPI","disable",19.2046808,2.49999997e-07,,
"SPI","enable",19.204683,2.49999997e-07,,
"SPI","result",19.2046853,4e-06,0b00000000,0b00000000
"SPI","result",19.2046898,4.25e-06,0b00001110,0b00000000
"SPI","result",19.2046978,4e-06,0b00000000,0b00000000
"SPI","result",19.2047023,4e-06,0b00000001,0b00000000
"SPI","disable",19.2047075,2.50000001e-07,,
"SPI","enable",19.20471,2.50000001e-07,,
"SPI","result",19.204712,4.25e-06,0b00000000,0b00000000
"SPI","result",19.2047167,4e-06,0b00000001,0b00000000
"SPI","result",19.2047245,4e-06,0b00000110,0b00000000
"SPI","result",19.2047292,4e-06,0b00000010,0b00000000
"SPI","disable",19.2047345,2.49999997e-07,,
"SPI","enable",19.2047367,2.50000001e-07,,
"SPI","result",19.204739,4e-06,0b00000001,0b00000000
"SPI","result",19.2047437,4e-06,0b00001111,0b00000000
"SPI","result",19.2047515,4e-06,0b00000000,0b00000000
"SPI","result",19.2047562,4e-06,0b00001111,0b00000000
"SPI","disable",19.2047615,2.49999997e-07,,
"SPI","enable",19.2047653,2.50000001e-07,,
"SPI","result",19.2047675,4e-06,0b00000000,0b00000000
"SPI","result",19.204772,4.25e-06,0b00001111,0b00000000
"SPI","result",19.2047798,4.25e-06,0b00000000,0b00000000
"SPI","result",19.2047845,4e-06,0b00000100,0b00000000
"SPI","disable",19.2047897,2.50000001e-07,,
"SPI","enable",19.204792,2.50000001e-07,,
"SPI","result",19.2047942,4e-06,0b00000000,0b00000000
"SPI","result",19.204799,4e-06,0b00001011,0b00000000
"SPI","result",19.2048067,4e-06,0b00000000,0b00000000
"SPI","result",19.2048115,3.99999999e-06,0b00000001,0b00000000
"SPI","disable",19.2048167,2.50000001e-07,,
"SPI","enable",19.204819,2.50000001e-07,,
"SPI","result",19.2048212,4e-06,0b00000000,0b00000000
"SPI","result",19.2048258,4.25e-06,0b00000011,0b00000000
"SPI","result",19.2048337,4e-06,0b00000000,0b00000000
"SPI","result",19.2048383,4.25e-06,0b00001111,0b00000000
"SPI","disable",19.2048437,2.50000001e-07,,
"SPI","enable",19.2050523,2.50000001e-07,,
"SPI","result",19.2050532,4e-06,0b00001010,0b00000000
"SPI","disable",19.2050575,2.50000001e-07,,
"SPI","enable",19.2050602,2.50000001e-07,,
"SPI","result",19.2050612,4e-06,0b00001110,0b00000000
"SPI","disable",19.2050655,2.49999997e-07,,
"SPI","enable",19.2050672,2.49999997e-07,,
"SPI","result",19.2050695,4.25e-06,0b00000000,0b00000000
"SPI","result",19.2050742,4e-06,0b00000101,0b00000000
"SPI","result",19.2050842,4.25e-06,0b00000100,0b00000000
"SPI","result",19.205089,4e-06,0b00001001,0b00000000
"SPI","result",19.2050997,4.25e-06,0b00000110,0b00000000
"SPI","result",19.2051045,4e-06,0b00000100,0b00000000
"SPI","result",19.2051155,4e-06,0b00000011,0b00000000
"SPI","result",19.20512,4e-06,0b00000101,0b00000000
"SPI","result",19.205131,4e-06,0b00000110,0b00000000
"SPI","result",19.2051355,4e-06,0b00000100,0b00000000
"SPI","result",19.2051465,4e-06,0b00000010,0b00000000
"SPI","result",19.205151,4.25e-06,0b00000001,0b00000000
"SPI","result",19.205162,4e-06,0b00000011,0b00000000
"SPI","result",19.2051665,4.25e-06,0b00000100,0b00000000
"SPI","result",19.2051775,4e-06,0b00000010,0b00000000
"SPI","result",19.205182,4.25e-06,0b00000001,0b00000000
"SPI","result",19.205193,4e-06,0b00000001,0b00000000
"SPI","result",19.2051975,4.25e-06,0b00000100,0b00000000
"SPI","result",19.2052085,4e-06,0b00000010,0b00000000
"SPI","result",19.2052132,4e-06,0b00001100,0b00000000
"SPI","result",19.205224,4e-06,0b00000001,0b00000000
"SPI","result",19.2052287,4e-06,0b00000100,0b00000000
"SPI","result",19.2052395,4e-06,0b00000010,0b00000000
"SPI","result",19.2052442,4e-06,0b00001100,0b00000000
"SPI","result",19.205255,4e-06,0b00000001,0b00000000
"SPI","result",19.2052597,4e-06,0b00000100,0b00000000
"SPI","result",19.2052705,4e-06,0b00000010,0b00000000
"SPI","result",19.2052752,4e-06,0b00001100,0b00000000
"SPI","result",19.205286,4e-06,0b00000001,0b00000000
"SPI","result",19.2052907,4e-06,0b00000100,0b00000000
"SPI","result",19.2053015,4e-06,0b00000010,0b00000000
"SPI","result",19.2053062,4e-06,0b00000001,0b00000000
"SPI","result",19.205317,4e-06,0b00000000,0b00000000
"SPI","result",19.2053217,4e-06,0b00000000,0b00000000
"SPI","disable",19.2053298,2.50000001e-07,,
"SPI","enable",19.205332,2.50000005e-07,,
"SPI","result",19.205333,4e-06,0b00001101,0b00000000
"SPI","disable",19.2053372,2.49999997e-07,,
"SPI","enable",19.35031,2.49999997e-07,,
"SPI","result",19.3503107,4.25e-06,0b00001010,0b00000000
"SPI","disable",19.350315,2.50000001e-07,,
"SPI","enable",19.350318,2.49999997e-07,,
"SPI","result",19.3503202,4e-06,0b00000010,0b00000000
"SPI","result",19.3503247,4.25e-06,0b00001000,0b00000000
"SPI","result",19.3503327,4e-06,0b00000001,0b00000000
"SPI","result",19.3503372,4.25e-06,0b00001111,0b00000000
"SPI","disable",19.3503425,2.50000001e-07,,
"SPI","enable",19.350345,2.49999997e-07,,
"SPI","result",19.350347,4.25e-06,0b00000000,0b00000000
"SPI","result",19.3503518,4e-06,0b00001110,0b00000000
"SPI","result",19.3503595,4e-06,0b00000000,0b00000000
"SPI","result",19.3503642,4e-06,0b00000001,0b00000000
"SPI","disable",19.3503695,2.49999997e-07,,
"SPI","enable",19.3503718,2.49999997e-07,,
"SPI","result",19.350374,4e-06,0b00000000,0b00000000
"SPI","result",19.3503788,4e-06,0b00000001,0b00000000
"SPI","result",19.3503865,4e-06,0b00000110,0b00000000
"SPI","result",19.350391,4.25e-06,0b00000010,0b00000000
"SPI","disable",19.3503965,2.50000001e-07,,
"SPI","enable",19.3503988,2.50000001e-07,,
"SPI","result",19.350401,4e-06,0b00000001,0b00000000
"SPI","result",19.3504055,4e-06,0b00001111,0b00000000
"SPI","result",19.3504132,4.25e-06,0b00000000,0b00000000
"SPI","result",19.350418,4e-06,0b00001111,0b00000000
"SPI","disable",19.3504232,2.50000001e-07,,
"SPI","enable",19.3504272,2.49999997e-07,,
"SPI","result",19.3504293,4.25e-06,0b00000000,0b00000000
"SPI","result",19.350434,4e-06,0b00001111,0b00000000
"SPI","result",19.3504418,4e-06,0b00000000,0b00000000
"SPI","result",19.3504465,4e-06,0b00000100,0b00000000
"SPI","disable",19.3504518,2.50000001e-07,,
"SPI","enable",19.350454,2.50000001e-07,,
"SPI","result",19.3504563,4e-06,0b00000000,0b00000000
"SPI","result",19.350461,4e-06,0b00001011,0b00000000
"SPI","result",19.3504688,4e-06,0b00000000,0b00000000
"SPI","result",19.3504733,4.25e-06,0b00000001,0b00000000
"SPI","disable",19.3504788,2.49999997e-07,,
"SPI","enable",19.350481,2.50000001e-07,,
"SPI","result",19.350483,4.25e-06,0b00000000,0b00000000
"SPI","result",19.3504877,4e-06,0b00000011,0b00000000
"SPI","result",19.3504955,4.25e-06,0b00000000,0b00000000
"SPI","result",19.3505002,4e-06,0b00001111,0b00000000
"SPI","disable",19.3505055,2.50000001e-07,,
"SPI","enable",19.3507142,2.49999997e-07,,
"SPI","result",19.3507153,4e-06,0b00001010,0b00000000
"SPI","disable",19.3507195,2.50000001e-07,,
"SPI","enable",19.3507223,2.50000001e-07,,
"SPI","result",19.3507233,4e-06,0b00001110,0b00000000
"SPI","disable",19.3507275,2.50000001e-07,,
"SPI","enable",19.3507293,2.50000001e-07,,
"SPI","result",19.3507315,4e-06,0b00000000,0b00000000
"SPI","result",19.3507363,4e-06,0b00000101,0b00000000
"SPI","result",19.3507463,4.25e-06,0b00000100,0b00000000
"SPI","result",19.350751,4e-06,0b00001001,0b00000000
"SPI","result",19.3507618,4.25e-06,0b00000110,0b00000000
"SPI","result",19.3507665,4e-06,0b00000100,0b00000000
"SPI","result",19.3507773,4.25e-06,0b00000011,0b00000000
"SPI","result",19.350782,4e-06,0b00000101,0b00000000
"SPI","result",19.350793,4e-06,0b00000110,0b00000000
"SPI","result",19.3507975,4e-06,0b00000100,0b00000000
"SPI","result",19.3508085,4e-06,0b00000010,0b00000000
"SPI","result",19.350813,4e-06,0b00000001,0b00000000
"SPI","result",19.350824,4e-06,0b00000011,0b00000000
"SPI","result",19.3508285,4.25e-06,0b00000100,0b00000000
"SPI","result",19.3508395,4e-06,0b00000010,0b00000000
"SPI","result",19.350844,4.25e-06,0b00000001,0b00000000
"SPI","result",19.350855,4e-06,0b00000001,0b00000000
"SPI","result",19.3508595,4.25e-06,0b00000100,0b00000000
"SPI","result",19.3508705,4e-06,0b00000010,0b00000000
"SPI","result",19.3508753,4e-06,0b00001100,0b00000000
"SPI","result",19.350886,4e-06,0b00000001,0b00000000
"SPI","result",19.3508905,4.25e-06,0b00000100,0b00000000
"SPI","result",19.3509015,4e-06,0b00000010,0b00000000
"SPI","result",19.3509063,4e-06,0b00001100,0b00000000
"SPI","result",19.350917,4e-06,0b00000001,0b00000000
"SPI","result",19.3509218,4e-06,0b00000100,0b00000000
"SPI","result",19.3509325,4e-06,0b00000010,0b00000000
"SPI","result",19.3509373,4e-06,0b00001100,0b00000000
"SPI","result",19.350948,4e-06,0b00000001,0b00000000
"SPI","result",19.3509528,4e-06,0b00000100,0b00000000
"SPI","result",19.3509635,4e-06,0b00000010,0b00000000
"SPI","result",19.3509683,4e-06,0b00000001,0b00000000
"SPI","result",19.350979,4e-06,0b00000000,0b00000000
"SPI","result",19.3509838,4e-06,0b00000000,0b00000000
"SPI","disable",19.3509917,2.50000005e-07,,
"SPI","enable",19.350994,2.50000001e-07,,
"SPI","result",19.350995,4e-06,0b00001101,0b00000000
"SPI","disable",19.3509993,2.50000001e-07,,
"SPI","enable",19.5602065,2.49999997e-07,,
"SPI","result",19.5602075,4e-06,0b00001010,0b00000000
"SPI","disable",19.5602115,2.50000001e-07,,
"SPI","enable",19.5602145,2.49999997e-07,,
"SPI","result",19.5602167,4e-06,0b00000010,0b00000000
"SPI","result",19.5602215,4e-06,0b00001000,0b00000000
"SPI","result",19.5602292,4e-06,0b00000001,0b00000000
"SPI","result",19.560234,4e-06,0b00001111,0b00000000
"SPI","disable",19.5602392,2.50000005e-07,,
"SPI","enable",19.5602415,2.50000001e-07,,
"SPI","result",19.5602435,4.25e-06,0b00000000,0b00000000
"SPI","result",19.5602483,4e-06,0b00001110,0b00000000
"SPI","result",19.560256,4.25e-06,0b00000000,0b00000000
"SPI","result",19.5602608,4e-06,0b00000001,0b00000000
"SPI","disable",19.560266,2.50000001e-07,,
"SPI","enable",19.5602683,2.49999997e-07,,
"SPI","result",19.5602705,4e-06,0b00000000,0b00000000
"SPI","result",19.5602753,4e-06,0b00000001,0b00000000
"SPI","result",19.560283,4e-06,0b00000110,0b00000000
"SPI","result",19.5602878,4e-06,0b00000010,0b00000000
"SPI","disable",19.560293,2.50000001e-07,,
"SPI","enable",19.5602952,2.50000001e-07,,
"SPI","result",19.5602975,4e-06,0b00000001,0b00000000
"SPI","result",19.5603022,4e-06,0b00001111,0b00000000
"SPI","result",19.56031,4e-06,0b00000000,0b00000000
"SPI","result",19.5603145,4.25e-06,0b00001111,0b00000000
"SPI","disable",19.56032,2.50000001e-07,,
"SPI","enable",19.5603237,2.50000001e-07,,
"SPI","result",19.5603258,4.25e-06,0b00000000,0b00000000
"SPI","result",19.5603305,4e-06,0b00001111,0b00000000
"SPI","result",19.5603383,4.25e-06,0b00000000,0b00000000
"SPI","result",19.560343,4e-06,0b00000100,0b00000000
"SPI","disable",19.5603483,2.50000001e-07,,
"SPI","enable",19.5603505,2.50000005e-07,,
"SPI","result",19.5603527,4e-06,0b00000000,0b00000000
"SPI","result",19.5603575,4e-06,0b00001011,0b00000000
"SPI","result",19.5603653,4e-06,0b00000000,0b00000000
"SPI","result",19.56037,4e-06,0b00000001,0b00000000
"SPI","disable",19.5603752,2.49999997e-07,,
"SPI","enable",19.5603775,2.49999997e-07,,
"SPI","result",19.5603797,4e-06,0b00000000,0b00000000
"SPI","result",19.5603842,4.25e-06,0b00000011,0b00000000
"SPI","result",19.5603922,4e-06,0b00000000,0b00000000
"SPI","result",19.5603967,4.25e-06,0b00001111,0b00000000
"SPI","disable",19.5604022,2.50000001e-07,,
"SPI","enable",19.560611,2.50000001e-07,,
"SPI","result",19.5606117,4.25e-06,0b00001010,0b00000000
"SPI","disable",19.560616,2.50000001e-07,,
"SPI","enable",19.560619,2.50000001e-07,,
"SPI","result",19.5606198,4.25e-06,0b00001110,0b00000000
"SPI","disable",19.560624,2.50000001e-07,,
"SPI","enable",19.5606257,2.50000001e-07,,
"SPI","result",19.5606283,4e-06,0b00000000,0b00000000
"SPI","result",19.5606327,4.25e-06,0b00000101,0b00000000
"SPI","result",19.560643,4e-06,0b00000100,0b00000000
"SPI","result",19.5606478,4e-06,0b00001001,0b00000000
"SPI","result",19.5606585,4e-06,0b00000110,0b00000000
"SPI","result",19.5606633,4e-06,0b00000100,0b00000000
"SPI","result",19.560674,4e-06,0b00000011,0b00000000
"SPI","result",19.5606788,4e-06,0b00000110,0b00000000
"SPI","result",19.5606895,4e-06,0b00000110,0b00000000
"SPI","result",19.5606943,4e-06,0b00000100,0b00000000
"SPI","result",19.560705,4e-06,0b00000010,0b00000000
"SPI","result",19.5607098,4e-06,0b00000001,0b00000000
"SPI","result",19.5607205,4e-06,0b00000011,0b00000000
"SPI","result",19.5607253,4e-06,0b00000100,0b00000000
"SPI","result",19.560736,4.25e-06,0b00000010,0b00000000
"SPI","result",19.5607408,4e-06,0b00000001,0b00000000
"SPI","result",19.5607515,4.25e-06,0b00000001,0b00000000
"SPI","result",19.5607563,4e-06,0b00000100,0b00000000
"SPI","result",19.560767,4.25e-06,0b00000010,0b00000000
"SPI","result",19.5607718,4e-06,0b00001100,0b00000000
"SPI","result",19.5607825,4.25e-06,0b00000001,0b00000000
"SPI","result",19.5607873,4e-06,0b00000100,0b00000000
"SPI","result",19.5607983,4e-06,0b00000010,0b00000000
"SPI","result",19.5608028,4e-06,0b00001100,0b00000000
"SPI","result",19.5608138,4e-06,0b00000001,0b00000000
"SPI","result",19.5608183,4.25e-06,0b00000100,0b00000000
"SPI","result",19.5608293,4e-06,0b00000010,0b00000000
"SPI","result",19.5608338,4.25e-06,0b00001100,0b00000000
"SPI","result",19.5608448,4e-06,0b00000001,0b00000000
"SPI","result",19.5608493,4.25e-06,0b00000100,0b00000000
"SPI","result",19.5608603,4e-06,0b00000010,0b00000000
"SPI","result",19.5608648,4.25e-06,0b00000001,0b00000000
"SPI","result",19.5608758,4e-06,0b00000000,0b00000000
"SPI","result",19.5608805,4e-06,0b00000000,0b00000000
"SPI","disable",19.5608885,2.50000001e-07,,
"SPI","enable",19.5608907,2.50000005e-07,,
"SPI","result",19.5608915,4.25e-06,0b00001101,0b00000000
"SPI","disable",19.5608958,2.50000001e-07,,
"SPI","enable",19.7058832,2.50000001e-07,,
"SPI","result",19.705884,4.25e-06,0b00001010,0b00000000
"SPI","disable",19.7058883,2.50000001e-07,,
"SPI","enable",19.7058913,2.50000001e-07,,
"SPI","result",19.7058935,4e-06,0b00000010,0b00000000
"SPI","result",19.7058983,4e-06,0b00001000,0b00000000
"SPI","result",19.705906,4e-06,0b00000001,0b00000000
"SPI","result",19.7059105,4.25e-06,0b00001111,0b00000000
"SPI","disable",19.7059157,2.49999997e-07,,
"SPI","enable",19.7059182,2.50000001e-07,,
"SPI","result",19.7059202,4.25e-06,0b00000000,0b00000000
"SPI","result",19.705925,4e-06,0b00001110,0b00000000
"SPI","result",19.7059327,4.25e-06,0b00000000,0b00000000
"SPI","result",19.7059375,4e-06,0b00000001,0b00000000
"SPI","disable",19.7059427,2.50000005e-07,,
"SPI","enable",19.705945,2.50000001e-07,,
"SPI","result",19.7059473,4e-06,0b00000000,0b00000000
"SPI","result",19.705952,4e-06,0b00000001,0b00000000
"SPI","result",19.7059598,4e-06,0b00000110,0b00000000
"SPI","result",19.7059645,4e-06,0b00000010,0b00000000
"SPI","disable",19.7059698,2.50000001e-07,,
"SPI","enable",19.705972,2.50000001e-07,,
"SPI","result",19.7059743,4e-06,0b00000001,0b00000000
"SPI","result",19.7059787,4.25e-06,0b00001111,0b00000000
"SPI","result",19.7059865,4.25e-06,0b00000000,0b00000000
"SPI","result",19.7059913,4e-06,0b00001111,0b00000000
"SPI","disable",19.7059965,2.50000001e-07,,
"SPI","enable",19.7060005,2.50000005e-07,,
"SPI","result",19.7060025,4.25e-06,0b00000000,0b00000000
"SPI","result",19.7060072,4e-06,0b00001111,0b00000000
"SPI","result",19.706015,4e-06,0b00000000,0b00000000
"SPI","result",19.7060197,4e-06,0b00000100,0b00000000
"SPI","disable",19.706025,2.49999997e-07,,
"SPI","enable",19.7060273,2.49999997e-07,,
"SPI","result",19.7060295,4e-06,0b00000000,0b00000000
"SPI","result",19.7060342,4e-06,0b00001011,0b00000000
"SPI","result",19.706042,4e-06,0b00000000,0b00000000
"SPI","result",19.7060467,4e-06,0b00000001,0b00000000
"SPI","disable",19.706052,2.50000001e-07,,
"SPI","enable",19.7060543,2.50000001e-07,,
"SPI","result",19.7060565,4e-06,0b00000000,0b00000000
"SPI","result",19.706061,4.25000001e-06,0b00000011,0b00000000
"SPI","result",19.7060688,4.25e-06,0b00000000,0b00000000
"SPI","result",19.7060735,4e-06,0b00001111,0b00000000
"SPI","disable",19.7060787,2.49999997e-07,,
"SPI","enable",19.7062875,2.50000005e-07,,
"SPI","result",19.7062885,4e-06,0b00001010,0b00000000
"SPI","disable",19.7062927,2.49999997e-07,,
"SPI","enable",19.7062955,2.49999997e-07,,
"SPI","result",19.7062965,4e-06,0b00001110,0b00000000
"SPI","disable",19.7063008,2.49999997e-07,,
"SPI","enable",19.7063025,2.50000001e-07,,
"SPI","result",19.7063048,4.25e-06,0b00000000,0b00000000
"SPI","result",19.7063095,4e-06,0b00000101,0b00000000
"SPI","result",19.7063197,4e-06,0b00000100,0b00000000
"SPI","result",19.7063243,4e-06,0b00001001,0b00000000
"SPI","result",19.7063352,4e-06,0b00000110,0b00000000
"SPI","result",19.7063398,4.25e-06,0b00000100,0b00000000
"SPI","result",19.7063507,4e-06,0b00000011,0b00000000
"SPI","result",19.7063553,4.25e-06,0b00000110,0b00000000
"SPI","result",19.7063662,4e-06,0b00000110,0b00000000
"SPI","result",19.7063708,4.25e-06,0b00000100,0b00000000
"SPI","result",19.7063817,4e-06,0b00000010,0b00000000
"SPI","result",19.7063863,4.25e-06,0b00000001,0b00000000
"SPI","result",19.7063972,4e-06,0b00000011,0b00000000
"SPI","result",19.7064018,4.25e-06,0b00000100,0b00000000
"SPI","result",19.7064127,4e-06,0b00000010,0b00000000
"SPI","result",19.7064175,4e-06,0b00000001,0b00000000
"SPI","result",19.7064282,4e-06,0b00000001,0b00000000
"SPI","result",19.706433,4e-06,0b00000100,0b00000000
"SPI","result",19.7064437,4e-06,0b00000010,0b00000000
"SPI","result",19.7064485,4e-06,0b00001100,0b00000000
"SPI","result",19.7064593,3.99999999e-06,0b00000001,0b00000000
"SPI","result",19.706464,4e-06,0b00000100,0b00000000
"SPI","result",19.7064748,4e-06,0b00000010,0b00000000
"SPI","result",19.7064795,4e-06,0b00001100,0b00000000
"SPI","result",19.7064903,4e-06,0b00000001,0b00000000
"SPI","result",19.706495,4e-06,0b00000100,0b00000000
"SPI","result",19.7065058,4.25e-06,0b00000010,0b00000000
"SPI","result",19.7065105,4e-06,0b00001100,0b00000000
"SPI","result",19.7065213,4.25e-06,0b00000001,0b00000000
"SPI","result",19.706526,4e-06,0b00000100,0b00000000
"SPI","result",19.7065368,4.25e-06,0b00000010,0b00000000
"SPI","result",19.7065415,4e-06,0b00000001,0b00000000
"SPI","result",19.7065523,4.25e-06,0b00000000,0b00000000
"SPI","result",19.706557,4e-06,0b00000000,0b00000000
"SPI","disable",19.706565,2.49999997e-07,,
"SPI","enable",19.7065672,2.49999997e-07,,
"SPI","result",19.7065683,4e-06,0b00001101,0b00000000
"SPI","disable",19.7065725,2.50000001e-07,,
"SPI","enable",19.915819,2.49999997e-07,,
"SPI","result",19.9158198,4.25e-06,0b00001010,0b00000000
"SPI","disable",19.915824,2.50000001e-07,,
"SPI","enable",19.915827,2.49999997e-07,,
"SPI","result",19.9158293,4e-06,0b00000010,0b00000000
"SPI","result",19.9158338,4.25e-06,0b00001000,0b00000000
"SPI","result",19.9158417,4e-06,0b00000001,0b00000000
"SPI","result",19.9158463,4.25e-06,0b00001111,0b00000000
"SPI","disable",19.9158515,2.50000005e-07,,
"SPI","enable",19.915854,2.50000001e-07,,
"SPI","result",19.915856,4.25e-06,0b00000000,0b00000000
"SPI","result",19.9158608,4e-06,0b00001110,0b00000000
"SPI","result",19.9158685,4e-06,0b00000000,0b00000000
"SPI","result",19.9158733,4e-06,0b00000001,0b00000000
"SPI","disable",19.9158785,2.49999997e-07,,
"SPI","enable",19.9158807,2.49999997e-07,,
"SPI","result",19.915883,4e-06,0b00000000,0b00000000
"SPI","result",19.9158877,4e-06,0b00000001,0b00000000
"SPI","result",19.9158955,4e-06,0b00000110,0b00000000
"SPI","result",19.9159,4.25e-06,0b00000010,0b00000000
"SPI","disable",19.9159055,2.50000001e-07,,
"SPI","enable",19.9159077,2.50000005e-07,,
"SPI","result",19.91591,4e-06,0b00000001,0b00000000
"SPI","result",19.9159145,4.25e-06,0b00001111,0b00000000
"SPI","result",19.9159223,4.25e-06,0b00000000,0b00000000
"SPI","result",19.915927,4e-06,0b00001111,0b00000000
"SPI","disable",19.9159323,2.49999997e-07,,
"SPI","enable",19.9159363,2.49999997e-07,,
"SPI","result",19.9159382,4.25e-06,0b00000000,0b00000000
"SPI","result",19.915943,4e-06,0b00001111,0b00000000
"SPI","result",19.9159508,4e-06,0b00000000,0b00000000
"SPI","result",19.9159555,4e-06,0b00000100,0b00000000
"SPI","disable",19.9159607,2.50000001e-07,,
"SPI","enable",19.915963,2.50000001e-07,,
"SPI","result",19.9159653,4e-06,0b00000000,0b00000000
"SPI","result",19.91597,4e-06,0b00001011,0b00000000
"SPI","result",19.9159777,4e-06,0b00000000,0b00000000
"SPI","result",19.9159825,4e-06,0b00000001,0b00000000
"SPI","disable",19.9159877,2.49999997e-07,,
"SPI","enable",19.91599,2.49999997e-07,,
"SPI","result",19.9159922,4e-06,0b00000000,0b00000000
"SPI","result",19.9159968,4.25e-06,0b00000011,0b00000000
"SPI","result",19.9160045,4.25e-06,0b00000000,0b00000000
"SPI","result",19.9160092,4e-06,0b00001111,0b00000000
"SPI","disable",19.9160145,2.50000001e-07,,
"SPI","enable",19.9162238,2.49999997e-07,,
"SPI","result",19.9162248,4e-06,0b00001010,0b00000000
"SPI","disable",19.9162287,2.50000005e-07,,
"SPI","enable",19.9162318,2.49999997e-07,,
"SPI","result",19.9162327,4e-06,0b00001110,0b00000000
"SPI","disable",19.9162367,2.49999997e-07,,
"SPI","enable",19.9162385,2.50000001e-07,,
"SPI","result",19.916241,4e-06,0b00000000,0b00000000
"SPI","result",19.9162458,4e-06,0b00000101,0b00000000
"SPI","result",19.9162558,4e-06,0b00000100,0b00000000
"SPI","result",19.9162605,4e-06,0b00001001,0b00000000
"SPI","result",19.9162713,4e-06,0b00000110,0b00000000
"SPI","result",19.916276,4e-06,0b00000100,0b00000000
"SPI","result",19.9162868,4.25e-06,0b00000011,0b00000000
"SPI","result",19.9162915,4e-06,0b00000111,0b00000000
"SPI","result",19.9163023,4.25e-06,0b00000110,0b00000000
"SPI","result",19.916307,4e-06,0b00000100,0b00000000
"SPI","result",19.9163178,4.25e-06,0b00000010,0b00000000
"SPI","result",19.9163225,4e-06,0b00000001,0b00000000
"SPI","result",19.9163333,4.25e-06,0b00000011,0b00000000
"SPI","result",19.916338,4e-06,0b00000100,0b00000000
"SPI","result",19.916349,4e-06,0b00000010,0b00000000
"SPI","result",19.9163535,4e-06,0b00000001,0b00000000
"SPI","result",19.9163645,4e-06,0b00000001,0b00000000
"SPI","result",19.916369,4.25e-06,0b00000100,0b00000000
"SPI","result",19.91638,4e-06,0b00000010,0b00000000
"SPI","result",19.9163845,4.25e-06,0b00001100,0b00000000
"SPI","result",19.9163955,4e-06,0b00000001,0b00000000
"SPI","result",19.9164,4.25e-06,0b00000100,0b00000000
"SPI","result",19.916411,4e-06,0b00000010,0b00000000
"SPI","result",19.9164157,4e-06,0b00001100,0b00000000
"SPI","result",19.9164265,4e-06,0b00000001,0b00000000
"SPI","result",19.9164312,4e-06,0b00000100,0b00000000
"SPI","result",19.916442,4e-06,0b00000010,0b00000000
"SPI","result",19.9164467,4e-06,0b00001100,0b00000000
"SPI","result",19.9164575,4e-06,0b00000001,0b00000000
"SPI","result",19.9164622,4e-06,0b00000100,0b00000000
"SPI","result",19.916473,4e-06,0b00000010,0b00000000
"SPI","result",19.9164777,4e-06,0b00000001,0b00000000
"SPI","result",19.9164885,4e-06,0b00000000,0b00000000
"SPI","result",19.9164932,4e-06,0b00000000,0b00000000
"SPI","disable",19.9165012,2.49999997e-07,,
"SPI","enable",19.9165035,2.49999997e-07,,
"SPI","result",19.9165045,4e-06,0b00001101,0b00000000
"SPI","disable",19.9165087,2.50000005e-07,,
"SPI","enable",20.0254633,2.50000001e-07,,
"SPI","result",20.0254642,4e-06,0b00001010,0b00000000
"SPI","disable",20.0254682,2.50000001e-07,,
"SPI","enable",20.0254712,2.50000001e-07,,
"SPI","result",20.0254735,4e-06,0b00000010,0b00000000
"SPI","result",20.0254782,4e-06,0b00001000,0b00000000
"SPI","result",20.025486,4e-06,0b00000001,0b00000000
"SPI","result",20.0254907,4e-06,0b00001111,0b00000000
"SPI","disable",20.025496,2.50000001e-07,,
"SPI","enable",20.0254982,2.50000005e-07,,
"SPI","result",20.0255005,4e-06,0b00000000,0b00000000
"SPI","result",20.025505,4.25e-06,0b00001110,0b00000000
"SPI","result",20.025513,4e-06,0b00000000,0b00000000
"SPI","result",20.0255175,4e-06,0b00000001,0b00000000
"SPI","disable",20.0255228,2.50000001e-07,,
"SPI","enable",20.0255253,2.49999997e-07,,
"SPI","result",20.0255272,4.25e-06,0b00000000,0b00000000
"SPI","result",20.025532,4e-06,0b00000001,0b00000000
"SPI","result",20.0255398,4e-06,0b00000110,0b00000000
"SPI","result",20.0255445,4e-06,0b00000010,0b00000000
"SPI","disable",20.0255497,2.50000001e-07,,
"SPI","enable",20.025552,2.50000001e-07,,
"SPI","result",20.0255542,4e-06,0b00000001,0b00000000
"SPI","result",20.025559,4e-06,0b00001111,0b00000000
"SPI","result",20.0255667,4e-06,0b00000000,0b00000000
"SPI","result",20.0255715,4e-06,0b00001111,0b00000000
"SPI","disable",20.0255767,2.49999997e-07,,
"SPI","enable",20.0255805,2.50000001e-07,,
"SPI","result",20.0255828,4e-06,0b00000000,0b00000000
"SPI","result",20.0255875,4e-06,0b00001111,0b00000000
"SPI","result",20.0255952,4e-06,0b00000000,0b00000000
"SPI","result",20.0255998,4.25e-06,0b00000100,0b00000000
"SPI","disable",20.025605,2.50000001e-07,,
"SPI","enable",20.0256075,2.50000001e-07,,
"SPI","result",20.0256095,4.25e-06,0b00000000,0b00000000
"SPI","result",20.0256143,4e-06,0b00001011,0b00000000
"SPI","result",20.025622,4.25e-06,0b00000000,0b00000000
"SPI","result",20.0256268,4e-06,0b00000001,0b00000000
"SPI","disable",20.025632,2.50000001e-07,,
"SPI","enable",20.0256342,2.50000001e-07,,
"SPI","result",20.0256365,4e-06,0b00000000,0b00000000
"SPI","result",20.0256412,4e-06,0b00000011,0b00000000
"SPI","result",20.025649,4e-06,0b00000000,0b00000000
"SPI","result",20.0256538,4e-06,0b00001111,0b00000000
"SPI","disable",20.025659,2.50000001e-07,,
"SPI","enable",20.0258682,2.50000001e-07,,
"SPI","result",20.025869,4.25e-06,0b00001010,0b00000000
"SPI","disable",20.0258733,2.49999997e-07,,
"SPI","enable",20.025876,2.50000001e-07,,
"SPI","result",20.025877,4e-06,0b00001110,0b00000000
"SPI","disable",20.0258813,2.49999997e-07,,
"SPI","enable",20.025883,2.49999997e-07,,
"SPI","result",20.0258855,4e-06,0b00000000,0b00000000
"SPI","result",20.02589,4.25e-06,0b00000101,0b00000000
"SPI","result",20.0259002,4e-06,0b00000100,0b00000000
"SPI","result",20.025905,4e-06,0b00001001,0b00000000
"SPI","result",20.0259157,4e-06,0b00000110,0b00000000
"SPI","result",20.0259205,4e-06,0b00000100,0b00000000
"SPI","result",20.0259312,4e-06,0b00000011,0b00000000
"SPI","result",20.025936,4e-06,0b00000111,0b00000000
"SPI","result",20.0259467,4e-06,0b00000110,0b00000000
"SPI","result",20.0259515,4e-06,0b00000100,0b00000000
"SPI","result",20.0259622,4e-06,0b00000010,0b00000000
"SPI","result",20.025967,4e-06,0b00000001,0b00000000
"SPI","result",20.0259777,4e-06,0b00000011,0b00000000
"SPI","result",20.0259825,4e-06,0b00000100,0b00000000
"SPI","result",20.0259932,4.25e-06,0b00000010,0b00000000
"SPI","result",20.025998,4e-06,0b00000001,0b00000000
"SPI","result",20.0260087,4.25e-06,0b00000001,0b00000000
"SPI","result",20.0260135,4e-06,0b00000100,0b00000000
"SPI","result",20.0260242,4.25e-06,0b00000010,0b00000000
"SPI","result",20.026029,4e-06,0b00001100,0b00000000
"SPI","result",20.02604,4e-06,0b00000001,0b00000000
"SPI","result",20.0260445,4e-06,0b00000100,0b00000000
"SPI","result",20.0260555,4e-06,0b00000010,0b00000000
"SPI","result",20.02606,4.25e-06,0b00001100,0b00000000
"SPI","result",20.026071,3.99999999e-06,0b00000001,0b00000000
"SPI","result",20.0260755,4.25e-06,0b00000100,0b00000000
"SPI","result",20.0260865,4e-06,0b00000010,0b00000000
"SPI","result",20.0260913,4e-06,0b00001100,0b00000000
"SPI","result",20.026102,4e-06,0b00000001,0b00000000
"SPI","result",20.0261065,4.25e-06,0b00000100,0b00000000
"SPI","result",20.0261175,4e-06,0b00000010,0b00000000
"SPI","result",20.0261223,4e-06,0b00000001,0b00000000
"SPI","result",20.026133,4e-06,0b00000000,0b00000000
"SPI","result",20.0261378,4e-06,0b00000000,0b00000000
"SPI","disable",20.0261458,2.50000001e-07,,
"SPI","enable",20.026148,2.50000001e-07,,
"SPI","result",20.026149,4e-06,0b00001101,0b00000000
"SPI","disable",20.026153,2.49999997e-07,,
"SPI","enable",20.235345,2.50000005e-07,,
"SPI","result",20.235346,4e-06,0b00001010,0b00000000
"SPI","disable",20.2353502,2.50000001e-07,,
"SPI","enable",20.235353,2.50000001e-07,,
"SPI","result",20.2353553,4.25e-06,0b00000010,0b00000000
"SPI","result",20.23536,4e-06,0b00001000,0b00000000
"SPI","result",20.2353678,4e-06,0b00000001,0b00000000
"SPI","result",20.2353725,4e-06,0b00001111,0b00000000
"SPI","disable",20.2353778,2.50000001e-07,,
"SPI","enable",20.23538,2.49999997e-07,,
"SPI","result",20.2353823,4e-06,0b00000000,0b00000000
"SPI","result",20.235387,4e-06,0b00001110,0b00000000
"SPI","result",20.2353948,4e-06,0b00000000,0b00000000
"SPI","result",20.2353993,4.25e-06,0b00000001,0b00000000
"SPI","disable",20.2354048,2.49999997e-07,,
"SPI","enable",20.235407,2.50000001e-07,,
"SPI","result",20.235409,4.25e-06,0b00000000,0b00000000
"SPI","result",20.2354137,4e-06,0b00000001,0b00000000
"SPI","result",20.2354215,4.25e-06,0b00000110,0b00000000
"SPI","result",20.2354262,4e-06,0b00000010,0b00000000
"SPI","disable",20.2354315,2.49999997e-07,,
"SPI","enable",20.2354337,2.50000001e-07,,
"SPI","result",20.235436,4e-06,0b00000001,0b00000000
"SPI","result",20.2354407,4e-06,0b00001111,0b00000000
"SPI","result",20.2354485,4e-06,0b00000000,0b00000000
"SPI","result",20.2354532,4e-06,0b00001111,0b00000000
"SPI","disable",20.2354585,2.49999997e-07,,
"SPI","enable",20.2354623,2.50000001e-07,,
"SPI","result",20.2354645,4e-06,0b00000000,0b00000000
"SPI","result",20.2354693,4e-06,0b00001111,0b00000000
"SPI","result",20.235477,4e-06,0b00000000,0b00000000
"SPI","result",20.2354815,4.25e-06,0b00000100,0b00000000
"SPI","disable",20.2354867,2.49999997e-07,,
"SPI","enable",20.2354892,2.50000001e-07,,
"SPI","result",20.2354912,4.25e-06,0b00000000,0b00000000
"SPI","result",20.235496,4e-06,0b00001011,0b00000000
"SPI","result",20.2355037,4.25e-06,0b00000000,0b00000000
"SPI","result",20.2355085,4e-06,0b00000001,0b00000000
"SPI","disable",20.2355137,2.50000001e-07,,
"SPI","enable",20.235516,2.50000001e-07,,
"SPI","result",20.2355182,4e-06,0b00000000,0b00000000
"SPI","result",20.235523,4e-06,0b00000011,0b00000000
"SPI","result",20.2355307,4e-06,0b00000000,0b00000000
"SPI","result",20.2355355,4e-06,0b00001111,0b00000000
"SPI","disable",20.2355407,2.50000001e-07,,
"SPI","enable",20.235749,2.50000001e-07,,
"SPI","result",20.23575,4e-06,0b00001010,0b00000000
"SPI","disable",20.2357542,2.50000001e-07,,
"SPI","enable",20.235757,2.50000001e-07,,
"SPI","result",20.235758,4e-06,0b00001110,0b00000000
"SPI","disable",20.2357623,2.50000001e-07,,
"SPI","enable",20.235764,2.50000001e-07,,
"SPI","result",20.2357663,4.25e-06,0b00000000,0b00000000
"SPI","result",20.235771,4e-06,0b00000101,0b00000000
"SPI","result",20.2357812,4e-06,0b00000100,0b00000000
"SPI","result",20.2357858,4.25e-06,0b00001001,0b00000000
"SPI","result",20.2357967,4e-06,0b00000110,0b00000000
"SPI","result",20.2358013,4.25e-06,0b00000100,0b00000000
"SPI","result",20.2358122,4e-06,0b00000011,0b00000000
"SPI","result",20.235817,4e-06,0b00001000,0b00000000
"SPI","result",20.2358277,4e-06,0b00000110,0b00000000
"SPI","result",20.2358323,4.25e-06,0b00000100,0b00000000
"SPI","result",20.2358432,4e-06,0b00000010,0b00000000
"SPI","result",20.235848,4e-06,0b00000001,0b00000000
"SPI","result",20.2358587,4e-06,0b00000011,0b00000000
"SPI","result",20.2358635,4e-06,0b00000100,0b00000000
"SPI","result",20.2358742,4e-06,0b00000010,0b00000000
"SPI","result",20.235879,4e-06,0b00000001,0b00000000
"SPI","result",20.2358897,4e-06,0b00000001,0b00000000
"SPI","result",20.2358945,4e-06,0b00000100,0b00000000
"SPI","result",20.2359052,4e-06,0b00000010,0b00000000
"SPI","result",20.23591,4e-06,0b00001100,0b00000000
"SPI","result",20.2359207,4e-06,0b00000001,0b00000000
"SPI","result",20.2359255,4e-06,0b00000100,0b00000000
"SPI","result",20.2359363,4.25e-06,0b00000010,0b00000000
"SPI","result",20.235941,4e-06,0b00001100,0b00000000
"SPI","result",20.2359518,4.25e-06,0b00000001,0b00000000
"SPI","result",20.2359565,4e-06,0b00000100,0b00000000
"SPI","result",20.2359673,4.25e-06,0b00000010,0b00000000
"SPI","result",20.235972,4e-06,0b00001100,0b00000000
"SPI","result",20.235983,4e-06,0b00000001,0b00000000
"SPI","result",20.2359875,4e-06,0b00000100,0b00000000
"SPI","result",20.2359985,4e-06,0b00000010,0b00000000
"SPI","result",20.236003,4e-06,0b00000001,0b00000000
"SPI","result",20.236014,4e-06,0b00000000,0b00000000
"SPI","result",20.2360185,4.25e-06,0b00000000,0b00000000
"SPI","disable",20.2360268,2.49999997e-07,,
"SPI","enable",20.2360287,2.50000001e-07,,
"SPI","result",20.2360298,4e-06,0b00001101,0b00000000
"SPI","disable",20.236034,2.50000001e-07,,
"SPI","enable",20.3809508,2.50000001e-07,,
"SPI","result",20.3809518,4e-06,0b00001010,0b00000000
"SPI","disable",20.3809557,2.50000005e-07,,
"SPI","enable",20.3809588,2.49999997e-07,,
"SPI","result",20.380961,4e-06,0b00000010,0b00000000
"SPI","result",20.3809658,4e-06,0b00001000,0b00000000
"SPI","result",20.3809735,4e-06,0b00000001,0b00000000
"SPI","result",20.380978,4.25e-06,0b00001111,0b00000000
"SPI","disable",20.3809835,2.50000001e-07,,
"SPI","enable",20.3809858,2.50000001e-07,,
"SPI","result",20.3809877,4.25e-06,0b00000000,0b00000000
"SPI","result",20.3809925,4e-06,0b00001110,0b00000000
"SPI","result",20.3810002,4.25e-06,0b00000000,0b00000000
"SPI","result",20.381005,4e-06,0b00000001,0b00000000
"SPI","disable",20.3810102,2.50000001e-07,,
"SPI","enable",20.3810125,2.50000001e-07,,
"SPI","result",20.3810147,4e-06,0b00000000,0b00000000
"SPI","result",20.3810195,4e-06,0b00000001,0b00000000
"SPI","result",20.3810272,4e-06,0b00000110,0b00000000
"SPI","result",20.381032,4e-06,0b00000010,0b00000000
"SPI","disable",20.3810372,2.50000005e-07,,
"SPI","enable",20.3810395,2.50000001e-07,,
"SPI","result",20.3810418,4e-06,0b00000001,0b00000000
"SPI","result",20.3810465,4e-06,0b00001111,0b00000000
"SPI","result",20.3810542,4e-06,0b00000000,0b00000000
"SPI","result",20.3810588,4.25e-06,0b00001111,0b00000000
"SPI","disable",20.381064,2.50000005e-07,,
"SPI","enable",20.381068,2.49999997e-07,,
"SPI","result",20.38107,4.25e-06,0b00000000,0b00000000
"SPI","result",20.3810747,4e-06,0b00001111,0b00000000
"SPI","result",20.3810825,4.25e-06,0b00000000,0b00000000
"SPI","result",20.3810873,4e-06,0b00000100,0b00000000
"SPI","disable",20.3810925,2.49999997e-07,,
"SPI","enable",20.3810947,2.49999997e-07,,
"SPI","result",20.381097,4e-06,0b00000000,0b00000000
"SPI","result",20.3811017,4e-06,0b00001011,0b00000000
"SPI","result",20.3811095,4e-06,0b00000000,0b00000000
"SPI","result",20.3811142,4e-06,0b00000001,0b00000000
"SPI","disable",20.3811195,2.50000001e-07,,
"SPI","enable",20.3811217,2.50000005e-07,,
"SPI","result",20.381124,4e-06,0b00000000,0b00000000
"SPI","result",20.3811285,4.25e-06,0b00000011,0b00000000
"SPI","result",20.3811365,4e-06,0b00000000,0b00000000
"SPI","result",20.381141,4.25e-06,0b00001111,0b00000000
"SPI","disable",20.3811463,2.49999997e-07,,
"SPI","enable",20.3813547,2.50000001e-07,,
"SPI","result",20.3813558,4e-06,0b00001010,0b00000000
"SPI","disable",20.38136,2.50000001e-07,,
"SPI","enable",20.3813628,2.50000001e-07,,
"SPI","result",20.3813637,4e-06,0b00001110,0b00000000
"SPI","disable",20.3813677,2.50000001e-07,,
"SPI","enable",20.3813698,2.49999997e-07,,
"SPI","result",20.381372,4e-06,0b00000000,0b00000000
"SPI","result",20.3813768,4e-06,0b00000101,0b00000000
"SPI","result",20.3813868,4.25e-06,0b00000100,0b00000000
"SPI","result",20.3813915,4e-06,0b00001001,0b00000000
"SPI","result",20.3814023,4.25e-06,0b00000110,0b00000000
"SPI","result",20.381407,4e-06,0b00000100,0b00000000
"SPI","result",20.3814178,4.25e-06,0b00000011,0b00000000
"SPI","result",20.3814225,4e-06,0b00001000,0b00000000
"SPI","result",20.3814333,4.25e-06,0b00000110,0b00000000
"SPI","result",20.381438,4e-06,0b00000100,0b00000000
"SPI","result",20.381449,4e-06,0b00000010,0b00000000
"SPI","result",20.3814535,4e-06,0b00000001,0b00000000
"SPI","result",20.3814645,4e-06,0b00000011,0b00000000
"SPI","result",20.381469,4e-06,0b00000100,0b00000000
"SPI","result",20.38148,4e-06,0b00000010,0b00000000
"SPI","result",20.3814845,4.25e-06,0b00000001,0b00000000
"SPI","result",20.3814955,4e-06,0b00000001,0b00000000
"SPI","result",20.3815,4.25e-06,0b00000100,0b00000000
"SPI","result",20.381511,4e-06,0b00000010,0b00000000
"SPI","result",20.3815157,4e-06,0b00001100,0b00000000
"SPI","result",20.3815265,4e-06,0b00000001,0b00000000
"SPI","result",20.381531,4.25e-06,0b00000100,0b00000000
"SPI","result",20.381542,4e-06,0b00000010,0b00000000
"SPI","result",20.3815467,4e-06,0b00001100,0b00000000
"SPI","result",20.3815575,4e-06,0b00000001,0b00000000
"SPI","result",20.3815623,4e-06,0b00000100,0b00000000
"SPI","result",20.381573,4e-06,0b00000010,0b00000000
"SPI","result",20.3815778,4e-06,0b00001100,0b00000000
"SPI","result",20.3815885,4e-06,0b00000001,0b00000000
"SPI","result",20.3815933,4e-06,0b00000100,0b00000000
"SPI","result",20.381604,4e-06,0b00000010,0b00000000
"SPI","result",20.3816088,4e-06,0b00000001,0b00000000
"SPI","result",20.3816195,4.25e-06,0b00000000,0b00000000
"SPI","result",20.3816243,4e-06,0b00000000,0b00000000
"SPI","disable",20.3816322,2.50000001e-07,,
"SPI","enable",20.3816345,2.50000001e-07,,
"SPI","result",20.3816355,4e-06,0b00001101,0b00000000
"SPI","disable",20.3816398,2.49999997e-07,,
"SPI","enable",20.5625482,2.49999997e-07,,
"SPI","result",20.562549,4.25e-06,0b00001010,0b00000000
"SPI","disable",20.5625533,2.49999997e-07,,
"SPI","enable",20.5625563,2.49999997e-07,,
"SPI","result",20.5625585,4e-06,0b00000010,0b00000000
"SPI","result",20.562563,4.25e-06,0b00001000,0b00000000
"SPI","result",20.562571,4e-06,0b00000001,0b00000000
"SPI","result",20.5625755,4e-06,0b00001111,0b00000000
"SPI","disable",20.5625807,2.50000005e-07,,
"SPI","enable",20.5625832,2.49999997e-07,,
"SPI","result",20.5625853,4.25e-06,0b00000000,0b00000000
"SPI","result",20.56259,4e-06,0b00001110,0b00000000
"SPI","result",20.5625977,4e-06,0b00000000,0b00000000
"SPI","result",20.5626025,4e-06,0b00000001,0b00000000
"SPI","disable",20.5626078,2.49999997e-07,,
"SPI","enable",20.56261,2.49999997e-07,,
"SPI","result",20.5626123,4e-06,0b00000000,0b00000000
"SPI","result",20.562617,4e-06,0b00000001,0b00000000
"SPI","result",20.5626248,4e-06,0b00000110,0b00000000
"SPI","result",20.5626293,4.25e-06,0b00000010,0b00000000
"SPI","disable",20.5626348,2.50000001e-07,,
"SPI","enable",20.562637,2.50000005e-07,,
"SPI","result",20.5626393,4e-06,0b00000001,0b00000000
"SPI","result",20.5626437,4.25e-06,0b00001111,0b00000000
"SPI","result",20.5626515,4.25e-06,0b00000000,0b00000000
"SPI","result",20.5626562,4e-06,0b00001111,0b00000000
"SPI","disable",20.5626615,2.49999997e-07,,
"SPI","enable",20.5626655,2.49999997e-07,,
"SPI","result",20.5626675,4.25e-06,0b00000000,0b00000000
"SPI","result",20.5626722,4e-06,0b00001111,0b00000000
"SPI","result",20.56268,4.25e-06,0b00000000,0b00000000
"SPI","result",20.5626847,4e-06,0b00000100,0b00000000
"SPI","disable",20.56269,2.50000001e-07,,
"SPI","enable",20.5626923,2.50000001e-07,,
"SPI","result",20.5626945,4e-06,0b00000000,0b00000000
"SPI","result",20.5626993,4e-06,0b00001011,0b00000000
"SPI","result",20.562707,4e-06,0b00000000,0b00000000
"SPI","result",20.5627117,4e-06,0b00000001,0b00000000
"SPI","disable",20.562717,2.49999997e-07,,
"SPI","enable",20.5627193,2.49999997e-07,,
"SPI","result",20.5627215,4e-06,0b00000000,0b00000000
"SPI","result",20.562726,4.25e-06,0b00000011,0b00000000
"SPI","result",20.562734,4e-06,0b00000000,0b00000000
"SPI","result",20.5627385,4e-06,0b00001111,0b00000000
"SPI","disable",20.5627437,2.50000001e-07,,
"SPI","enable",20.5629522,2.50000005e-07,,
"SPI","result",20.5629532,4e-06,0b00001010,0b00000000
"SPI","disable",20.5629575,2.49999997e-07,,
"SPI","enable",20.5629602,2.49999997e-07,,
"SPI","result",20.5629613,4e-06,0b00001110,0b00000000
"SPI","disable",20.5629655,2.49999997e-07,,
"SPI","enable",20.5629672,2.49999997e-07,,
"SPI","result",20.5629695,4e-06,0b00000000,0b00000000
"SPI","result",20.5629742,4e-06,0b00000101,0b00000000
"SPI","result",20.5629843,4.25e-06,0b00000100,0b00000000
"SPI","result",20.562989,4e-06,0b00001001,0b00000000
"SPI","result",20.5629997,4.25e-06,0b00000110,0b00000000
"SPI","result",20.5630045,4e-06,0b00000100,0b00000000
"SPI","result",20.5630155,4e-06,0b00000011,0b00000000
"SPI","result",20.56302,4e-06,0b00001000,0b00000000
"SPI","result",20.563031,4e-06,0b00000110,0b00000000
"SPI","result",20.5630355,4e-06,0b00000100,0b00000000
"SPI","result",20.5630465,4e-06,0b00000010,0b00000000
"SPI","result",20.563051,4.25e-06,0b00000001,0b00000000
"SPI","result",20.563062,4e-06,0b00000011,0b00000000
"SPI","result",20.5630665,4.25e-06,0b00000100,0b00000000
"SPI","result",20.5630775,4e-06,0b00000010,0b00000000
"SPI","result",20.563082,4.25e-06,0b00000001,0b00000000
"SPI","result",20.563093,4e-06,0b00000001,0b00000000
"SPI","result",20.5630975,4.25e-06,0b00000100,0b00000000
"SPI","result",20.5631085,4e-06,0b00000010,0b00000000
"SPI","result",20.5631133,4e-06,0b00001100,0b00000000
"SPI","result",20.563124,4e-06,0b00000001,0b00000000
"SPI","result",20.5631288,4e-06,0b00000100,0b00000000
"SPI","result",20.5631395,4e-06,0b00000010,0b00000000
"SPI","result",20.5631443,4e-06,0b00001100,0b00000000
"SPI","result",20.563155,4e-06,0b00000001,0b00000000
"SPI","result",20.5631598,4e-06,0b00000100,0b00000000
"SPI","result",20.5631705,4e-06,0b00000010,0b00000000
"SPI","result",20.5631753,4e-06,0b00001100,0b00000000
"SPI","result",20.563186,4.25e-06,0b00000001,0b00000000
"SPI","result",20.5631908,4e-06,0b00000100,0b00000000
"SPI","result",20.5632015,4.25e-06,0b00000010,0b00000000
"SPI","result",20.5632063,4e-06,0b00000001,0b00000000
"SPI","result",20.563217,4.25e-06,0b00000000,0b00000000
"SPI","result",20.5632218,4e-06,0b00000000,0b00000000
"SPI","disable",20.5632298,2.49999997e-07,,
"SPI","enable",20.563232,2.49999997e-07,,
"SPI","result",20.563233,4e-06,0b00001101,0b00000000
"SPI","disable",20.5632373,2.49999997e-07,,
"SPI","enable",20.708145,2.50000005e-07,,
"SPI","result",20.7081457,4.25e-06,0b00001010,0b00000000
"SPI","disable",20.70815,2.49999997e-07,,
"SPI","enable",20.708153,2.50000001e-07,,
"SPI","result",20.7081553,4e-06,0b00000010,0b00000000
"SPI","result",20.70816,4e-06,0b00001000,0b00000000
"SPI","result",20.7081678,4e-06,0b00000001,0b00000000
"SPI","result",20.7081723,4.25e-06,0b00001111,0b00000000
"SPI","disable",20.7081775,2.50000001e-07,,
"SPI","enable",20.70818,2.50000001e-07,,
"SPI","result",20.708182,4.25e-06,0b00000000,0b00000000
"SPI","result",20.7081867,4e-06,0b00001110,0b00000000
"SPI","result",20.7081945,4.25e-06,0b00000000,0b00000000
"SPI","result",20.7081992,4e-06,0b00000001,0b00000000
"SPI","disable",20.7082045,2.50000001e-07,,
"SPI","enable",20.7082067,2.50000005e-07,,
"SPI","result",20.708209,4e-06,0b00000000,0b00000000
"SPI","result",20.7082137,4e-06,0b00000001,0b00000000
"SPI","result",20.7082215,4e-06,0b00000110,0b00000000
"SPI","result",20.7082262,4e-06,0b00000010,0b00000000
"SPI","disable",20.7082315,2.49999997e-07,,
"SPI","enable",20.7082338,2.49999997e-07,,
"SPI","result",20.708236,4e-06,0b00000001,0b00000000
"SPI","result",20.7082405,4.25e-06,0b00001111,0b00000000
"SPI","result",20.7082483,4.25e-06,0b00000000,0b00000000
"SPI","result",20.708253,4e-06,0b00001111,0b00000000
"SPI","disable",20.7082583,2.50000001e-07,,
"SPI","enable",20.7082623,2.50000001e-07,,
"SPI","result",20.7082642,4.25e-06,0b00000000,0b00000000
"SPI","result",20.708269,4e-06,0b00001111,0b00000000
"SPI","result",20.7082767,4e-06,0b00000000,0b00000000
"SPI","result",20.7082815,4e-06,0b00000100,0b00000000
"SPI","disable",20.7082867,2.50000001e-07,,
"SPI","enable",20.708289,2.50000001e-07,,
"SPI","result",20.7082912,4e-06,0b00000000,0b00000000
"SPI","result",20.708296,4e-06,0b00001011,0b00000000
"SPI","result",20.7083037,4e-06,0b00000000,0b00000000
"SPI","result",20.7083085,4e-06,0b00000001,0b00000000
"SPI","disable",20.7083137,2.50000005e-07,,
"SPI","enable",20.708316,2.50000001e-07,,
"SPI","result",20.708318,4.25e-06,0b00000000,0b00000000
"SPI","result",20.7083228,4.25e-06,0b00000011,0b00000000
"SPI","result",20.7083305,4.25e-06,0b00000000,0b00000000
"SPI","result",20.7083353,4e-06,0b00001111,0b00000000
"SPI","disable",20.7083405,2.50000005e-07,,
"SPI","enable",20.708549,2.49999997e-07,,
"SPI","result",20.70855,4e-06,0b00001010,0b00000000
"SPI","disable",20.708554,2.49999997e-07,,
"SPI","enable",20.708557,2.49999997e-07,,
"SPI","result",20.708558,4e-06,0b00001110,0b00000000
"SPI","disable",20.708562,2.49999997e-07,,
"SPI","enable",20.7085637,2.49999997e-07,,
"SPI","result",20.7085663,4e-06,0b00000000,0b00000000
"SPI","result",20.708571,4e-06,0b00000101,0b00000000
"SPI","result",20.708581,4e-06,0b00000100,0b00000000
"SPI","result",20.7085858,4e-06,0b00001001,0b00000000
"SPI","result",20.7085965,4e-06,0b00000110,0b00000000
"SPI","result",20.7086013,4e-06,0b00000100,0b00000000
"SPI","result",20.708612,4e-06,0b00000011,0b00000000
"SPI","result",20.7086168,4e-06,0b00001000,0b00000000
"SPI","result",20.7086275,4e-06,0b00000110,0b00000000
"SPI","result",20.7086323,4e-06,0b00000100,0b00000000
"SPI","result",20.708643,4e-06,0b00000010,0b00000000
"SPI","result",20.7086478,4e-06,0b00000001,0b00000000
"SPI","result",20.7086585,4.25e-06,0b00000011,0b00000000
"SPI","result",20.7086633,4e-06,0b00000100,0b00000000
"SPI","result",20.708674,4.25e-06,0b00000010,0b00000000
"SPI","result",20.7086788,4e-06,0b00000001,0b00000000
"SPI","result",20.7086895,4.25e-06,0b00000001,0b00000000
"SPI","result",20.7086943,4e-06,0b00000100,0b00000000
"SPI","result",20.708705,4.25e-06,0b00000010,0b00000000
"SPI","result",20.7087098,4e-06,0b00001100,0b00000000
"SPI","result",20.7087208,4e-06,0b00000001,0b00000000
"SPI","result",20.7087253,4e-06,0b00000100,0b00000000
"SPI","result",20.7087363,4e-06,0b00000010,0b00000000
"SPI","result",20.7087408,4e-06,0b00001100,0b00000000
"SPI","result",20.7087518,4e-06,0b00000001,0b00000000
"SPI","result",20.7087563,4.25e-06,0b00000100,0b00000000
"SPI","result",20.7087673,4e-06,0b00000010,0b00000000
"SPI","result",20.7087718,4.25e-06,0b00001100,0b00000000
"SPI","result",20.7087828,4e-06,0b00000001,0b00000000
"SPI","result",20.7087873,4.25e-06,0b00000100,0b00000000
"SPI","result",20.7087983,4e-06,0b00000010,0b00000000
"SPI","result",20.7088028,4.25e-06,0b00000001,0b00000000
"SPI","result",20.7088138,4e-06,0b00000000,0b00000000
"SPI","result",20.7088185,4e-06,0b00000000,0b00000000
"SPI","disable",20.7088265,2.50000001e-07,,
"SPI","enable",20.7088287,2.50000005e-07,,
"SPI","result",20.7088295,4.25e-06,0b00001101,0b00000000
"SPI","disable",20.7088338,2.49999997e-07,,
"SPI","enable",20.8537525,2.50000005e-07,,
"SPI","result",20.8537535,4e-06,0b00001010,0b00000000
"SPI","disable",20.8537577,2.49999997e-07,,
"SPI","enable",20.8537607,2.50000001e-07,,
"SPI","result",20.853763,4e-06,0b00000010,0b00000000
"SPI","result",20.8537675,4e-06,0b00001000,0b00000000
"SPI","result",20.8537753,4.25e-06,0b00000001,0b00000000
"SPI","result",20.85378,4e-06,0b00001111,0b00000000
"SPI","disable",20.8537853,2.50000001e-07,,
"SPI","enable",20.8537875,2.50000001e-07,,
"SPI","result",20.8537898,4e-06,0b00000000,0b00000000
"SPI","result",20.8537945,4e-06,0b00001110,0b00000000
"SPI","result",20.8538023,4e-06,0b00000000,0b00000000
"SPI","result",20.853807,4e-06,0b00000001,0b00000000
"SPI","disable",20.8538123,2.50000001e-07,,
"SPI","enable",20.8538145,2.50000001e-07,,
"SPI","result",20.8538168,4e-06,0b00000000,0b00000000
"SPI","result",20.8538212,4.25e-06,0b00000001,0b00000000
"SPI","result",20.8538293,4e-06,0b00000110,0b00000000
"SPI","result",20.8538337,4.25e-06,0b00000010,0b00000000
"SPI","disable",20.853839,2.50000001e-07,,
"SPI","enable",20.8538415,2.49999997e-07,,
"SPI","result",20.8538435,4.25e-06,0b00000001,0b00000000
"SPI","result",20.8538482,4e-06,0b00001111,0b00000000
"SPI","result",20.853856,4.25e-06,0b00000000,0b00000000
"SPI","result",20.8538607,4e-06,0b00001111,0b00000000
"SPI","disable",20.853866,2.49999997e-07,,
"SPI","enable",20.8538698,2.49999997e-07,,
"SPI","result",20.853872,4e-06,0b00000000,0b00000000
"SPI","result",20.8538768,3.99999999e-06,0b00001111,0b00000000
"SPI","result",20.8538845,4e-06,0b00000000,0b00000000
"SPI","result",20.8538893,4e-06,0b00000100,0b00000000
"SPI","disable",20.8538945,2.50000001e-07,,
"SPI","enable",20.8538968,2.50000001e-07,,
"SPI","result",20.853899,4e-06,0b00000000,0b00000000
"SPI","result",20.8539038,4e-06,0b00001011,0b00000000
"SPI","result",20.8539115,4e-06,0b00000000,0b00000000
"SPI","result",20.853916,4.25e-06,0b00000001,0b00000000
"SPI","disable",20.8539215,2.50000005e-07,,
"SPI","enable",20.8539237,2.50000001e-07,,
"SPI","result",20.8539257,4.25e-06,0b00000000,0b00000000
"SPI","result",20.8539305,4e-06,0b00000011,0b00000000
"SPI","result",20.8539382,4.25e-06,0b00000000,0b00000000
"SPI","result",20.853943,4e-06,0b00001111,0b00000000
"SPI","disable",20.8539482,2.50000005e-07,,
"SPI","enable",20.8541568,2.49999997e-07,,
"SPI","result",20.8541575,4.25e-06,0b00001010,0b00000000
"SPI","disable",20.8541617,2.50000001e-07,,
"SPI","enable",20.8541647,2.49999997e-07,,
"SPI","result",20.8541655,4.25e-06,0b00001110,0b00000000
"SPI","disable",20.8541698,2.49999997e-07,,
"SPI","enable",20.8541715,2.49999997e-07,,
"SPI","result",20.854174,4e-06,0b00000000,0b00000000
"SPI","result",20.8541785,4.25e-06,0b00000101,0b00000000
"SPI","result",20.8541887,4e-06,0b00000100,0b00000000
"SPI","result",20.8541935,4e-06,0b00001001,0b00000000
"SPI","result",20.8542042,4e-06,0b00000110,0b00000000
"SPI","result",20.854209,4e-06,0b00000100,0b00000000
"SPI","result",20.8542197,4e-06,0b00000011,0b00000000
"SPI","result",20.8542245,4e-06,0b00001000,0b00000000
"SPI","result",20.8542352,4e-06,0b00000110,0b00000000
"SPI","result",20.85424,4e-06,0b00000100,0b00000000
"SPI","result",20.8542507,4.25e-06,0b00000010,0b00000000
"SPI","result",20.8542555,4e-06,0b00000001,0b00000000
"SPI","result",20.8542662,4.25e-06,0b00000011,0b00000000
"SPI","result",20.854271,4e-06,0b00000100,0b00000000
"SPI","result",20.8542817,4.25e-06,0b00000010,0b00000000
"SPI","result",20.8542865,4e-06,0b00000001,0b00000000
"SPI","result",20.8542972,4.25e-06,0b00000001,0b00000000
"SPI","result",20.854302,4e-06,0b00000100,0b00000000
"SPI","result",20.854313,4e-06,0b00000010,0b00000000
"SPI","result",20.8543175,4e-06,0b00001100,0b00000000
"SPI","result",20.8543285,4e-06,0b00000001,0b00000000
"SPI","result",20.854333,4e-06,0b00000100,0b00000000
"SPI","result",20.854344,4e-06,0b00000010,0b00000000
"SPI","result",20.8543485,4.25e-06,0b00001100,0b00000000
"SPI","result",20.8543595,4e-06,0b00000001,0b00000000
"SPI","result",20.854364,4.25e-06,0b00000100,0b00000000
"SPI","result",20.854375,4e-06,0b00000010,0b00000000
"SPI","result",20.8543797,4e-06,0b00001100,0b00000000
"SPI","result",20.8543905,4e-06,0b00000001,0b00000000
"SPI","result",20.854395,4.25e-06,0b00000100,0b00000000
"SPI","result",20.854406,4e-06,0b00000010,0b00000000
"SPI","result",20.8544107,4e-06,0b00000001,0b00000000
"SPI","result",20.8544215,4e-06,0b00000000,0b00000000
"SPI","result",20.8544262,4e-06,0b00000000,0b00000000
"SPI","disable",20.8544343,2.49999997e-07,,
"SPI","enable",20.8544365,2.50000001e-07,,
"SPI","result",20.8544375,4e-06,0b00001101,0b00000000
"SPI","disable",20.8544415,2.49999997e-07,,
"SPI","enable",21.0353628,2.50000001e-07,,
"SPI","result",21.0353637,4e-06,0b00001010,0b00000000
"SPI","disable",21.035368,2.50000001e-07,,
"SPI","enable",21.0353707,2.50000005e-07,,
"SPI","result",21.035373,4e-06,0b00000010,0b00000000
"SPI","result",21.0353777,4e-06,0b00001000,0b00000000
"SPI","result",21.0353855,4e-06,0b00000001,0b00000000
"SPI","result",21.0353902,4e-06,0b00001111,0b00000000
"SPI","disable",21.0353955,2.50000001e-07,,
"SPI","enable",21.0353978,2.50000001e-07,,
"SPI","result",21.0354,4e-06,0b00000000,0b00000000
"SPI","result",21.0354045,4.25e-06,0b00001110,0b00000000
"SPI","result",21.0354125,4e-06,0b00000000,0b00000000
"SPI","result",21.035417,4e-06,0b00000001,0b00000000
"SPI","disable",21.0354222,2.50000001e-07,,
"SPI","enable",21.0354248,2.49999997e-07,,
"SPI","result",21.0354267,4.25e-06,0b00000000,0b00000000
"SPI","result",21.0354315,4e-06,0b00000001,0b00000000
"SPI","result",21.0354392,4e-06,0b00000110,0b00000000
"SPI","result",21.035444,4e-06,0b00000010,0b00000000
"SPI","disable",21.0354492,2.50000001e-07,,
"SPI","enable",21.0354515,2.50000001e-07,,
"SPI","result",21.0354537,4e-06,0b00000001,0b00000000
"SPI","result",21.0354585,4e-06,0b00001111,0b00000000
"SPI","result",21.0354662,4e-06,0b00000000,0b00000000
"SPI","result",21.035471,4e-06,0b00001111,0b00000000
"SPI","disable",21.0354762,2.50000001e-07,,
"SPI","enable",21.03548,2.50000001e-07,,
"SPI","result",21.0354823,4e-06,0b00000000,0b00000000
"SPI","result",21.0354868,4.25e-06,0b00001111,0b00000000
"SPI","result",21.0354945,4.25e-06,0b00000000,0b00000000
"SPI","result",21.0354993,4e-06,0b00000100,0b00000000
"SPI","disable",21.0355045,2.50000001e-07,,
"SPI","enable",21.0355067,2.49999997e-07,,
"SPI","result",21.035509,4e-06,0b00000000,0b00000000
"SPI","result",21.0355137,4e-06,0b00001011,0b00000000
"SPI","result",21.0355215,4e-06,0b00000000,0b00000000
"SPI","result",21.0355263,4e-06,0b00000001,0b00000000
"SPI","disable",21.0355315,2.50000001e-07,,
"SPI","enable",21.0355337,2.50000001e-07,,
"SPI","result",21.035536,4e-06,0b00000000,0b00000000
"SPI","result",21.0355405,4.25e-06,0b00000011,0b00000000
"SPI","result",21.0355485,4e-06,0b00000000,0b00000000
"SPI","result",21.035553,4.25e-06,0b00001111,0b00000000
"SPI","disable",21.0355585,2.50000001e-07,,
"SPI","enable",21.0357668,2.50000001e-07,,
"SPI","result",21.0357678,4e-06,0b00001010,0b00000000
"SPI","disable",21.035772,2.50000001e-07,,
"SPI","enable",21.0357748,2.50000001e-07,,
"SPI","result",21.0357757,4e-06,0b00001110,0b00000000
"SPI","disable",21.0357797,2.50000001e-07,,
"SPI","enable",21.0357818,2.50000001e-07,,
"SPI","result",21.035784,4e-06,0b00000000,0b00000000
"SPI","result",21.0357887,4e-06,0b00000101,0b00000000
"SPI","result",21.0357988,4.25e-06,0b00000100,0b00000000
"SPI","result",21.0358035,4e-06,0b00001001,0b00000000
"SPI","result",21.0358143,4.25e-06,0b00000110,0b00000000
"SPI","result",21.035819,4e-06,0b00000100,0b00000000
"SPI","result",21.0358298,4.25e-06,0b00000011,0b00000000
"SPI","result",21.0358345,4e-06,0b00001000,0b00000000
"SPI","result",21.0358453,4.25e-06,0b00000110,0b00000000
"SPI","result",21.03585,4e-06,0b00000100,0b00000000
"SPI","result",21.035861,4e-06,0b00000010,0b00000000
"SPI","result",21.0358655,4e-06,0b00000001,0b00000000
"SPI","result",21.0358765,4e-06,0b00000011,0b00000000
"SPI","result",21.035881,4e-06,0b00000100,0b00000000
"SPI","result",21.035892,4e-06,0b00000010,0b00000000
"SPI","result",21.0358965,4.25e-06,0b00000001,0b00000000
"SPI","result",21.0359075,4e-06,0b00000001,0b00000000
"SPI","result",21.035912,4.25e-06,0b00000100,0b00000000
"SPI","result",21.035923,4e-06,0b00000010,0b00000000
"SPI","result",21.0359277,4e-06,0b00001100,0b00000000
"SPI","result",21.0359385,4e-06,0b00000001,0b00000000
"SPI","result",21.035943,4.25e-06,0b00000100,0b00000000
"SPI","result",21.035954,4e-06,0b00000010,0b00000000
"SPI","result",21.0359587,4e-06,0b00001100,0b00000000
"SPI","result",21.0359695,4e-06,0b00000001,0b00000000
"SPI","result",21.0359742,4e-06,0b00000100,0b00000000
"SPI","result",21.035985,4e-06,0b00000010,0b00000000
"SPI","result",21.0359898,4e-06,0b00001100,0b00000000
"SPI","result",21.0360005,4e-06,0b00000001,0b00000000
"SPI","result",21.0360052,4e-06,0b00000100,0b00000000
"SPI","result",21.036016,4e-06,0b00000010,0b00000000
"SPI","result",21.0360207,4e-06,0b00000001,0b00000000
"SPI","result",21.0360315,4e-06,0b00000000,0b00000000
"SPI","result",21.0360362,4e-06,0b00000000,0b00000000
"SPI","disable",21.0360442,2.50000001e-07,,
"SPI","enable",21.0360465,2.50000001e-07,,
"SPI","result",21.0360475,4e-06,0b00001101,0b00000000
"SPI","disable",21.0360515,2.50000001e-07,,
"SPI","enable",21.1809633,2.50000001e-07,,
"SPI","result",21.1809642,4e-06,0b00001010,0b00000000
"SPI","disable",21.1809685,2.50000001e-07,,
"SPI","enable",21.1809712,2.50000001e-07,,
"SPI","result",21.1809735,4e-06,0b00000010,0b00000000
"SPI","result",21.1809782,4e-06,0b00001000,0b00000000
"SPI","result",21.180986,4e-06,0b00000001,0b00000000
"SPI","result",21.1809907,4e-06,0b00001111,0b00000000
"SPI","disable",21.180996,2.50000001e-07,,
"SPI","enable",21.1809982,2.50000005e-07,,
"SPI","result",21.1810005,4e-06,0b00000000,0b00000000
"SPI","result",21.1810052,4e-06,0b00001110,0b00000000
"SPI","result",21.181013,4e-06,0b00000000,0b00000000
"SPI","result",21.1810175,4.25e-06,0b00000001,0b00000000
"SPI","disable",21.181023,2.49999997e-07,,
"SPI","enable",21.1810253,2.49999997e-07,,
"SPI","result",21.1810272,4.25e-06,0b00000000,0b00000000
"SPI","result",21.181032,4e-06,0b00000001,0b00000000
"SPI","result",21.1810398,4.25e-06,0b00000110,0b00000000
"SPI","result",21.1810445,4e-06,0b00000010,0b00000000
"SPI","disable",21.1810497,2.50000001e-07,,
"SPI","enable",21.181052,2.50000001e-07,,
"SPI","result",21.1810542,4e-06,0b00000001,0b00000000
"SPI","result",21.181059,4e-06,0b00001111,0b00000000
"SPI","result",21.1810667,4e-06,0b00000000,0b00000000
"SPI","result",21.1810715,4e-06,0b00001111,0b00000000
"SPI","disable",21.1810767,2.49999997e-07,,
"SPI","enable",21.1810805,2.50000001e-07,,
"SPI","result",21.1810828,4e-06,0b00000000,0b00000000
"SPI","result",21.1810875,4e-06,0b00001111,0b00000000
"SPI","result",21.1810952,4e-06,0b00000000,0b00000000
"SPI","result",21.1810998,4.25e-06,0b00000100,0b00000000
"SPI","disable",21.181105,2.50000001e-07,,
"SPI","enable",21.1811075,2.50000001e-07,,
"SPI","result",21.1811095,4.25e-06,0b00000000,0b00000000
"SPI","result",21.1811143,4e-06,0b00001011,0b00000000
"SPI","result",21.181122,4.25e-06,0b00000000,0b00000000
"SPI","result",21.1811268,4e-06,0b00000001,0b00000000
"SPI","disable",21.181132,2.50000001e-07,,
"SPI","enable",21.1811342,2.50000001e-07,,
"SPI","result",21.1811365,4e-06,0b00000000,0b00000000
"SPI","result",21.1811412,4e-06,0b00000011,0b00000000
"SPI","result",21.181149,4e-06,0b00000000,0b00000000
"SPI","result",21.1811538,4e-06,0b00001111,0b00000000
"SPI","disable",21.181159,2.50000001e-07,,
"SPI","enable",21.1813673,2.50000001e-07,,
"SPI","result",21.1813682,4e-06,0b00001010,0b00000000
"SPI","disable",21.1813725,2.50000005e-07,,
"SPI","enable",21.1813752,2.50000005e-07,,
"SPI","result",21.1813762,4e-06,0b00001110,0b00000000
"SPI","disable",21.1813805,2.50000001e-07,,
"SPI","enable",21.1813822,2.50000005e-07,,
"SPI","result",21.1813845,4.25e-06,0b00000000,0b00000000
"SPI","result",21.1813892,4e-06,0b00000101,0b00000000
"SPI","result",21.1813995,4e-06,0b00000100,0b00000000
"SPI","result",21.181404,4e-06,0b00001001,0b00000000
"SPI","result",21.181415,4e-06,0b00000110,0b00000000
"SPI","result",21.1814195,4.25e-06,0b00000100,0b00000000
"SPI","result",21.1814305,4e-06,0b00000011,0b00000000
"SPI","result",21.181435,4.25e-06,0b00001000,0b00000000
"SPI","result",21.181446,4e-06,0b00000110,0b00000000
"SPI","result",21.1814505,4.25e-06,0b00000100,0b00000000
"SPI","result",21.1814615,4e-06,0b00000010,0b00000000
"SPI","result",21.181466,4.25e-06,0b00000001,0b00000000
"SPI","result",21.181477,4e-06,0b00000011,0b00000000
"SPI","result",21.1814815,4.25e-06,0b00000100,0b00000000
"SPI","result",21.1814925,4e-06,0b00000010,0b00000000
"SPI","result",21.1814972,4e-06,0b00000001,0b00000000
"SPI","result",21.181508,4e-06,0b00000001,0b00000000
"SPI","result",21.1815127,4e-06,0b00000100,0b00000000
"SPI","result",21.1815235,4e-06,0b00000010,0b00000000
"SPI","result",21.1815282,4e-06,0b00001100,0b00000000
"SPI","result",21.181539,4e-06,0b00000001,0b00000000
"SPI","result",21.1815437,4e-06,0b00000100,0b00000000
"SPI","result",21.1815545,4e-06,0b00000010,0b00000000
"SPI","result",21.1815592,4e-06,0b00001100,0b00000000
"SPI","result",21.18157,4.25e-06,0b00000001,0b00000000
"SPI","result",21.1815747,4e-06,0b00000100,0b00000000
"SPI","result",21.1815855,4.25e-06,0b00000010,0b00000000
"SPI","result",21.1815903,4e-06,0b00001100,0b00000000
"SPI","result",21.181601,4.25e-06,0b00000001,0b00000000
"SPI","result",21.1816057,4e-06,0b00000100,0b00000000
"SPI","result",21.1816167,4e-06,0b00000010,0b00000000
"SPI","result",21.1816212,4e-06,0b00000001,0b00000000
"SPI","result",21.1816322,4e-06,0b00000000,0b00000000
"SPI","result",21.1816367,4e-06,0b00000000,0b00000000
"SPI","disable",21.181645,2.49999997e-07,,
"SPI","enable",21.181647,2.50000001e-07,,
"SPI","result",21.181648,4e-06,0b00001101,0b00000000
"SPI","disable",21.1816522,2.50000001e-07,,
"SPI","enable",21.3625445,2.50000001e-07,,
"SPI","result",21.3625455,4e-06,0b00001010,0b00000000
"SPI","disable",21.3625497,2.50000001e-07,,
"SPI","enable",21.3625527,2.50000001e-07,,
"SPI","result",21.3625548,4.25e-06,0b00000010,0b00000000
"SPI","result",21.3625595,4e-06,0b00001000,0b00000000
"SPI","result",21.3625673,4e-06,0b00000001,0b00000000
"SPI","result",21.362572,4e-06,0b00001111,0b00000000
"SPI","disable",21.3625773,2.49999997e-07,,
"SPI","enable",21.3625795,2.49999997e-07,,
"SPI","result",21.3625818,4e-06,0b00000000,0b00000000
"SPI","result",21.3625865,4e-06,0b00001110,0b00000000
"SPI","result",21.3625943,4e-06,0b00000000,0b00000000
"SPI","result",21.3625988,4.25e-06,0b00000001,0b00000000
"SPI","disable",21.3626043,2.50000001e-07,,
"SPI","enable",21.3626065,2.50000005e-07,,
"SPI","result",21.3626085,4.25e-06,0b00000000,0b00000000
"SPI","result",21.3626132,4e-06,0b00000001,0b00000000
"SPI","result",21.362621,4.25e-06,0b00000110,0b00000000
"SPI","result",21.3626257,4e-06,0b00000010,0b00000000
"SPI","disable",21.362631,2.49999997e-07,,
"SPI","enable",21.3626332,2.50000001e-07,,
"SPI","result",21.3626355,4e-06,0b00000001,0b00000000
"SPI","result",21.3626402,4e-06,0b00001111,0b00000000
"SPI","result",21.362648,4e-06,0b00000000,0b00000000
"SPI","result",21.3626527,4e-06,0b00001111,0b00000000
"SPI","disable",21.362658,2.50000001e-07,,
"SPI","enable",21.3626618,2.50000001e-07,,
"SPI","result",21.362664,4e-06,0b00000000,0b00000000
"SPI","result",21.3626688,4e-06,0b00001111,0b00000000
"SPI","result",21.3626765,4e-06,0b00000000,0b00000000
"SPI","result",21.362681,4.25e-06,0b00000100,0b00000000
"SPI","disable",21.3626862,2.50000001e-07,,
"SPI","enable",21.3626888,2.49999997e-07,,
"SPI","result",21.3626907,4.25e-06,0b00000000,0b00000000
"SPI","result",21.3626955,4e-06,0b00001011,0b00000000
"SPI","result",21.3627032,4.25e-06,0b00000000,0b00000000
"SPI","result",21.362708,4e-06,0b00000001,0b00000000
"SPI","disable",21.3627132,2.50000005e-07,,
"SPI","enable",21.3627155,2.50000001e-07,,
"SPI","result",21.3627178,3.99999999e-06,0b00000000,0b00000000
"SPI","result",21.3627225,4e-06,0b00000011,0b00000000
"SPI","result",21.3627302,4e-06,0b00000000,0b00000000
"SPI","result",21.362735,4e-06,0b00001111,0b00000000
"SPI","disable",21.3627403,2.49999997e-07,,
"SPI","enable",21.3629485,2.49999997e-07,,
"SPI","result",21.3629495,4e-06,0b00001010,0b00000000
"SPI","disable",21.3629537,2.49999997e-07,,
"SPI","enable",21.3629565,2.49999997e-07,,
"SPI","result",21.3629575,4e-06,0b00001110,0b00000000
"SPI","disable",21.3629618,2.50000001e-07,,
"SPI","enable",21.3629635,2.50000001e-07,,
"SPI","result",21.3629658,4.25e-06,0b00000000,0b00000000
"SPI","result",21.3629705,4e-06,0b00000101,0b00000000
"SPI","result",21.3629807,4e-06,0b00000100,0b00000000
"SPI","result",21.3629853,4e-06,0b00001001,0b00000000
"SPI","result",21.3629963,4e-06,0b00000110,0b00000000
"SPI","result",21.3630008,4.25e-06,0b00000100,0b00000000
"SPI","result",21.3630117,4e-06,0b00000011,0b00000000
"SPI","result",21.3630163,4.25e-06,0b00001000,0b00000000
"SPI","result",21.3630272,4e-06,0b00000110,0b00000000
"SPI","result",21.3630318,4.25e-06,0b00000100,0b00000000
"SPI","result",21.3630428,4e-06,0b00000010,0b00000000
"SPI","result",21.3630473,4.25e-06,0b00000001,0b00000000
"SPI","result",21.3630583,4e-06,0b00000011,0b00000000
"SPI","result",21.363063,4e-06,0b00000100,0b00000000
"SPI","result",21.3630738,4e-06,0b00000010,0b00000000
"SPI","result",21.3630785,4e-06,0b00000001,0b00000000
"SPI","result",21.3630893,4e-06,0b00000001,0b00000000
"SPI","result",21.363094,4e-06,0b00000100,0b00000000
"SPI","result",21.3631048,4e-06,0b00000010,0b00000000
"SPI","result",21.3631095,4e-06,0b00001100,0b00000000
"SPI","result",21.3631203,4e-06,0b00000001,0b00000000
"SPI","result",21.363125,4e-06,0b00000100,0b00000000
"SPI","result",21.3631358,4e-06,0b00000010,0b00000000
"SPI","result",21.3631405,4e-06,0b00001100,0b00000000
"SPI","result",21.3631513,4.25e-06,0b00000001,0b00000000
"SPI","result",21.363156,4e-06,0b00000100,0b00000000
"SPI","result",21.3631668,4.25e-06,0b00000010,0b00000000
"SPI","result",21.3631715,4e-06,0b00001100,0b00000000
"SPI","result",21.3631823,4.25e-06,0b00000001,0b00000000
"SPI","result",21.363187,4e-06,0b00000100,0b00000000
"SPI","result",21.363198,4e-06,0b00000010,0b00000000
"SPI","result",21.3632025,4e-06,0b00000001,0b00000000
"SPI","result",21.3632135,4e-06,0b00000000,0b00000000
"SPI","result",21.363218,4e-06,0b00000000,0b00000000
"SPI","disable",21.3632263,2.50000001e-07,,
"SPI","enable",21.3632282,2.50000001e-07,,
"SPI","result",21.3632292,4e-06,0b00001101,0b00000000
"SPI","disable",21.3632335,2.50000001e-07,,
"SPI","enable",21.5801185,2.50000001e-07,,
"SPI","result",21.5801192,4.25e-06,0b00001010,0b00000000
"SPI","disable",21.5801235,2.50000001e-07,,
"SPI","enable",21.5801265,2.50000005e-07,,
"SPI","result",21.5801288,4e-06,0b00000010,0b00000000
"SPI","result",21.5801332,4.25e-06,0b00001000,0b00000000
"SPI","result",21.5801413,4e-06,0b00000001,0b00000000
"SPI","result",21.5801457,4e-06,0b00001111,0b00000000
"SPI","disable",21.580151,2.49999997e-07,,
"SPI","enable",21.5801532,2.50000001e-07,,
"SPI","result",21.5801555,4.25e-06,0b00000000,0b00000000
"SPI","result",21.5801602,4e-06,0b00001110,0b00000000
"SPI","result",21.580168,4e-06,0b00000000,0b00000000
"SPI","result",21.5801727,4e-06,0b00000001,0b00000000
"SPI","disable",21.580178,2.50000001e-07,,
"SPI","enable",21.5801803,2.50000001e-07,,
"SPI","result",21.5801825,4e-06,0b00000000,0b00000000
"SPI","result",21.5801873,4e-06,0b00000001,0b00000000
"SPI","result",21.580195,4e-06,0b00000110,0b00000000
"SPI","result",21.5801995,4.25e-06,0b00000010,0b00000000
"SPI","disable",21.580205,2.50000001e-07,,
"SPI","enable",21.5802073,2.50000001e-07,,
"SPI","result",21.5802095,4e-06,0b00000001,0b00000000
"SPI","result",21.580214,4e-06,0b00001111,0b00000000
"SPI","result",21.5802217,4.25e-06,0b00000000,0b00000000
"SPI","result",21.5802265,4e-06,0b00001111,0b00000000
"SPI","disable",21.5802317,2.50000001e-07,,
"SPI","enable",21.5802357,2.50000001e-07,,
"SPI","result",21.5802378,4.25e-06,0b00000000,0b00000000
"SPI","result",21.5802425,4e-06,0b00001111,0b00000000
"SPI","result",21.5802502,4e-06,0b00000000,0b00000000
"SPI","result",21.580255,4e-06,0b00000100,0b00000000
"SPI","disable",21.5802602,2.50000001e-07,,
"SPI","enable",21.5802625,2.49999997e-07,,
"SPI","result",21.5802648,4e-06,0b00000000,0b00000000
"SPI","result",21.5802695,4e-06,0b00001011,0b00000000
"SPI","result",21.5802773,4e-06,0b00000000,0b00000000
"SPI","result",21.5802818,4.25e-06,0b00000001,0b00000000
"SPI","disable",21.5802873,2.50000001e-07,,
"SPI","enable",21.5802895,2.50000001e-07,,
"SPI","result",21.5802915,4.25e-06,0b00000000,0b00000000
"SPI","result",21.5802962,4e-06,0b00000011,0b00000000
"SPI","result",21.580304,4.25e-06,0b00000000,0b00000000
"SPI","result",21.5803088,4e-06,0b00001111,0b00000000
"SPI","disable",21.580314,2.49999997e-07,,
"SPI","enable",21.5805225,2.50000001e-07,,
"SPI","result",21.5805235,4e-06,0b00001010,0b00000000
"SPI","disable",21.5805275,2.50000001e-07,,
"SPI","enable",21.5805305,2.50000005e-07,,
"SPI","result",21.5805315,4e-06,0b00001110,0b00000000
"SPI","disable",21.5805355,2.50000001e-07,,
"SPI","enable",21.5805372,2.50000001e-07,,
"SPI","result",21.5805397,4e-06,0b00000000,0b00000000
"SPI","result",21.5805445,4e-06,0b00000101,0b00000000
"SPI","result",21.5805545,4e-06,0b00000100,0b00000000
"SPI","result",21.5805593,4e-06,0b00001001,0b00000000
"SPI","result",21.58057,3.99999999e-06,0b00000110,0b00000000
"SPI","result",21.5805748,4e-06,0b00000100,0b00000000
"SPI","result",21.5805855,4.25e-06,0b00000011,0b00000000
"SPI","result",21.5805903,4e-06,0b00001000,0b00000000
"SPI","result",21.580601,4.25e-06,0b00000110,0b00000000
"SPI","result",21.5806058,4e-06,0b00000100,0b00000000
"SPI","result",21.5806165,4.25e-06,0b00000010,0b00000000
"SPI","result",21.5806213,4e-06,0b00000001,0b00000000
"SPI","result",21.580632,4.25e-06,0b00000011,0b00000000
"SPI","result",21.5806368,4e-06,0b00000100,0b00000000
"SPI","result",21.5806478,4e-06,0b00000010,0b00000000
"SPI","result",21.5806522,4e-06,0b00000001,0b00000000
"SPI","result",21.5806633,4e-06,0b00000001,0b00000000
"SPI","result",21.5806677,4e-06,0b00000100,0b00000000
"SPI","result",21.5806788,4e-06,0b00000010,0b00000000
"SPI","result",21.5806832,4.25e-06,0b00001100,0b00000000
"SPI","result",21.5806943,4e-06,0b00000001,0b00000000
"SPI","result",21.5806987,4.25e-06,0b00000100,0b00000000
"SPI","result",21.5807098,4e-06,0b00000010,0b00000000
"SPI","result",21.5807145,4e-06,0b00001100,0b00000000
"SPI","result",21.5807253,4e-06,0b00000001,0b00000000
"SPI","result",21.5807297,4.25e-06,0b00000100,0b00000000
"SPI","result",21.5807408,4e-06,0b00000010,0b00000000
"SPI","result",21.5807455,4e-06,0b00001100,0b00000000
"SPI","result",21.5807563,4e-06,0b00000001,0b00000000
"SPI","result",21.580761,4e-06,0b00000100,0b00000000
"SPI","result",21.5807718,4e-06,0b00000010,0b00000000
"SPI","result",21.5807765,4e-06,0b00000001,0b00000000
"SPI","result",21.5807873,4e-06,0b00000000,0b00000000
"SPI","result",21.580792,4e-06,0b00000000,0b00000000
"SPI","disable",21.5808,2.50000001e-07,,
"SPI","enable",21.5808023,2.50000001e-07,,
"SPI","result",21.5808032,4e-06,0b00001101,0b00000000
"SPI","disable",21.5808072,2.50000001e-07,,
"SPI","enable",21.7616973,2.50000001e-07,,
"SPI","result",21.7616982,4e-06,0b00001010,0b00000000
"SPI","disable",21.7617022,2.50000001e-07,,
"SPI","enable",21.7617052,2.50000001e-07,,
"SPI","result",21.7617075,4e-06,0b00000010,0b00000000
"SPI","result",21.7617122,4e-06,0b00001000,0b00000000
"SPI","result",21.76172,4e-06,0b00000001,0b00000000
"SPI","result",21.7617247,4e-06,0b00001111,0b00000000
"SPI","disable",21.76173,2.50000001e-07,,
"SPI","enable",21.7617323,2.50000001e-07,,
"SPI","result",21.7617342,4.25e-06,0b00000000,0b00000000
"SPI","result",21.761739,4.25e-06,0b00001110,0b00000000
"SPI","result",21.7617468,4.25e-06,0b00000000,0b00000000
"SPI","result",21.7617515,4e-06,0b00000001,0b00000000
"SPI","disable",21.7617567,2.49999997e-07,,
"SPI","enable",21.761759,2.49999997e-07,,
"SPI","result",21.7617612,4e-06,0b00000000,0b00000000
"SPI","result",21.761766,3.99999999e-06,0b00000001,0b00000000
"SPI","result",21.7617737,4e-06,0b00000110,0b00000000
"SPI","result",21.7617785,4e-06,0b00000010,0b00000000
"SPI","disable",21.7617837,2.50000001e-07,,
"SPI","enable",21.761786,2.50000001e-07,,
"SPI","result",21.7617882,4e-06,0b00000001,0b00000000
"SPI","result",21.761793,4e-06,0b00001111,0b00000000
"SPI","result",21.7618007,4e-06,0b00000000,0b00000000
"SPI","result",21.7618052,4.25e-06,0b00001111,0b00000000
"SPI","disable",21.7618107,2.50000005e-07,,
"SPI","enable",21.7618145,2.49999997e-07,,
"SPI","result",21.7618165,4.25e-06,0b00000000,0b00000000
"SPI","result",21.7618213,4e-06,0b00001111,0b00000000
"SPI","result",21.761829,4.25e-06,0b00000000,0b00000000
"SPI","result",21.7618338,4e-06,0b00000100,0b00000000
"SPI","disable",21.761839,2.50000001e-07,,
"SPI","enable",21.7618412,2.49999997e-07,,
"SPI","result",21.7618435,4e-06,0b00000000,0b00000000
"SPI","result",21.7618482,4e-06,0b00001011,0b00000000
"SPI","result",21.761856,3.99999999e-06,0b00000000,0b00000000
"SPI","result",21.7618608,4e-06,0b00000001,0b00000000
"SPI","disable",21.761866,2.49999997e-07,,
"SPI","enable",21.7618682,2.49999997e-07,,
"SPI","result",21.7618705,4e-06,0b00000000,0b00000000
"SPI","result",21.761875,4.25e-06,0b00000011,0b00000000
"SPI","result",21.761883,4e-06,0b00000000,0b00000000
"SPI","result",21.7618875,4.25e-06,0b00001111,0b00000000
"SPI","disable",21.7618928,2.49999997e-07,,
"SPI","enable",21.7621013,2.50000001e-07,,
"SPI","result",21.7621023,4e-06,0b00001010,0b00000000
"SPI","disable",21.7621062,2.50000005e-07,,
"SPI","enable",21.7621093,2.50000001e-07,,
"SPI","result",21.7621102,4e-06,0b00001110,0b00000000
"SPI","disable",21.7621142,2.50000001e-07,,
"SPI","enable",21.762116,2.50000001e-07,,
"SPI","result",21.7621185,4e-06,0b00000000,0b00000000
"SPI","result",21.7621232,4e-06,0b00000101,0b00000000
"SPI","result",21.7621333,4e-06,0b00000100,0b00000000
"SPI","result",21.762138,4e-06,0b00001001,0b00000000
"SPI","result",21.7621488,4.25e-06,0b00000110,0b00000000
"SPI","result",21.7621535,4e-06,0b00000100,0b00000000
"SPI","result",21.7621643,4.25e-06,0b00000011,0b00000000
"SPI","result",21.762169,4e-06,0b00001000,0b00000000
"SPI","result",21.7621798,4.25e-06,0b00000110,0b00000000
"SPI","result",21.7621845,4e-06,0b00000100,0b00000000
"SPI","result",21.7621953,4.25e-06,0b00000010,0b00000000
"SPI","result",21.7622,4e-06,0b00000001,0b00000000
"SPI","result",21.7622108,4.25e-06,0b00000011,0b00000000
"SPI","result",21.7622155,4e-06,0b00000100,0b00000000
"SPI","result",21.7622265,4e-06,0b00000010,0b00000000
"SPI","result",21.762231,4e-06,0b00000001,0b00000000
"SPI","result",21.762242,4e-06,0b00000001,0b00000000
"SPI","result",21.7622465,4.25e-06,0b00000100,0b00000000
"SPI","result",21.7622575,4e-06,0b00000010,0b00000000
"SPI","result",21.762262,4.25e-06,0b00001100,0b00000000
"SPI","result",21.762273,4e-06,0b00000001,0b00000000
"SPI","result",21.7622775,4.25e-06,0b00000100,0b00000000
"SPI","result",21.7622885,4e-06,0b00000010,0b00000000
"SPI","result",21.7622932,4e-06,0b00001100,0b00000000
"SPI","result",21.762304,4e-06,0b00000001,0b00000000
"SPI","result",21.7623085,4.25e-06,0b00000100,0b00000000
"SPI","result",21.7623195,4e-06,0b00000010,0b00000000
"SPI","result",21.7623242,4e-06,0b00001100,0b00000000
"SPI","result",21.762335,4e-06,0b00000001,0b00000000
"SPI","result",21.7623397,4e-06,0b00000100,0b00000000
"SPI","result",21.7623505,4e-06,0b00000010,0b00000000
"SPI","result",21.7623552,4e-06,0b00000001,0b00000000
"SPI","result",21.762366,4e-06,0b00000000,0b00000000
"SPI","result",21.7623707,4e-06,0b00000000,0b00000000
"SPI","disable",21.7623787,2.50000001e-07,,
"SPI","enable",21.762381,2.50000001e-07,,
"SPI","result",21.762382,4e-06,0b00001101,0b00000000
"SPI","disable",21.762386,2.50000001e-07,,
"SPI","enable",21.9432865,2.50000001e-07,,
"SPI","result",21.9432875,4e-06,0b00001010,0b00000000
"SPI","disable",21.9432915,2.50000001e-07,,
"SPI","enable",21.9432945,2.50000001e-07,,
"SPI","result",21.9432967,4e-06,0b00000010,0b00000000
"SPI","result",21.9433015,4e-06,0b00001000,0b00000000
"SPI","result",21.9433092,4e-06,0b00000001,0b00000000
"SPI","result",21.943314,4e-06,0b00001111,0b00000000
"SPI","disable",21.9433192,2.50000005e-07,,
"SPI","enable",21.9433215,2.50000001e-07,,
"SPI","result",21.9433238,4e-06,0b00000000,0b00000000
"SPI","result",21.9433283,4.25e-06,0b00001110,0b00000000
"SPI","result",21.9433363,4e-06,0b00000000,0b00000000
"SPI","result",21.9433408,4e-06,0b00000001,0b00000000
"SPI","disable",21.943346,2.50000005e-07,,
"SPI","enable",21.9433485,2.49999997e-07,,
"SPI","result",21.9433505,4.25e-06,0b00000000,0b00000000
"SPI","result",21.9433552,4e-06,0b00000001,0b00000000
"SPI","result",21.943363,4e-06,0b00000110,0b00000000
"SPI","result",21.9433678,4e-06,0b00000010,0b00000000
"SPI","disable",21.943373,2.50000001e-07,,
"SPI","enable",21.9433752,2.50000001e-07,,
"SPI","result",21.9433775,4e-06,0b00000001,0b00000000
"SPI","result",21.9433822,4e-06,0b00001111,0b00000000
"SPI","result",21.94339,4e-06,0b00000000,0b00000000
"SPI","result",21.9433947,4e-06,0b00001111,0b00000000
"SPI","disable",21.9434,2.49999997e-07,,
"SPI","enable",21.9434038,2.50000001e-07,,
"SPI","result",21.943406,4e-06,0b00000000,0b00000000
"SPI","result",21.9434105,4.25e-06,0b00001111,0b00000000
"SPI","result",21.9434185,4e-06,0b00000000,0b00000000
"SPI","result",21.943423,4.25e-06,0b00000100,0b00000000
"SPI","disable",21.9434283,2.49999997e-07,,
"SPI","enable",21.9434308,2.50000001e-07,,
"SPI","result",21.9434327,4.25e-06,0b00000000,0b00000000
"SPI","result",21.9434375,4e-06,0b00001011,0b00000000
"SPI","result",21.9434452,4.25e-06,0b00000000,0b00000000
"SPI","result",21.94345,4e-06,0b00000001,0b00000000
"SPI","disable",21.9434552,2.50000001e-07,,
"SPI","enable",21.9434575,2.50000001e-07,,
"SPI","result",21.9434597,4e-06,0b00000000,0b00000000
"SPI","result",21.9434645,4e-06,0b00000011,0b00000000
"SPI","result",21.9434722,4e-06,0b00000000,0b00000000
"SPI","result",21.943477,4e-06,0b00001111,0b00000000
"SPI","disable",21.9434822,2.50000001e-07,,
"SPI","enable",21.9436905,2.49999997e-07,,
"SPI","result",21.9436915,4e-06,0b00001010,0b00000000
"SPI","disable",21.9436957,2.50000001e-07,,
"SPI","enable",21.9436985,2.50000001e-07,,
"SPI","result",21.9436995,4e-06,0b00001110,0b00000000
"SPI","disable",21.9437038,2.50000001e-07,,
"SPI","enable",21.9437055,2.50000001e-07,,
"SPI","result",21.9437078,4.25e-06,0b00000000,0b00000000
"SPI","result",21.9437125,4e-06,0b00000101,0b00000000
"SPI","result",21.9437227,4e-06,0b00000100,0b00000000
"SPI","result",21.9437272,4.25e-06,0b00001001,0b00000000
"SPI","result",21.9437382,4e-06,0b00000110,0b00000000
"SPI","result",21.9437427,4.25e-06,0b00000100,0b00000000
"SPI","result",21.9437537,4e-06,0b00000011,0b00000000
"SPI","result",21.9437585,4e-06,0b00001000,0b00000000
"SPI","result",21.9437692,4e-06,0b00000110,0b00000000
"SPI","result",21.943774,4e-06,0b00000100,0b00000000
"SPI","result",21.9437847,4e-06,0b00000010,0b00000000
"SPI","result",21.9437895,4e-06,0b00000001,0b00000000
"SPI","result",21.9438002,4e-06,0b00000011,0b00000000
"SPI","result",21.943805,4e-06,0b00000100,0b00000000
"SPI","result",21.9438157,4e-06,0b00000010,0b00000000
"SPI","result",21.9438205,4e-06,0b00000001,0b00000000
"SPI","result",21.9438312,4e-06,0b00000001,0b00000000
"SPI","result",21.943836,4e-06,0b00000100,0b00000000
"SPI","result",21.9438467,4.25e-06,0b00000010,0b00000000
"SPI","result",21.9438515,4e-06,0b00001100,0b00000000
"SPI","result",21.9438622,4.25e-06,0b00000001,0b00000000
"SPI","result",21.943867,4e-06,0b00000100,0b00000000
"SPI","result",21.9438777,4.25e-06,0b00000010,0b00000000
"SPI","result",21.9438825,4e-06,0b00001100,0b00000000
"SPI","result",21.9438935,4e-06,0b00000001,0b00000000
"SPI","result",21.943898,4e-06,0b00000100,0b00000000
"SPI","result",21.943909,4e-06,0b00000010,0b00000000
"SPI","result",21.9439135,4.25e-06,0b00001100,0b00000000
"SPI","result",21.9439245,4e-06,0b00000001,0b00000000
"SPI","result",21.943929,4.25e-06,0b00000100,0b00000000
"SPI","result",21.94394,4e-06,0b00000010,0b00000000
"SPI","result",21.9439445,4.25e-06,0b00000001,0b00000000
"SPI","result",21.9439555,4e-06,0b00000000,0b00000000
"SPI","result",21.94396,4.25e-06,0b00000000,0b00000000
"SPI","disable",21.9439683,2.49999997e-07,,
"SPI","enable",21.9439705,2.49999997e-07,,
"SPI","result",21.9439713,4.25e-06,0b00001101,0b00000000
"SPI","disable",21.9439755,2.50000001e-07,,
"SPI","enable",22.1249433,2.50000001e-07,,
"SPI","result",22.1249443,4e-06,0b00001010,0b00000000
"SPI","disable",22.1249482,2.50000001e-07,,
"SPI","enable",22.1249512,2.50000005e-07,,
"SPI","result",22.1249535,4e-06,0b00000010,0b00000000
"SPI","result",22.1249582,4e-06,0b00001000,0b00000000
"SPI","result",22.124966,4e-06,0b00000001,0b00000000
"SPI","result",22.1249707,4e-06,0b00001111,0b00000000
"SPI","disable",22.124976,2.50000001e-07,,
"SPI","enable",22.1249783,2.50000001e-07,,
"SPI","result",22.1249803,4.25e-06,0b00000000,0b00000000
"SPI","result",22.124985,4.25e-06,0b00001110,0b00000000
"SPI","result",22.1249928,4.25e-06,0b00000000,0b00000000
"SPI","result",22.1249975,4e-06,0b00000001,0b00000000
"SPI","disable",22.1250028,2.50000001e-07,,
"SPI","enable",22.125005,2.50000001e-07,,
"SPI","result",22.1250072,4e-06,0b00000000,0b00000000
"SPI","result",22.125012,4e-06,0b00000001,0b00000000
"SPI","result",22.1250197,4e-06,0b00000110,0b00000000
"SPI","result",22.1250245,4e-06,0b00000010,0b00000000
"SPI","disable",22.1250297,2.50000001e-07,,
"SPI","enable",22.125032,2.50000001e-07,,
"SPI","result",22.1250342,4e-06,0b00000001,0b00000000
"SPI","result",22.125039,4e-06,0b00001111,0b00000000
"SPI","result",22.1250467,4e-06,0b00000000,0b00000000
"SPI","result",22.1250515,4e-06,0b00001111,0b00000000
"SPI","disable",22.1250567,2.50000001e-07,,
"SPI","enable",22.1250605,2.50000001e-07,,
"SPI","result",22.1250625,4.25e-06,0b00000000,0b00000000
"SPI","result",22.1250673,4e-06,0b00001111,0b00000000
"SPI","result",22.125075,4.25e-06,0b00000000,0b00000000
"SPI","result",22.1250798,4e-06,0b00000100,0b00000000
"SPI","disable",22.125085,2.50000001e-07,,
"SPI","enable",22.1250872,2.49999997e-07,,
"SPI","result",22.1250895,4e-06,0b00000000,0b00000000
"SPI","result",22.1250942,4e-06,0b00001011,0b00000000
"SPI","result",22.125102,4e-06,0b00000000,0b00000000
"SPI","result",22.1251068,4e-06,0b00000001,0b00000000
"SPI","disable",22.125112,2.50000001e-07,,
"SPI","enable",22.1251142,2.50000001e-07,,
"SPI","result",22.1251165,4e-06,0b00000000,0b00000000
"SPI","result",22.125121,4.25e-06,0b00000011,0b00000000
"SPI","result",22.125129,4e-06,0b00000000,0b00000000
"SPI","result",22.1251335,4.25e-06,0b00001111,0b00000000
"SPI","disable",22.125139,2.50000001e-07,,
"SPI","enable",22.1253473,2.49999997e-07,,
"SPI","result",22.1253482,4e-06,0b00001010,0b00000000
"SPI","disable",22.1253525,2.50000001e-07,,
"SPI","enable",22.1253552,2.50000005e-07,,
"SPI","result",22.1253562,4e-06,0b00001110,0b00000000
"SPI","disable",22.1253602,2.49999997e-07,,
"SPI","enable",22.1253622,2.50000005e-07,,
"SPI","result",22.1253645,4e-06,0b00000000,0b00000000
"SPI","result",22.1253692,4e-06,0b00000101,0b00000000
"SPI","result",22.1253793,4.25e-06,0b00000100,0b00000000
"SPI","result",22.125384,4e-06,0b00001001,0b00000000
"SPI","result",22.1253948,4.25e-06,0b00000110,0b00000000
"SPI","result",22.1253995,4e-06,0b00000100,0b00000000
"SPI","result",22.1254103,4.25e-06,0b00000011,0b00000000
"SPI","result",22.125415,4e-06,0b00001000,0b00000000
"SPI","result",22.1254258,4.25e-06,0b00000110,0b00000000
"SPI","result",22.1254305,4e-06,0b00000100,0b00000000
"SPI","result",22.1254415,4e-06,0b00000010,0b00000000
"SPI","result",22.125446,4e-06,0b00000001,0b00000000
"SPI","result",22.125457,4e-06,0b00000011,0b00000000
"SPI","result",22.1254615,4e-06,0b00000100,0b00000000
"SPI","result",22.1254725,4e-06,0b00000010,0b00000000
"SPI","result",22.125477,4.25e-06,0b00000001,0b00000000
"SPI","result",22.125488,4e-06,0b00000001,0b00000000
"SPI","result",22.1254925,4.25e-06,0b00000100,0b00000000
"SPI","result",22.1255035,4e-06,0b00000010,0b00000000
"SPI","result",22.1255082,4e-06,0b00001100,0b00000000
"SPI","result",22.125519,4e-06,0b00000001,0b00000000
"SPI","result",22.1255235,4.25e-06,0b00000100,0b00000000
"SPI","result",22.1255345,4e-06,0b00000010,0b00000000
"SPI","result",22.1255392,4e-06,0b00001100,0b00000000
"SPI","result",22.12555,4e-06,0b00000001,0b00000000
"SPI","result",22.1255547,4e-06,0b00000100,0b00000000
"SPI","result",22.1255655,4e-06,0b00000010,0b00000000
"SPI","result",22.1255702,4e-06,0b00001100,0b00000000
"SPI","result",22.125581,4e-06,0b00000001,0b00000000
"SPI","result",22.1255857,4e-06,0b00000100,0b00000000
"SPI","result",22.1255965,4e-06,0b00000010,0b00000000
"SPI","result",22.1256012,4e-06,0b00000001,0b00000000
"SPI","result",22.125612,4e-06,0b00000000,0b00000000
"SPI","result",22.1256167,4e-06,0b00000000,0b00000000
"SPI","disable",22.1256248,2.50000001e-07,,
"SPI","enable",22.125627,2.50000001e-07,,
"SPI","result",22.125628,4e-06,0b00001101,0b00000000
"SPI","disable",22.1256322,2.50000001e-07,,
"SPI","enable",22.2706155,2.50000001e-07,,
"SPI","result",22.2706165,4e-06,0b00001010,0b00000000
"SPI","disable",22.2706205,2.49999997e-07,,
"SPI","enable",22.2706235,2.50000001e-07,,
"SPI","result",22.2706258,4e-06,0b00000010,0b00000000
"SPI","result",22.2706305,4e-06,0b00001000,0b00000000
"SPI","result",22.2706383,4e-06,0b00000001,0b00000000
"SPI","result",22.270643,4e-06,0b00001111,0b00000000
"SPI","disable",22.2706483,2.49999997e-07,,
"SPI","enable",22.2706505,2.50000001e-07,,
"SPI","result",22.2706527,4e-06,0b00000000,0b00000000
"SPI","result",22.2706572,4.25e-06,0b00001110,0b00000000
"SPI","result",22.270665,4.25e-06,0b00000000,0b00000000
"SPI","result",22.2706697,4e-06,0b00000001,0b00000000
"SPI","disable",22.270675,2.50000001e-07,,
"SPI","enable",22.2706775,2.50000001e-07,,
"SPI","result",22.2706795,4.25e-06,0b00000000,0b00000000
"SPI","result",22.2706842,4e-06,0b00000001,0b00000000
"SPI","result",22.270692,4e-06,0b00000110,0b00000000
"SPI","result",22.2706967,4e-06,0b00000010,0b00000000
"SPI","disable",22.270702,2.49999997e-07,,
"SPI","enable",22.2707043,2.49999997e-07,,
"SPI","result",22.2707065,4e-06,0b00000001,0b00000000
"SPI","result",22.2707113,4e-06,0b00001111,0b00000000
"SPI","result",22.270719,4e-06,0b00000000,0b00000000
"SPI","result",22.2707237,4e-06,0b00001111,0b00000000
"SPI","disable",22.270729,2.50000001e-07,,
"SPI","enable",22.2707328,2.50000001e-07,,
"SPI","result",22.270735,4e-06,0b00000000,0b00000000
"SPI","result",22.2707395,4.25e-06,0b00001111,0b00000000
"SPI","result",22.2707475,4e-06,0b00000000,0b00000000
"SPI","result",22.270752,4e-06,0b00000100,0b00000000
"SPI","disable",22.2707572,2.50000001e-07,,
"SPI","enable",22.2707597,2.49999997e-07,,
"SPI","result",22.2707617,4.25e-06,0b00000000,0b00000000
"SPI","result",22.2707665,4e-06,0b00001011,0b00000000
"SPI","result",22.2707742,4e-06,0b00000000,0b00000000
"SPI","result",22.270779,4e-06,0b00000001,0b00000000
"SPI","disable",22.2707842,2.50000005e-07,,
"SPI","enable",22.2707865,2.50000001e-07,,
"SPI","result",22.2707888,4e-06,0b00000000,0b00000000
"SPI","result",22.2707935,4e-06,0b00000011,0b00000000
"SPI","result",22.2708013,4e-06,0b00000000,0b00000000
"SPI","result",22.270806,4e-06,0b00001111,0b00000000
"SPI","disable",22.2708113,2.49999997e-07,,
"SPI","enable",22.2710195,2.49999997e-07,,
"SPI","result",22.2710205,4e-06,0b00001010,0b00000000
"SPI","disable",22.2710248,2.50000001e-07,,
"SPI","enable",22.2710275,2.49999997e-07,,
"SPI","result",22.2710285,4e-06,0b00001110,0b00000000
"SPI","disable",22.2710327,2.50000001e-07,,
"SPI","enable",22.2710345,2.50000001e-07,,
"SPI","result",22.2710368,4.25e-06,0b00000000,0b00000000
"SPI","result",22.2710415,4e-06,0b00000101,0b00000000
"SPI","result",22.2710515,4.25e-06,0b00000100,0b00000000
"SPI","result",22.2710563,4e-06,0b00001001,0b00000000
"SPI","result",22.271067,4.25e-06,0b00000110,0b00000000
"SPI","result",22.2710718,4e-06,0b00000100,0b00000000
"SPI","result",22.2710828,4e-06,0b00000011,0b00000000
"SPI","result",22.2710873,4e-06,0b00001000,0b00000000
"SPI","result",22.2710983,4e-06,0b00000110,0b00000000
"SPI","result",22.2711028,4.25e-06,0b00000100,0b00000000
"SPI","result",22.2711138,4e-06,0b00000010,0b00000000
"SPI","result",22.2711183,4.25e-06,0b00000001,0b00000000
"SPI","result",22.2711293,4e-06,0b00000011,0b00000000
"SPI","result",22.2711338,4.25e-06,0b00000100,0b00000000
"SPI","result",22.2711447,4e-06,0b00000010,0b00000000
"SPI","result",22.2711493,4.25e-06,0b00000001,0b00000000
"SPI","result",22.2711603,4e-06,0b00000001,0b00000000
"SPI","result",22.2711648,4.25e-06,0b00000100,0b00000000
"SPI","result",22.2711758,4e-06,0b00000010,0b00000000
"SPI","result",22.2711805,4e-06,0b00001100,0b00000000
"SPI","result",22.2711913,4e-06,0b00000001,0b00000000
"SPI","result",22.271196,4e-06,0b00000100,0b00000000
"SPI","result",22.2712068,4e-06,0b00000010,0b00000000
"SPI","result",22.2712115,4e-06,0b00001100,0b00000000
"SPI","result",22.2712223,4e-06,0b00000001,0b00000000
"SPI","result",22.271227,4e-06,0b00000100,0b00000000
"SPI","result",22.2712378,4e-06,0b00000010,0b00000000
"SPI","result",22.2712425,4e-06,0b00001100,0b00000000
"SPI","result",22.2712533,4.25e-06,0b00000001,0b00000000
"SPI","result",22.271258,4e-06,0b00000100,0b00000000
"SPI","result",22.2712688,4.25e-06,0b00000010,0b00000000
"SPI","result",22.2712735,4e-06,0b00000001,0b00000000
"SPI","result",22.2712843,4.25e-06,0b00000000,0b00000000
"SPI","result",22.271289,4e-06,0b00000000,0b00000000
"SPI","disable",22.271297,2.49999997e-07,,
"SPI","enable",22.2712992,2.50000001e-07,,
"SPI","result",22.2713002,4e-06,0b00001101,0b00000000
"SPI","disable",22.2713045,2.50000001e-07,,
"SPI","enable",22.4522105,2.49999997e-07,,
"SPI","result",22.4522113,4.25e-06,0b00001010,0b00000000
"SPI","disable",22.4522155,2.49999997e-07,,
"SPI","enable",22.4522185,2.50000001e-07,,
"SPI","result",22.4522208,4e-06,0b00000010,0b00000000
"SPI","result",22.4522253,4.25e-06,0b00001000,0b00000000
"SPI","result",22.4522332,4e-06,0b00000001,0b00000000
"SPI","result",22.4522377,4e-06,0b00001111,0b00000000
"SPI","disable",22.452243,2.50000001e-07,,
"SPI","enable",22.4522455,2.49999997e-07,,
"SPI","result",22.4522475,4.25e-06,0b00000000,0b00000000
"SPI","result",22.4522523,4e-06,0b00001110,0b00000000
"SPI","result",22.45226,4e-06,0b00000000,0b00000000
"SPI","result",22.4522648,4e-06,0b00000001,0b00000000
"SPI","disable",22.45227,2.50000005e-07,,
"SPI","enable",22.4522723,2.49999997e-07,,
"SPI","result",22.4522745,3.99999999e-06,0b00000000,0b00000000
"SPI","result",22.4522793,4e-06,0b00000001,0b00000000
"SPI","result",22.452287,4e-06,0b00000110,0b00000000
"SPI","result",22.4522915,4.25e-06,0b00000010,0b00000000
"SPI","disable",22.452297,2.49999997e-07,,
"SPI","enable",22.4522992,2.49999997e-07,,
"SPI","result",22.4523015,4e-06,0b00000001,0b00000000
"SPI","result",22.452306,4.25e-06,0b00001111,0b00000000
"SPI","result",22.4523137,4.25000001e-06,0b00000000,0b00000000
"SPI","result",22.4523185,4e-06,0b00001111,0b00000000
"SPI","disable",22.4523238,2.49999997e-07,,
"SPI","enable",22.4523277,2.50000005e-07,,
"SPI","result",22.4523298,4.25e-06,0b00000000,0b00000000
"SPI","result",22.4523345,4e-06,0b00001111,0b00000000
"SPI","result",22.4523423,4.25e-06,0b00000000,0b00000000
"SPI","result",22.452347,4e-06,0b00000100,0b00000000
"SPI","disable",22.4523523,2.50000001e-07,,
"SPI","enable",22.4523545,2.50000005e-07,,
"SPI","result",22.4523567,4e-06,0b00000000,0b00000000
"SPI","result",22.4523615,4e-06,0b00001011,0b00000000
"SPI","result",22.4523693,4e-06,0b00000000,0b00000000
"SPI","result",22.452374,4e-06,0b00000001,0b00000000
"SPI","disable",22.4523792,2.50000001e-07,,
"SPI","enable",22.4523815,2.49999997e-07,,
"SPI","result",22.4523837,4e-06,0b00000000,0b00000000
"SPI","result",22.4523882,4.25e-06,0b00000011,0b00000000
"SPI","result",22.4523962,4e-06,0b00000000,0b00000000
"SPI","result",22.4524008,4e-06,0b00001111,0b00000000
"SPI","disable",22.452406,2.50000001e-07,,
"SPI","enable",22.4526145,2.49999997e-07,,
"SPI","result",22.4526155,4e-06,0b00001010,0b00000000
"SPI","disable",22.4526198,2.49999997e-07,,
"SPI","enable",22.4526225,2.49999997e-07,,
"SPI","result",22.4526235,4e-06,0b00001110,0b00000000
"SPI","disable",22.4526278,2.50000001e-07,,
"SPI","enable",22.4526295,2.50000001e-07,,
"SPI","result",22.4526317,4e-06,0b00000000,0b00000000
"SPI","result",22.4526365,4e-06,0b00000101,0b00000000
"SPI","result",22.4526465,4.25e-06,0b00000100,0b00000000
"SPI","result",22.4526512,4e-06,0b00001001,0b00000000
"SPI","result",22.452662,4.25e-06,0b00000110,0b00000000
"SPI","result",22.4526667,4e-06,0b00000100,0b00000000
"SPI","result",22.4526777,4e-06,0b00000011,0b00000000
"SPI","result",22.4526822,4e-06,0b00001000,0b00000000
"SPI","result",22.4526932,4e-06,0b00000110,0b00000000
"SPI","result",22.4526977,4.25e-06,0b00000100,0b00000000
"SPI","result",22.4527087,4e-06,0b00000010,0b00000000
"SPI","result",22.4527132,4.25e-06,0b00000001,0b00000000
"SPI","result",22.4527242,4e-06,0b00000011,0b00000000
"SPI","result",22.4527287,4.25e-06,0b00000100,0b00000000
"SPI","result",22.4527397,4e-06,0b00000010,0b00000000
"SPI","result",22.4527442,4.25e-06,0b00000001,0b00000000
"SPI","result",22.4527552,4e-06,0b00000001,0b00000000
"SPI","result",22.45276,4e-06,0b00000100,0b00000000
"SPI","result",22.4527707,4e-06,0b00000010,0b00000000
"SPI","result",22.4527755,4e-06,0b00001100,0b00000000
"SPI","result",22.4527862,4e-06,0b00000001,0b00000000
"SPI","result",22.452791,4e-06,0b00000100,0b00000000
"SPI","result",22.4528017,4e-06,0b00000010,0b00000000
"SPI","result",22.4528065,4e-06,0b00001100,0b00000000
"SPI","result",22.4528172,4e-06,0b00000001,0b00000000
"SPI","result",22.452822,4e-06,0b00000100,0b00000000
"SPI","result",22.4528327,4.25e-06,0b00000010,0b00000000
"SPI","result",22.4528375,4e-06,0b00001100,0b00000000
"SPI","result",22.4528482,4.25e-06,0b00000001,0b00000000
"SPI","result",22.452853,4e-06,0b00000100,0b00000000
"SPI","result",22.452864,4e-06,0b00000010,0b00000000
"SPI","result",22.4528685,4e-06,0b00000001,0b00000000
"SPI","result",22.4528795,4e-06,0b00000000,0b00000000
"SPI","result",22.452884,4e-06,0b00000000,0b00000000
"SPI","disable",22.4528923,2.50000001e-07,,
"SPI","enable",22.4528942,2.49999997e-07,,
"SPI","result",22.4528953,4e-06,0b00001101,0b00000000
"SPI","disable",22.4528995,2.50000001e-07,,
"SPI","enable",22.6338338,2.49999997e-07,,
"SPI","result",22.6338345,4.25e-06,0b00001010,0b00000000
"SPI","disable",22.6338387,2.50000001e-07,,
"SPI","enable",22.6338417,2.50000001e-07,,
"SPI","result",22.633844,4e-06,0b00000010,0b00000000
"SPI","result",22.6338485,4.25e-06,0b00001000,0b00000000
"SPI","result",22.6338565,4e-06,0b00000001,0b00000000
"SPI","result",22.633861,4e-06,0b00001111,0b00000000
"SPI","disable",22.6338663,2.50000001e-07,,
"SPI","enable",22.6338688,2.50000001e-07,,
"SPI","result",22.6338707,4.25e-06,0b00000000,0b00000000
"SPI","result",22.6338755,4e-06,0b00001110,0b00000000
"SPI","result",22.6338833,4e-06,0b00000000,0b00000000
"SPI","result",22.633888,4e-06,0b00000001,0b00000000
"SPI","disable",22.6338932,2.49999997e-07,,
"SPI","enable",22.6338955,2.49999997e-07,,
"SPI","result",22.6338977,4e-06,0b00000000,0b00000000
"SPI","result",22.6339025,4e-06,0b00000001,0b00000000
"SPI","result",22.6339102,4e-06,0b00000110,0b00000000
"SPI","result",22.6339147,4.25e-06,0b00000010,0b00000000
"SPI","disable",22.6339202,2.50000001e-07,,
"SPI","enable",22.6339225,2.50000001e-07,,
"SPI","result",22.6339247,4e-06,0b00000001,0b00000000
"SPI","result",22.6339293,4.25e-06,0b00001111,0b00000000
"SPI","result",22.633937,4.25e-06,0b00000000,0b00000000
"SPI","result",22.6339418,4e-06,0b00001111,0b00000000
"SPI","disable",22.633947,2.49999997e-07,,
"SPI","enable",22.633951,2.49999997e-07,,
"SPI","result",22.633953,4.25e-06,0b00000000,0b00000000
"SPI","result",22.6339578,4e-06,0b00001111,0b00000000
"SPI","result",22.6339655,4e-06,0b00000000,0b00000000
"SPI","result",22.6339703,4e-06,0b00000100,0b00000000
"SPI","disable",22.6339755,2.50000005e-07,,
"SPI","enable",22.6339777,2.50000001e-07,,
"SPI","result",22.63398,4e-06,0b00000000,0b00000000
"SPI","result",22.6339847,4e-06,0b00001011,0b00000000
"SPI","result",22.6339925,4e-06,0b00000000,0b00000000
"SPI","result",22.6339973,4e-06,0b00000001,0b00000000
"SPI","disable",22.6340025,2.49999997e-07,,
"SPI","enable",22.6340047,2.49999997e-07,,
"SPI","result",22.6340068,4.25e-06,0b00000000,0b00000000
"SPI","result",22.6340115,4.25e-06,0b00000011,0b00000000
"SPI","result",22.6340193,4.25e-06,0b00000000,0b00000000
"SPI","result",22.634024,4e-06,0b00001111,0b00000000
"SPI","disable",22.6340293,2.50000001e-07,,
"SPI","enable",22.6342378,2.50000001e-07,,
"SPI","result",22.6342388,4e-06,0b00001010,0b00000000
"SPI","disable",22.6342427,2.50000005e-07,,
"SPI","enable",22.6342458,2.49999997e-07,,
"SPI","result",22.6342467,4e-06,0b00001110,0b00000000
"SPI","disable",22.6342507,2.50000001e-07,,
"SPI","enable",22.6342528,2.49999997e-07,,
"SPI","result",22.634255,4e-06,0b00000000,0b00000000
"SPI","result",22.6342597,4e-06,0b00000101,0b00000000
"SPI","result",22.6342698,3.99999999e-06,0b00000100,0b00000000
"SPI","result",22.6342745,4e-06,0b00001001,0b00000000
"SPI","result",22.6342853,4.25e-06,0b00000110,0b00000000
"SPI","result",22.63429,4e-06,0b00000100,0b00000000
"SPI","result",22.6343008,4.25e-06,0b00000011,0b00000000
"SPI","result",22.6343055,4e-06,0b00001000,0b00000000
"SPI","result",22.6343163,4.25e-06,0b00000110,0b00000000
"SPI","result",22.634321,4e-06,0b00000100,0b00000000
"SPI","result",22.6343318,4.25e-06,0b00000010,0b00000000
"SPI","result",22.6343365,4e-06,0b00000001,0b00000000
"SPI","result",22.6343475,4e-06,0b00000011,0b00000000
"SPI","result",22.634352,4e-06,0b00000100,0b00000000
"SPI","result",22.634363,4e-06,0b00000010,0b00000000
"SPI","result",22.6343675,4.25e-06,0b00000001,0b00000000
"SPI","result",22.6343785,4e-06,0b00000001,0b00000000
"SPI","result",22.634383,4.25e-06,0b00000100,0b00000000
"SPI","result",22.634394,4e-06,0b00000010,0b00000000
"SPI","result",22.6343987,4e-06,0b00001100,0b00000000
"SPI","result",22.6344095,4e-06,0b00000001,0b00000000
"SPI","result",22.634414,4.25e-06,0b00000100,0b00000000
"SPI","result",22.634425,4e-06,0b00000010,0b00000000
"SPI","result",22.6344297,4e-06,0b00001100,0b00000000
"SPI","result",22.6344405,4e-06,0b00000001,0b00000000
"SPI","result",22.6344452,4e-06,0b00000100,0b00000000
"SPI","result",22.634456,4e-06,0b00000010,0b00000000
"SPI","result",22.6344607,4e-06,0b00001100,0b00000000
"SPI","result",22.6344715,4e-06,0b00000001,0b00000000
"SPI","result",22.6344762,4e-06,0b00000100,0b00000000
"SPI","result",22.634487,4e-06,0b00000010,0b00000000
"SPI","result",22.6344917,4e-06,0b00000001,0b00000000
"SPI","result",22.6345025,4e-06,0b00000000,0b00000000
"SPI","result",22.6345072,4e-06,0b00000000,0b00000000
"SPI","disable",22.6345152,2.49999997e-07,,
"SPI","enable",22.6345175,2.49999997e-07,,
"SPI","result",22.6345185,4e-06,0b00001101,0b00000000
"SPI","disable",22.6345227,2.50000001e-07,,
"SPI","enable",22.7798635,2.50000001e-07,,
"SPI","result",22.7798642,4.25e-06,0b00001010,0b00000000
"SPI","disable",22.7798685,2.49999997e-07,,
"SPI","enable",22.7798715,2.50000005e-07,,
"SPI","result",22.7798738,4e-06,0b00000010,0b00000000
"SPI","result",22.7798782,4.25e-06,0b00001000,0b00000000
"SPI","result",22.779886,4.25e-06,0b00000001,0b00000000
"SPI","result",22.7798907,4e-06,0b00001111,0b00000000
"SPI","disable",22.779896,2.50000001e-07,,
"SPI","enable",22.7798982,2.50000005e-07,,
"SPI","result",22.7799005,4e-06,0b00000000,0b00000000
"SPI","result",22.7799052,4e-06,0b00001110,0b00000000
"SPI","result",22.779913,4e-06,0b00000000,0b00000000
"SPI","result",22.7799177,4e-06,0b00000001,0b00000000
"SPI","disable",22.779923,2.50000001e-07,,
"SPI","enable",22.7799253,2.50000001e-07,,
"SPI","result",22.7799275,4e-06,0b00000000,0b00000000
"SPI","result",22.779932,4.25e-06,0b00000001,0b00000000
"SPI","result",22.77994,4e-06,0b00000110,0b00000000
"SPI","result",22.7799445,4.25e-06,0b00000010,0b00000000
"SPI","disable",22.7799498,2.50000001e-07,,
"SPI","enable",22.7799523,2.49999997e-07,,
"SPI","result",22.7799542,4.25e-06,0b00000001,0b00000000
"SPI","result",22.779959,4e-06,0b00001111,0b00000000
"SPI","result",22.7799667,4.25e-06,0b00000000,0b00000000
"SPI","result",22.7799715,4e-06,0b00001111,0b00000000
"SPI","disable",22.7799767,2.50000001e-07,,
"SPI","enable",22.7799805,2.49999997e-07,,
"SPI","result",22.7799827,4e-06,0b00000000,0b00000000
"SPI","result",22.7799875,4e-06,0b00001111,0b00000000
"SPI","result",22.7799952,4e-06,0b00000000,0b00000000
"SPI","result",22.78,4e-06,0b00000100,0b00000000
"SPI","disable",22.7800052,2.50000005e-07,,
"SPI","enable",22.7800075,2.50000001e-07,,
"SPI","result",22.7800098,4e-06,0b00000000,0b00000000
"SPI","result",22.7800145,4e-06,0b00001011,0b00000000
"SPI","result",22.7800222,4e-06,0b00000000,0b00000000
"SPI","result",22.7800268,4.25e-06,0b00000001,0b00000000
"SPI","disable",22.7800323,2.50000001e-07,,
"SPI","enable",22.7800345,2.50000001e-07,,
"SPI","result",22.7800365,4.25e-06,0b00000000,0b00000000
"SPI","result",22.7800413,4e-06,0b00000011,0b00000000
"SPI","result",22.780049,4.25e-06,0b00000000,0b00000000
"SPI","result",22.7800538,4e-06,0b00001111,0b00000000
"SPI","disable",22.780059,2.50000001e-07,,
"SPI","enable",22.7802675,2.49999997e-07,,
"SPI","result",22.7802682,4.25e-06,0b00001010,0b00000000
"SPI","disable",22.7802725,2.50000001e-07,,
"SPI","enable",22.7802755,2.50000001e-07,,
"SPI","result",22.7802765,4e-06,0b00001110,0b00000000
"SPI","disable",22.7802805,2.49999997e-07,,
"SPI","enable",22.7802822,2.49999997e-07,,
"SPI","result",22.7802847,4e-06,0b00000000,0b00000000
"SPI","result",22.7802892,4.25e-06,0b00000101,0b00000000
"SPI","result",22.7802995,4e-06,0b00000100,0b00000000
"SPI","result",22.7803043,4e-06,0b00001001,0b00000000
"SPI","result",22.780315,4e-06,0b00000110,0b00000000
"SPI","result",22.7803198,4e-06,0b00000100,0b00000000
"SPI","result",22.7803305,4e-06,0b00000011,0b00000000
"SPI","result",22.7803353,4e-06,0b00001000,0b00000000
"SPI","result",22.780346,4e-06,0b00000110,0b00000000
"SPI","result",22.7803508,4e-06,0b00000100,0b00000000
"SPI","result",22.7803615,4e-06,0b00000010,0b00000000
"SPI","result",22.7803663,4e-06,0b00000001,0b00000000
"SPI","result",22.780377,4.25e-06,0b00000011,0b00000000
"SPI","result",22.7803818,4e-06,0b00000100,0b00000000
"SPI","result",22.7803925,4.25e-06,0b00000010,0b00000000
"SPI","result",22.7803973,4e-06,0b00000001,0b00000000
"SPI","result",22.780408,4.25e-06,0b00000001,0b00000000
"SPI","result",22.7804127,4e-06,0b00000100,0b00000000
"SPI","result",22.7804235,4.25e-06,0b00000010,0b00000000
"SPI","result",22.7804282,4e-06,0b00001100,0b00000000
"SPI","result",22.7804393,4e-06,0b00000001,0b00000000
"SPI","result",22.7804437,4e-06,0b00000100,0b00000000
"SPI","result",22.7804548,4e-06,0b00000010,0b00000000
"SPI","result",22.7804592,4.25e-06,0b00001100,0b00000000
"SPI","result",22.7804703,4e-06,0b00000001,0b00000000
"SPI","result",22.7804747,4.25e-06,0b00000100,0b00000000
"SPI","result",22.7804858,4e-06,0b00000010,0b00000000
"SPI","result",22.7804902,4.25e-06,0b00001100,0b00000000
"SPI","result",22.7805013,4e-06,0b00000001,0b00000000
"SPI","result",22.7805057,4.25e-06,0b00000100,0b00000000
"SPI","result",22.7805168,4e-06,0b00000010,0b00000000
"SPI","result",22.7805212,4.25e-06,0b00000001,0b00000000
"SPI","result",22.7805323,4e-06,0b00000000,0b00000000
"SPI","result",22.780537,4e-06,0b00000000,0b00000000
"SPI","disable",22.780545,2.50000001e-07,,
"SPI","enable",22.7805473,2.49999997e-07,,
"SPI","result",22.7805482,4e-06,0b00001101,0b00000000
"SPI","disable",22.7805522,2.49999997e-07,,
"SPI","enable",22.961738,2.49999997e-07,,
"SPI","result",22.961739,4e-06,0b00001010,0b00000000
"SPI","disable",22.961743,2.50000005e-07,,
"SPI","enable",22.961746,2.49999997e-07,,
"SPI","result",22.9617482,4e-06,0b00000010,0b00000000
"SPI","result",22.961753,4e-06,0b00001000,0b00000000
"SPI","result",22.9617607,4e-06,0b00000001,0b00000000
"SPI","result",22.9617655,4e-06,0b00001111,0b00000000
"SPI","disable",22.9617707,2.50000001e-07,,
"SPI","enable",22.961773,2.50000001e-07,,
"SPI","result",22.961775,4.25e-06,0b00000000,0b00000000
"SPI","result",22.9617798,4.25e-06,0b00001110,0b00000000
"SPI","result",22.9617875,4.25e-06,0b00000000,0b00000000
"SPI","result",22.9617922,4e-06,0b00000001,0b00000000
"SPI","disable",22.9617975,2.49999997e-07,,
"SPI","enable",22.9617998,2.49999997e-07,,
"SPI","result",22.961802,4e-06,0b00000000,0b00000000
"SPI","result",22.9618068,4e-06,0b00000001,0b00000000
"SPI","result",22.9618145,4e-06,0b00000110,0b00000000
"SPI","result",22.9618193,4e-06,0b00000010,0b00000000
"SPI","disable",22.9618245,2.50000005e-07,,
"SPI","enable",22.9618268,2.50000001e-07,,
"SPI","result",22.961829,4e-06,0b00000001,0b00000000
"SPI","result",22.9618338,4e-06,0b00001111,0b00000000
"SPI","result",22.9618415,4e-06,0b00000000,0b00000000
"SPI","result",22.9618463,4e-06,0b00001111,0b00000000
"SPI","disable",22.9618515,2.50000001e-07,,
"SPI","enable",22.9618552,2.49999997e-07,,
"SPI","result",22.9618573,4.25e-06,0b00000000,0b00000000
"SPI","result",22.961862,4.25e-06,0b00001111,0b00000000
"SPI","result",22.9618698,4.25e-06,0b00000000,0b00000000
"SPI","result",22.9618745,4e-06,0b00000100,0b00000000
"SPI","disable",22.9618798,2.50000001e-07,,
"SPI","enable",22.961882,2.50000001e-07,,
"SPI","result",22.9618843,4e-06,0b00000000,0b00000000
"SPI","result",22.961889,4e-06,0b00001011,0b00000000
"SPI","result",22.9618968,4e-06,0b00000000,0b00000000
"SPI","result",22.9619015,4e-06,0b00000001,0b00000000
"SPI","disable",22.9619068,2.49999997e-07,,
"SPI","enable",22.961909,2.50000001e-07,,
"SPI","result",22.9619112,4e-06,0b00000000,0b00000000
"SPI","result",22.9619157,4.25e-06,0b00000011,0b00000000
"SPI","result",22.9619238,4e-06,0b00000000,0b00000000
"SPI","result",22.9619285,4e-06,0b00001111,0b00000000
"SPI","disable",22.9619338,2.50000001e-07,,
"SPI","enable",22.962142,2.50000001e-07,,
"SPI","result",22.962143,4e-06,0b00001010,0b00000000
"SPI","disable",22.9621473,2.49999997e-07,,
"SPI","enable",22.96215,2.49999997e-07,,
"SPI","result",22.962151,4e-06,0b00001110,0b00000000
"SPI","disable",22.9621552,2.50000001e-07,,
"SPI","enable",22.962157,2.49999997e-07,,
"SPI","result",22.9621592,4e-06,0b00000000,0b00000000
"SPI","result",22.962164,4e-06,0b00000101,0b00000000
"SPI","result",22.962174,4.25e-06,0b00000100,0b00000000
"SPI","result",22.9621787,4e-06,0b00001001,0b00000000
"SPI","result",22.9621895,4.25e-06,0b00000110,0b00000000
"SPI","result",22.9621942,4e-06,0b00000100,0b00000000
"SPI","result",22.9622053,4e-06,0b00000011,0b00000000
"SPI","result",22.9622097,4e-06,0b00001000,0b00000000
"SPI","result",22.9622208,4e-06,0b00000110,0b00000000
"SPI","result",22.9622252,4.25e-06,0b00000100,0b00000000
"SPI","result",22.9622363,4e-06,0b00000010,0b00000000
"SPI","result",22.9622407,4.25e-06,0b00000001,0b00000000
"SPI","result",22.9622518,4e-06,0b00000011,0b00000000
"SPI","result",22.9622562,4.25e-06,0b00000100,0b00000000
"SPI","result",22.9622673,4e-06,0b00000010,0b00000000
"SPI","result",22.9622717,4.25e-06,0b00000001,0b00000000
"SPI","result",22.9622827,4e-06,0b00000001,0b00000000
"SPI","result",22.9622872,4.25e-06,0b00000100,0b00000000
"SPI","result",22.9622982,4e-06,0b00000010,0b00000000
"SPI","result",22.962303,4e-06,0b00001100,0b00000000
"SPI","result",22.9623137,4e-06,0b00000001,0b00000000
"SPI","result",22.9623185,4e-06,0b00000100,0b00000000
"SPI","result",22.9623292,4e-06,0b00000010,0b00000000
"SPI","result",22.962334,4e-06,0b00001100,0b00000000
"SPI","result",22.9623447,4e-06,0b00000001,0b00000000
"SPI","result",22.9623495,4e-06,0b00000100,0b00000000
"SPI","result",22.9623602,4e-06,0b00000010,0b00000000
"SPI","result",22.962365,4e-06,0b00001100,0b00000000
"SPI","result",22.9623757,4.25e-06,0b00000001,0b00000000
"SPI","result",22.9623805,4e-06,0b00000100,0b00000000
"SPI","result",22.9623912,4.25e-06,0b00000010,0b00000000
"SPI","result",22.962396,4e-06,0b00000001,0b00000000
"SPI","result",22.9624067,4.25e-06,0b00000000,0b00000000
"SPI","result",22.9624115,4e-06,0b00000000,0b00000000
"SPI","disable",22.9624195,2.49999997e-07,,
"SPI","enable",22.9624218,2.49999997e-07,,
"SPI","result",22.9624228,4e-06,0b00001101,0b00000000
"SPI","disable",22.962427,2.49999997e-07,,
"SPI","enable",23.1076903,2.50000001e-07,,
"SPI","result",23.1076912,4e-06,0b00001010,0b00000000
"SPI","disable",23.1076955,2.50000005e-07,,
"SPI","enable",23.1076985,2.49999997e-07,,
"SPI","result",23.1077005,4.25e-06,0b00000010,0b00000000
"SPI","result",23.1077052,4e-06,0b00001000,0b00000000
"SPI","result",23.107713,4.25e-06,0b00000001,0b00000000
"SPI","result",23.1077177,4e-06,0b00001111,0b00000000
"SPI","disable",23.107723,2.49999997e-07,,
"SPI","enable",23.1077253,2.49999997e-07,,
"SPI","result",23.1077275,4e-06,0b00000000,0b00000000
"SPI","result",23.1077323,4e-06,0b00001110,0b00000000
"SPI","result",23.10774,4e-06,0b00000000,0b00000000
"SPI","result",23.1077447,4e-06,0b00000001,0b00000000
"SPI","disable",23.10775,2.49999997e-07,,
"SPI","enable",23.1077523,2.49999997e-07,,
"SPI","result",23.1077545,4e-06,0b00000000,0b00000000
"SPI","result",23.107759,4.25e-06,0b00000001,0b00000000
"SPI","result",23.107767,4e-06,0b00000110,0b00000000
"SPI","result",23.1077715,4.25e-06,0b00000010,0b00000000
"SPI","disable",23.1077767,2.49999997e-07,,
"SPI","enable",23.1077793,2.50000001e-07,,
"SPI","result",23.1077812,4.25e-06,0b00000001,0b00000000
"SPI","result",23.107786,4e-06,0b00001111,0b00000000
"SPI","result",23.1077937,4e-06,0b00000000,0b00000000
"SPI","result",23.1077985,4e-06,0b00001111,0b00000000
"SPI","disable",23.1078037,2.50000001e-07,,
"SPI","enable",23.1078075,2.50000001e-07,,
"SPI","result",23.1078098,4e-06,0b00000000,0b00000000
"SPI","result",23.1078145,4e-06,0b00001111,0b00000000
"SPI","result",23.1078223,4e-06,0b00000000,0b00000000
"SPI","result",23.107827,4e-06,0b00000100,0b00000000
"SPI","disable",23.1078322,2.50000001e-07,,
"SPI","enable",23.1078345,2.49999997e-07,,
"SPI","result",23.1078368,4e-06,0b00000000,0b00000000
"SPI","result",23.1078412,4.25e-06,0b00001011,0b00000000
"SPI","result",23.1078493,4e-06,0b00000000,0b00000000
"SPI","result",23.1078538,4e-06,0b00000001,0b00000000
"SPI","disable",23.107859,2.50000001e-07,,
"SPI","enable",23.1078615,2.50000001e-07,,
"SPI","result",23.1078635,4.25e-06,0b00000000,0b00000000
"SPI","result",23.1078682,4e-06,0b00000011,0b00000000
"SPI","result",23.107876,4e-06,0b00000000,0b00000000
"SPI","result",23.1078807,4e-06,0b00001111,0b00000000
"SPI","disable",23.107886,2.49999997e-07,,
"SPI","enable",23.1080945,2.50000001e-07,,
"SPI","result",23.1080953,4.25e-06,0b00001010,0b00000000
"SPI","disable",23.1080995,2.50000001e-07,,
"SPI","enable",23.1081023,2.49999997e-07,,
"SPI","result",23.1081032,4e-06,0b00001110,0b00000000
"SPI","disable",23.1081075,2.50000001e-07,,
"SPI","enable",23.1081092,2.50000005e-07,,
"SPI","result",23.1081117,4e-06,0b00000000,0b00000000
"SPI","result",23.1081162,4e-06,0b00000101,0b00000000
"SPI","result",23.1081265,4e-06,0b00000100,0b00000000
"SPI","result",23.1081312,4e-06,0b00001001,0b00000000
"SPI","result",23.108142,4e-06,0b00000110,0b00000000
"SPI","result",23.1081465,4.25e-06,0b00000100,0b00000000
"SPI","result",23.1081575,4e-06,0b00000011,0b00000000
"SPI","result",23.1081622,4e-06,0b00001000,0b00000000
"SPI","result",23.108173,4e-06,0b00000110,0b00000000
"SPI","result",23.1081777,4e-06,0b00000100,0b00000000
"SPI","result",23.1081885,4e-06,0b00000010,0b00000000
"SPI","result",23.1081932,4e-06,0b00000001,0b00000000
"SPI","result",23.108204,4e-06,0b00000011,0b00000000
"SPI","result",23.1082087,4e-06,0b00000100,0b00000000
"SPI","result",23.1082195,4e-06,0b00000010,0b00000000
"SPI","result",23.1082242,4e-06,0b00000001,0b00000000
"SPI","result",23.108235,4e-06,0b00000001,0b00000000
"SPI","result",23.1082397,4e-06,0b00000100,0b00000000
"SPI","result",23.1082505,4.25e-06,0b00000010,0b00000000
"SPI","result",23.1082552,4e-06,0b00001100,0b00000000
"SPI","result",23.108266,4.25e-06,0b00000001,0b00000000
"SPI","result",23.1082707,4e-06,0b00000100,0b00000000
"SPI","result",23.1082815,4.25e-06,0b00000010,0b00000000
"SPI","result",23.1082862,4e-06,0b00001100,0b00000000
"SPI","result",23.1082972,4e-06,0b00000001,0b00000000
"SPI","result",23.1083017,4e-06,0b00000100,0b00000000
"SPI","result",23.1083127,4e-06,0b00000010,0b00000000
"SPI","result",23.1083172,4e-06,0b00001100,0b00000000
"SPI","result",23.1083282,4e-06,0b00000001,0b00000000
"SPI","result",23.1083327,4.25e-06,0b00000100,0b00000000
"SPI","result",23.1083437,4e-06,0b00000010,0b00000000
"SPI","result",23.1083482,4.25e-06,0b00000001,0b00000000
"SPI","result",23.1083592,4e-06,0b00000000,0b00000000
"SPI","result",23.1083637,4.25e-06,0b00000000,0b00000000
"SPI","disable",23.108372,2.50000001e-07,,
"SPI","enable",23.108374,2.50000001e-07,,
"SPI","result",23.108375,4e-06,0b00001101,0b00000000
"SPI","disable",23.1083792,2.50000005e-07,,
"SPI","enable",23.32535,2.50000001e-07,,
"SPI","result",23.325351,4e-06,0b00001010,0b00000000
"SPI","disable",23.3253553,2.50000001e-07,,
"SPI","enable",23.325358,2.50000001e-07,,
"SPI","result",23.3253602,4e-06,0b00000010,0b00000000
"SPI","result",23.325365,4e-06,0b00001000,0b00000000
"SPI","result",23.3253727,4e-06,0b00000001,0b00000000
"SPI","result",23.3253775,4e-06,0b00001111,0b00000000
"SPI","disable",23.3253827,2.49999997e-07,,
"SPI","enable",23.325385,2.49999997e-07,,
"SPI","result",23.3253872,4e-06,0b00000000,0b00000000
"SPI","result",23.325392,4e-06,0b00001110,0b00000000
"SPI","result",23.3253997,4e-06,0b00000000,0b00000000
"SPI","result",23.3254042,4.25e-06,0b00000001,0b00000000
"SPI","disable",23.3254095,2.50000001e-07,,
"SPI","enable",23.325412,2.50000001e-07,,
"SPI","result",23.325414,4.25e-06,0b00000000,0b00000000
"SPI","result",23.3254188,4e-06,0b00000001,0b00000000
"SPI","result",23.3254265,4.25e-06,0b00000110,0b00000000
"SPI","result",23.3254313,4e-06,0b00000010,0b00000000
"SPI","disable",23.3254365,2.50000001e-07,,
"SPI","enable",23.3254387,2.49999997e-07,,
"SPI","result",23.325441,4e-06,0b00000001,0b00000000
"SPI","result",23.3254458,4e-06,0b00001111,0b00000000
"SPI","result",23.3254535,4e-06,0b00000000,0b00000000
"SPI","result",23.3254583,4e-06,0b00001111,0b00000000
"SPI","disable",23.3254635,2.50000001e-07,,
"SPI","enable",23.3254672,2.50000001e-07,,
"SPI","result",23.3254695,4e-06,0b00000000,0b00000000
"SPI","result",23.3254742,4e-06,0b00001111,0b00000000
"SPI","result",23.325482,4e-06,0b00000000,0b00000000
"SPI","result",23.3254865,4.25e-06,0b00000100,0b00000000
"SPI","disable",23.3254918,2.50000001e-07,,
"SPI","enable",23.3254942,2.50000001e-07,,
"SPI","result",23.3254963,4.25e-06,0b00000000,0b00000000
"SPI","result",23.325501,4e-06,0b00001011,0b00000000
"SPI","result",23.3255088,4.25e-06,0b00000000,0b00000000
"SPI","result",23.3255135,4e-06,0b00000001,0b00000000
"SPI","disable",23.3255188,2.50000001e-07,,
"SPI","enable",23.325521,2.50000005e-07,,
"SPI","result",23.3255232,4e-06,0b00000000,0b00000000
"SPI","result",23.325528,4e-06,0b00000011,0b00000000
"SPI","result",23.3255358,4e-06,0b00000000,0b00000000
"SPI","result",23.3255405,4e-06,0b00001111,0b00000000
"SPI","disable",23.3255457,2.49999997e-07,,
"SPI","enable",23.3257542,2.50000001e-07,,
"SPI","result",23.325755,4.25e-06,0b00001010,0b00000000
"SPI","disable",23.3257593,2.50000001e-07,,
"SPI","enable",23.3257623,2.50000001e-07,,
"SPI","result",23.325763,4.25e-06,0b00001110,0b00000000
"SPI","disable",23.3257672,2.50000005e-07,,
"SPI","enable",23.325769,2.50000001e-07,,
"SPI","result",23.3257715,4e-06,0b00000000,0b00000000
"SPI","result",23.325776,4.25e-06,0b00000101,0b00000000
"SPI","result",23.3257863,4e-06,0b00000100,0b00000000
"SPI","result",23.325791,4e-06,0b00001001,0b00000000
"SPI","result",23.3258018,4e-06,0b00000110,0b00000000
"SPI","result",23.3258065,4e-06,0b00000100,0b00000000
"SPI","result",23.3258173,4e-06,0b00000011,0b00000000
"SPI","result",23.325822,4e-06,0b00001000,0b00000000
"SPI","result",23.3258328,4e-06,0b00000110,0b00000000
"SPI","result",23.3258375,4e-06,0b00000100,0b00000000
"SPI","result",23.3258482,4e-06,0b00000010,0b00000000
"SPI","result",23.325853,4e-06,0b00000001,0b00000000
"SPI","result",23.3258637,4.25e-06,0b00000011,0b00000000
"SPI","result",23.3258685,4e-06,0b00000100,0b00000000
"SPI","result",23.3258792,4.25e-06,0b00000010,0b00000000
"SPI","result",23.325884,4e-06,0b00000001,0b00000000
"SPI","result",23.3258947,4.25e-06,0b00000001,0b00000000
"SPI","result",23.3258995,4e-06,0b00000100,0b00000000
"SPI","result",23.3259105,4e-06,0b00000010,0b00000000
"SPI","result",23.325915,4.25e-06,0b00001100,0b00000000
"SPI","result",23.325926,4e-06,0b00000001,0b00000000
"SPI","result",23.3259305,4.25e-06,0b00000100,0b00000000
"SPI","result",23.3259415,4e-06,0b00000010,0b00000000
"SPI","result",23.3259463,4e-06,0b00001100,0b00000000
"SPI","result",23.325957,4e-06,0b00000001,0b00000000
"SPI","result",23.3259615,4.25000001e-06,0b00000100,0b00000000
"SPI","result",23.3259725,4e-06,0b00000010,0b00000000
"SPI","result",23.3259773,4e-06,0b00001100,0b00000000
"SPI","result",23.325988,4e-06,0b00000001,0b00000000
"SPI","result",23.3259928,4e-06,0b00000100,0b00000000
"SPI","result",23.3260035,4e-06,0b00000010,0b00000000
"SPI","result",23.3260083,4e-06,0b00000001,0b00000000
"SPI","result",23.326019,4e-06,0b00000000,0b00000000
"SPI","result",23.3260238,4e-06,0b00000000,0b00000000
"SPI","disable",23.3260317,2.50000005e-07,,
"SPI","enable",23.326034,2.50000001e-07,,
"SPI","result",23.326035,4e-06,0b00001101,0b00000000
"SPI","disable",23.3260393,2.49999997e-07,,
"SPI","enable",23.5071495,2.50000001e-07,,
"SPI","result",23.5071505,3.99999999e-06,0b00001010,0b00000000
"SPI","disable",23.5071548,2.50000001e-07,,
"SPI","enable",23.5071575,2.50000001e-07,,
"SPI","result",23.5071597,4e-06,0b00000010,0b00000000
"SPI","result",23.5071645,4e-06,0b00001000,0b00000000
"SPI","result",23.5071722,4e-06,0b00000001,0b00000000
"SPI","result",23.507177,4e-06,0b00001111,0b00000000
"SPI","disable",23.5071822,2.50000001e-07,,
"SPI","enable",23.5071845,2.50000001e-07,,
"SPI","result",23.5071867,4e-06,0b00000000,0b00000000
"SPI","result",23.5071915,4e-06,0b00001110,0b00000000
"SPI","result",23.5071992,4e-06,0b00000000,0b00000000
"SPI","result",23.5072037,4.25e-06,0b00000001,0b00000000
"SPI","disable",23.507209,2.50000001e-07,,
"SPI","enable",23.5072115,2.49999997e-07,,
"SPI","result",23.5072135,4.25e-06,0b00000000,0b00000000
"SPI","result",23.5072183,4e-06,0b00000001,0b00000000
"SPI","result",23.507226,4.25e-06,0b00000110,0b00000000
"SPI","result",23.5072308,4e-06,0b00000010,0b00000000
"SPI","disable",23.507236,2.50000001e-07,,
"SPI","enable",23.5072383,2.49999997e-07,,
"SPI","result",23.5072405,3.99999999e-06,0b00000001,0b00000000
"SPI","result",23.5072453,4e-06,0b00001111,0b00000000
"SPI","result",23.507253,4e-06,0b00000000,0b00000000
"SPI","result",23.5072578,4e-06,0b00001111,0b00000000
"SPI","disable",23.507263,2.50000001e-07,,
"SPI","enable",23.5072667,2.50000001e-07,,
"SPI","result",23.507269,4e-06,0b00000000,0b00000000
"SPI","result",23.5072735,4.25e-06,0b00001111,0b00000000
"SPI","result",23.5072815,4e-06,0b00000000,0b00000000
"SPI","result",23.507286,4e-06,0b00000100,0b00000000
"SPI","disable",23.5072913,2.49999997e-07,,
"SPI","enable",23.5072937,2.50000005e-07,,
"SPI","result",23.5072958,4.25e-06,0b00000000,0b00000000
"SPI","result",23.5073005,4e-06,0b00001011,0b00000000
"SPI","result",23.5073083,4e-06,0b00000000,0b00000000
"SPI","result",23.507313,4e-06,0b00000001,0b00000000
"SPI","disable",23.5073183,2.50000001e-07,,
"SPI","enable",23.5073205,2.50000005e-07,,
"SPI","result",23.5073228,4e-06,0b00000000,0b00000000
"SPI","result",23.5073275,4e-06,0b00000011,0b00000000
"SPI","result",23.5073353,4e-06,0b00000000,0b00000000
"SPI","result",23.50734,4e-06,0b00001111,0b00000000
"SPI","disable",23.5073453,2.50000001e-07,,
"SPI","enable",23.5075535,2.49999997e-07,,
"SPI","result",23.5075545,4e-06,0b00001010,0b00000000
"SPI","disable",23.5075588,2.50000001e-07,,
"SPI","enable",23.5075615,2.50000001e-07,,
"SPI","result",23.5075625,4e-06,0b00001110,0b00000000
"SPI","disable",23.5075667,2.50000005e-07,,
"SPI","enable",23.5075685,2.50000001e-07,,
"SPI","result",23.5075707,4e-06,0b00000000,0b00000000
"SPI","result",23.5075755,4e-06,0b00000101,0b00000000
"SPI","result",23.5075855,4.25e-06,0b00000100,0b00000000
"SPI","result",23.5075902,4e-06,0b00001001,0b00000000
"SPI","result",23.507601,4.25e-06,0b00000110,0b00000000
"SPI","result",23.5076057,4e-06,0b00000100,0b00000000
"SPI","result",23.5076168,4e-06,0b00000011,0b00000000
"SPI","result",23.5076212,4e-06,0b00001000,0b00000000
"SPI","result",23.5076323,4e-06,0b00000110,0b00000000
"SPI","result",23.5076367,4.25e-06,0b00000100,0b00000000
"SPI","result",23.5076478,4e-06,0b00000010,0b00000000
"SPI","result",23.5076522,4.25e-06,0b00000001,0b00000000
"SPI","result",23.5076633,4e-06,0b00000011,0b00000000
"SPI","result",23.5076677,4.25e-06,0b00000100,0b00000000
"SPI","result",23.5076788,4e-06,0b00000010,0b00000000
"SPI","result",23.5076832,4.25e-06,0b00000001,0b00000000
"SPI","result",23.5076943,4e-06,0b00000001,0b00000000
"SPI","result",23.5076987,4.25e-06,0b00000100,0b00000000
"SPI","result",23.5077098,4e-06,0b00000010,0b00000000
"SPI","result",23.5077145,4e-06,0b00001100,0b00000000
"SPI","result",23.5077253,4e-06,0b00000001,0b00000000
"SPI","result",23.50773,4e-06,0b00000100,0b00000000
"SPI","result",23.5077407,4e-06,0b00000010,0b00000000
"SPI","result",23.5077455,4e-06,0b00001100,0b00000000
"SPI","result",23.5077562,4e-06,0b00000001,0b00000000
"SPI","result",23.507761,4e-06,0b00000100,0b00000000
"SPI","result",23.5077717,4e-06,0b00000010,0b00000000
"SPI","result",23.5077765,4e-06,0b00001100,0b00000000
"SPI","result",23.5077872,4e-06,0b00000001,0b00000000
"SPI","result",23.507792,4e-06,0b00000100,0b00000000
"SPI","result",23.5078027,4.25e-06,0b00000010,0b00000000
"SPI","result",23.5078075,4e-06,0b00000001,0b00000000
"SPI","result",23.5078182,4.25e-06,0b00000000,0b00000000
"SPI","result",23.507823,4e-06,0b00000000,0b00000000
"SPI","disable",23.507831,2.50000001e-07,,
"SPI","enable",23.5078333,2.50000001e-07,,
"SPI","result",23.5078342,4e-06,0b00001101,0b00000000
"SPI","disable",23.5078385,2.50000005e-07,,
"SPI","enable",23.724935,2.50000005e-07,,
"SPI","result",23.724936,4e-06,0b00001010,0b00000000
"SPI","disable",23.7249402,2.50000001e-07,,
"SPI","enable",23.724943,2.50000001e-07,,
"SPI","result",23.7249453,4e-06,0b00000010,0b00000000
"SPI","result",23.72495,4e-06,0b00001000,0b00000000
"SPI","result",23.7249578,4e-06,0b00000001,0b00000000
"SPI","result",23.7249625,4e-06,0b00001111,0b00000000
"SPI","disable",23.7249678,2.50000001e-07,,
"SPI","enable",23.72497,2.50000001e-07,,
"SPI","result",23.7249723,4e-06,0b00000000,0b00000000
"SPI","result",23.7249767,4.25e-06,0b00001110,0b00000000
"SPI","result",23.7249848,4e-06,0b00000000,0b00000000
"SPI","result",23.7249893,4.25e-06,0b00000001,0b00000000
"SPI","disable",23.7249945,2.50000001e-07,,
"SPI","enable",23.724997,2.50000001e-07,,
"SPI","result",23.724999,4.25e-06,0b00000000,0b00000000
"SPI","result",23.7250037,4e-06,0b00000001,0b00000000
"SPI","result",23.7250115,4e-06,0b00000110,0b00000000
"SPI","result",23.7250162,4e-06,0b00000010,0b00000000
"SPI","disable",23.7250215,2.50000001e-07,,
"SPI","enable",23.7250237,2.50000005e-07,,
"SPI","result",23.725026,4e-06,0b00000001,0b00000000
"SPI","result",23.7250307,4e-06,0b00001111,0b00000000
"SPI","result",23.7250385,4e-06,0b00000000,0b00000000
"SPI","result",23.7250432,4e-06,0b00001111,0b00000000
"SPI","disable",23.7250485,2.49999997e-07,,
"SPI","enable",23.7250523,2.50000001e-07,,
"SPI","result",23.7250545,4e-06,0b00000000,0b00000000
"SPI","result",23.7250593,4e-06,0b00001111,0b00000000
"SPI","result",23.725067,4e-06,0b00000000,0b00000000
"SPI","result",23.7250715,4.25e-06,0b00000100,0b00000000
"SPI","disable",23.7250767,2.49999997e-07,,
"SPI","enable",23.7250793,2.50000001e-07,,
"SPI","result",23.7250812,4.25e-06,0b00000000,0b00000000
"SPI","result",23.725086,4e-06,0b00001011,0b00000000
"SPI","result",23.7250937,4.25e-06,0b00000000,0b00000000
"SPI","result",23.7250985,4e-06,0b00000001,0b00000000
"SPI","disable",23.7251037,2.50000005e-07,,
"SPI","enable",23.725106,2.50000001e-07,,
"SPI","result",23.7251083,4e-06,0b00000000,0b00000000
"SPI","result",23.725113,4e-06,0b00000011,0b00000000
"SPI","result",23.7251207,4e-06,0b00000000,0b00000000
"SPI","result",23.7251255,4e-06,0b00001111,0b00000000
"SPI","disable",23.7251308,2.50000001e-07,,
"SPI","enable",23.725339,2.50000001e-07,,
"SPI","result",23.72534,4e-06,0b00001010,0b00000000
"SPI","disable",23.7253442,2.50000001e-07,,
"SPI","enable",23.725347,2.50000001e-07,,
"SPI","result",23.725348,4e-06,0b00001110,0b00000000
"SPI","disable",23.7253523,2.50000001e-07,,
"SPI","enable",23.725354,2.50000001e-07,,
"SPI","result",23.7253563,4.25e-06,0b00000000,0b00000000
"SPI","result",23.725361,4e-06,0b00000101,0b00000000
"SPI","result",23.7253712,4e-06,0b00000100,0b00000000
"SPI","result",23.7253758,4e-06,0b00001001,0b00000000
"SPI","result",23.7253867,4e-06,0b00000110,0b00000000
"SPI","result",23.7253913,4.25e-06,0b00000100,0b00000000
"SPI","result",23.7254022,4e-06,0b00000011,0b00000000
"SPI","result",23.7254068,4.25e-06,0b00001000,0b00000000
"SPI","result",23.7254177,4e-06,0b00000110,0b00000000
"SPI","result",23.7254223,4.25e-06,0b00000100,0b00000000
"SPI","result",23.7254332,4e-06,0b00000010,0b00000000
"SPI","result",23.7254378,4.25e-06,0b00000001,0b00000000
"SPI","result",23.7254488,4e-06,0b00000011,0b00000000
"SPI","result",23.7254535,4e-06,0b00000100,0b00000000
"SPI","result",23.7254643,4e-06,0b00000010,0b00000000
"SPI","result",23.725469,4e-06,0b00000001,0b00000000
"SPI","result",23.7254798,4e-06,0b00000001,0b00000000
"SPI","result",23.7254845,4e-06,0b00000100,0b00000000
"SPI","result",23.7254953,4e-06,0b00000010,0b00000000
"SPI","result",23.7255,4e-06,0b00001100,0b00000000
"SPI","result",23.7255108,4e-06,0b00000001,0b00000000
"SPI","result",23.7255155,4e-06,0b00000100,0b00000000
"SPI","result",23.7255263,4.25e-06,0b00000010,0b00000000
"SPI","result",23.725531,4e-06,0b00001100,0b00000000
"SPI","result",23.7255418,4.25e-06,0b00000001,0b00000000
"SPI","result",23.7255465,4e-06,0b00000100,0b00000000
"SPI","result",23.7255573,4.25e-06,0b00000010,0b00000000
"SPI","result",23.725562,4e-06,0b00001100,0b00000000
"SPI","result",23.725573,4e-06,0b00000001,0b00000000
"SPI","result",23.7255775,4e-06,0b00000100,0b00000000
"SPI","result",23.7255885,4e-06,0b00000010,0b00000000
"SPI","result",23.725593,4e-06,0b00000001,0b00000000
"SPI","result",23.725604,4e-06,0b00000000,0b00000000
"SPI","result",23.7256085,4.25e-06,0b00000000,0b00000000
"SPI","disable",23.7256168,2.49999997e-07,,
"SPI","enable",23.7256187,2.50000001e-07,,
"SPI","result",23.7256197,4e-06,0b00001101,0b00000000
"SPI","disable",23.725624,2.50000001e-07,,
"SPI","enable",23.870763,2.50000001e-07,,
"SPI","result",23.870764,4e-06,0b00001010,0b00000000
"SPI","disable",23.8707683,2.50000001e-07,,
"SPI","enable",23.8707713,2.49999997e-07,,
"SPI","result",23.8707732,4.25e-06,0b00000010,0b00000000
"SPI","result",23.870778,4e-06,0b00001000,0b00000000
"SPI","result",23.8707857,4e-06,0b00000001,0b00000000
"SPI","result",23.8707905,4e-06,0b00001111,0b00000000
"SPI","disable",23.8707957,2.50000001e-07,,
"SPI","enable",23.870798,2.50000001e-07,,
"SPI","result",23.8708002,4e-06,0b00000000,0b00000000
"SPI","result",23.870805,4e-06,0b00001110,0b00000000
"SPI","result",23.8708127,4e-06,0b00000000,0b00000000
"SPI","result",23.8708173,4.25e-06,0b00000001,0b00000000
"SPI","disable",23.8708227,2.50000001e-07,,
"SPI","enable",23.870825,2.49999997e-07,,
"SPI","result",23.870827,4.25e-06,0b00000000,0b00000000
"SPI","result",23.8708318,4e-06,0b00000001,0b00000000
"SPI","result",23.8708395,4.25e-06,0b00000110,0b00000000
"SPI","result",23.8708443,4e-06,0b00000010,0b00000000
"SPI","disable",23.8708495,2.50000001e-07,,
"SPI","enable",23.8708517,2.49999997e-07,,
"SPI","result",23.870854,4e-06,0b00000001,0b00000000
"SPI","result",23.8708588,4e-06,0b00001111,0b00000000
"SPI","result",23.8708665,4e-06,0b00000000,0b00000000
"SPI","result",23.8708713,4e-06,0b00001111,0b00000000
"SPI","disable",23.8708765,2.49999997e-07,,
"SPI","enable",23.8708802,2.50000001e-07,,
"SPI","result",23.8708825,4e-06,0b00000000,0b00000000
"SPI","result",23.8708872,4e-06,0b00001111,0b00000000
"SPI","result",23.870895,4e-06,0b00000000,0b00000000
"SPI","result",23.8708995,4.25e-06,0b00000100,0b00000000
"SPI","disable",23.8709048,2.49999997e-07,,
"SPI","enable",23.8709072,2.50000005e-07,,
"SPI","result",23.8709093,4.25e-06,0b00000000,0b00000000
"SPI","result",23.870914,4e-06,0b00001011,0b00000000
"SPI","result",23.8709218,4.25e-06,0b00000000,0b00000000
"SPI","result",23.8709265,4e-06,0b00000001,0b00000000
"SPI","disable",23.8709318,2.50000001e-07,,
"SPI","enable",23.870934,2.50000005e-07,,
"SPI","result",23.8709362,4e-06,0b00000000,0b00000000
"SPI","result",23.870941,4e-06,0b00000011,0b00000000
"SPI","result",23.8709488,4e-06,0b00000000,0b00000000
"SPI","result",23.8709535,4e-06,0b00001111,0b00000000
"SPI","disable",23.8709587,2.50000001e-07,,
"SPI","enable",23.871167,2.49999997e-07,,
"SPI","result",23.871168,4e-06,0b00001010,0b00000000
"SPI","disable",23.8711723,2.50000001e-07,,
"SPI","enable",23.871175,2.50000001e-07,,
"SPI","result",23.871176,4e-06,0b00001110,0b00000000
"SPI","disable",23.8711802,2.50000005e-07,,
"SPI","enable",23.871182,2.50000001e-07,,
"SPI","result",23.8711842,4.25e-06,0b00000000,0b00000000
"SPI","result",23.871189,4e-06,0b00000101,0b00000000
"SPI","result",23.8711993,4e-06,0b00000100,0b00000000
"SPI","result",23.8712037,4.25e-06,0b00001001,0b00000000
"SPI","result",23.8712148,4e-06,0b00000110,0b00000000
"SPI","result",23.8712192,4.25e-06,0b00000100,0b00000000
"SPI","result",23.8712302,4e-06,0b00000011,0b00000000
"SPI","result",23.8712347,4.25e-06,0b00001000,0b00000000
"SPI","result",23.8712457,4e-06,0b00000110,0b00000000
"SPI","result",23.8712502,4.25e-06,0b00000100,0b00000000
"SPI","result",23.8712612,4e-06,0b00000010,0b00000000
"SPI","result",23.8712657,4.25e-06,0b00000001,0b00000000
"SPI","result",23.8712767,4e-06,0b00000011,0b00000000
"SPI","result",23.8712815,4e-06,0b00000100,0b00000000
"SPI","result",23.8712922,4e-06,0b00000010,0b00000000
"SPI","result",23.871297,4e-06,0b00000001,0b00000000
"SPI","result",23.8713077,4e-06,0b00000001,0b00000000
"SPI","result",23.8713125,4e-06,0b00000100,0b00000000
"SPI","result",23.8713232,4e-06,0b00000010,0b00000000
"SPI","result",23.871328,4e-06,0b00001100,0b00000000
"SPI","result",23.8713387,4e-06,0b00000001,0b00000000
"SPI","result",23.8713435,4e-06,0b00000100,0b00000000
"SPI","result",23.8713542,4e-06,0b00000010,0b00000000
"SPI","result",23.871359,4e-06,0b00001100,0b00000000
"SPI","result",23.8713697,4.25e-06,0b00000001,0b00000000
"SPI","result",23.8713745,4e-06,0b00000100,0b00000000
"SPI","result",23.8713852,4.25e-06,0b00000010,0b00000000
"SPI","result",23.87139,4e-06,0b00001100,0b00000000
"SPI","result",23.8714007,4.25e-06,0b00000001,0b00000000
"SPI","result",23.8714055,4e-06,0b00000100,0b00000000
"SPI","result",23.8714162,4.25e-06,0b00000010,0b00000000
"SPI","result",23.871421,4e-06,0b00000001,0b00000000
"SPI","result",23.8714317,4.25e-06,0b00000000,0b00000000
"SPI","result",23.8714365,4e-06,0b00000000,0b00000000
"SPI","disable",23.8714445,2.50000001e-07,,
"SPI","enable",23.8714468,2.50000001e-07,,
"SPI","result",23.8714478,4e-06,0b00001101,0b00000000
"SPI","disable",23.871452,2.50000001e-07,,
"SPI","enable",24.124396,2.50000001e-07,,
"SPI","result",24.1243967,4.25e-06,0b00001010,0b00000000
"SPI","disable",24.124401,2.50000001e-07,,
"SPI","enable",24.124404,2.50000001e-07,,
"SPI","result",24.1244062,4e-06,0b00000010,0b00000000
"SPI","result",24.124411,4e-06,0b00001000,0b00000000
"SPI","result",24.1244188,4e-06,0b00000001,0b00000000
"SPI","result",24.1244232,4.25e-06,0b00001111,0b00000000
"SPI","disable",24.1244287,2.50000001e-07,,
"SPI","enable",24.124431,2.50000001e-07,,
"SPI","result",24.124433,4.25e-06,0b00000000,0b00000000
"SPI","result",24.1244377,4e-06,0b00001110,0b00000000
"SPI","result",24.1244455,4.25e-06,0b00000000,0b00000000
"SPI","result",24.1244502,4e-06,0b00000001,0b00000000
"SPI","disable",24.1244555,2.50000001e-07,,
"SPI","enable",24.1244578,2.50000001e-07,,
"SPI","result",24.12446,4e-06,0b00000000,0b00000000
"SPI","result",24.1244648,4e-06,0b00000001,0b00000000
"SPI","result",24.1244725,4e-06,0b00000110,0b00000000
"SPI","result",24.1244773,3.99999999e-06,0b00000010,0b00000000
"SPI","disable",24.1244825,2.50000001e-07,,
"SPI","enable",24.1244848,2.50000001e-07,,
"SPI","result",24.124487,4e-06,0b00000001,0b00000000
"SPI","result",24.1244915,4.25e-06,0b00001111,0b00000000
"SPI","result",24.1244995,4e-06,0b00000000,0b00000000
"SPI","result",24.124504,4e-06,0b00001111,0b00000000
"SPI","disable",24.1245092,2.50000001e-07,,
"SPI","enable",24.1245132,2.49999997e-07,,
"SPI","result",24.1245153,4.25e-06,0b00000000,0b00000000
"SPI","result",24.12452,4e-06,0b00001111,0b00000000
"SPI","result",24.1245277,4.25e-06,0b00000000,0b00000000
"SPI","result",24.1245325,4e-06,0b00000100,0b00000000
"SPI","disable",24.1245377,2.50000001e-07,,
"SPI","enable",24.12454,2.49999997e-07,,
"SPI","result",24.1245423,4e-06,0b00000000,0b00000000
"SPI","result",24.124547,4e-06,0b00001011,0b00000000
"SPI","result",24.1245548,4e-06,0b00000000,0b00000000
"SPI","result",24.1245595,4e-06,0b00000001,0b00000000
"SPI","disable",24.1245648,2.49999997e-07,,
"SPI","enable",24.124567,2.50000001e-07,,
"SPI","result",24.1245693,4e-06,0b00000000,0b00000000
"SPI","result",24.1245737,4.25e-06,0b00000011,0b00000000
"SPI","result",24.1245818,4e-06,0b00000000,0b00000000
"SPI","result",24.1245863,4e-06,0b00001111,0b00000000
"SPI","disable",24.1245915,2.49999997e-07,,
"SPI","enable",24.1248,2.50000001e-07,,
"SPI","result",24.124801,4e-06,0b00001010,0b00000000
"SPI","disable",24.1248053,2.50000001e-07,,
"SPI","enable",24.124808,2.50000001e-07,,
"SPI","result",24.124809,4e-06,0b00001110,0b00000000
"SPI","disable",24.124813,2.50000001e-07,,
"SPI","enable",24.124815,2.49999997e-07,,
"SPI","result",24.1248172,4e-06,0b00000000,0b00000000
"SPI","result",24.124822,4e-06,0b00000101,0b00000000
"SPI","result",24.124832,4.25e-06,0b00000100,0b00000000
"SPI","result",24.1248368,4e-06,0b00001001,0b00000000
"SPI","result",24.1248475,4.25e-06,0b00000110,0b00000000
"SPI","result",24.1248522,4e-06,0b00000100,0b00000000
"SPI","result",24.124863,4.25e-06,0b00000011,0b00000000
"SPI","result",24.1248677,4e-06,0b00001000,0b00000000
"SPI","result",24.1248785,4.25e-06,0b00000110,0b00000000
"SPI","result",24.1248832,4e-06,0b00000100,0b00000000
"SPI","result",24.1248943,4e-06,0b00000010,0b00000000
"SPI","result",24.1248987,4e-06,0b00000001,0b00000000
"SPI","result",24.1249098,4e-06,0b00000011,0b00000000
"SPI","result",24.1249142,4e-06,0b00000100,0b00000000
"SPI","result",24.1249253,4e-06,0b00000010,0b00000000
"SPI","result",24.1249297,4.25e-06,0b00000001,0b00000000
"SPI","result",24.1249408,4e-06,0b00000001,0b00000000
"SPI","result",24.1249452,4.25e-06,0b00000100,0b00000000
"SPI","result",24.1249563,4e-06,0b00000010,0b00000000
"SPI","result",24.1249607,4.25e-06,0b00001100,0b00000000
"SPI","result",24.1249718,4e-06,0b00000001,0b00000000
"SPI","result",24.1249762,4.25e-06,0b00000100,0b00000000
"SPI","result",24.1249873,4e-06,0b00000010,0b00000000
"SPI","result",24.124992,4e-06,0b00001100,0b00000000
"SPI","result",24.1250028,4e-06,0b00000001,0b00000000
"SPI","result",24.1250072,4.25e-06,0b00000100,0b00000000
"SPI","result",24.1250183,4e-06,0b00000010,0b00000000
"SPI","result",24.125023,4e-06,0b00001100,0b00000000
"SPI","result",24.1250338,4e-06,0b00000001,0b00000000
"SPI","result",24.1250385,4e-06,0b00000100,0b00000000
"SPI","result",24.1250493,4e-06,0b00000010,0b00000000
"SPI","result",24.125054,4e-06,0b00000001,0b00000000
"SPI","result",24.1250647,4e-06,0b00000000,0b00000000
"SPI","result",24.1250695,4e-06,0b00000000,0b00000000
"SPI","disable",24.1250775,2.50000001e-07,,
"SPI","enable",24.1250798,2.50000001e-07,,
"SPI","result",24.1250807,4e-06,0b00001101,0b00000000
"SPI","disable",24.1250847,2.50000001e-07,,
"SPI","enable",24.2702148,2.50000001e-07,,
"SPI","result",24.2702157,4e-06,0b00001010,0b00000000
"SPI","disable",24.27022,2.50000005e-07,,
"SPI","enable",24.270223,2.49999997e-07,,
"SPI","result",24.270225,4.25e-06,0b00000010,0b00000000
"SPI","result",24.2702297,4e-06,0b00001000,0b00000000
"SPI","result",24.2702375,4e-06,0b00000001,0b00000000
"SPI","result",24.2702422,4e-06,0b00001111,0b00000000
"SPI","disable",24.2702475,2.49999997e-07,,
"SPI","enable",24.2702498,2.49999997e-07,,
"SPI","result",24.270252,4e-06,0b00000000,0b00000000
"SPI","result",24.2702568,4e-06,0b00001110,0b00000000
"SPI","result",24.2702645,4e-06,0b00000000,0b00000000
"SPI","result",24.270269,4.25e-06,0b00000001,0b00000000
"SPI","disable",24.2702745,2.49999997e-07,,
"SPI","enable",24.2702768,2.50000001e-07,,
"SPI","result",24.2702787,4.25e-06,0b00000000,0b00000000
"SPI","result",24.2702835,4e-06,0b00000001,0b00000000
"SPI","result",24.2702912,4.25e-06,0b00000110,0b00000000
"SPI","result",24.270296,4e-06,0b00000010,0b00000000
"SPI","disable",24.2703012,2.49999997e-07,,
"SPI","enable",24.2703035,2.49999997e-07,,
"SPI","result",24.2703057,4e-06,0b00000001,0b00000000
"SPI","result",24.2703105,4e-06,0b00001111,0b00000000
"SPI","result",24.2703182,4e-06,0b00000000,0b00000000
"SPI","result",24.270323,4e-06,0b00001111,0b00000000
"SPI","disable",24.2703282,2.50000005e-07,,
"SPI","enable",24.270332,2.50000001e-07,,
"SPI","result",24.2703343,4e-06,0b00000000,0b00000000
"SPI","result",24.270339,4e-06,0b00001111,0b00000000
"SPI","result",24.2703468,4e-06,0b00000000,0b00000000
"SPI","result",24.2703513,4.25e-06,0b00000100,0b00000000
"SPI","disable",24.2703565,2.50000005e-07,,
"SPI","enable",24.270359,2.49999997e-07,,
"SPI","result",24.270361,4.25e-06,0b00000000,0b00000000
"SPI","result",24.2703657,4e-06,0b00001011,0b00000000
"SPI","result",24.2703735,4.25e-06,0b00000000,0b00000000
"SPI","result",24.2703783,4e-06,0b00000001,0b00000000
"SPI","disable",24.2703835,2.50000001e-07,,
"SPI","enable",24.2703857,2.50000001e-07,,
"SPI","result",24.270388,4e-06,0b00000000,0b00000000
"SPI","result",24.2703927,4e-06,0b00000011,0b00000000
"SPI","result",24.2704005,4e-06,0b00000000,0b00000000
"SPI","result",24.2704052,4e-06,0b00001111,0b00000000
"SPI","disable",24.2704105,2.49999997e-07,,
"SPI","enable",24.2706188,2.49999997e-07,,
"SPI","result",24.2706198,4e-06,0b00001010,0b00000000
"SPI","disable",24.270624,2.50000001e-07,,
"SPI","enable",24.2706268,2.49999997e-07,,
"SPI","result",24.2706277,4e-06,0b00001110,0b00000000
"SPI","disable",24.270632,2.50000001e-07,,
"SPI","enable",24.2706337,2.50000005e-07,,
"SPI","result",24.270636,4.25e-06,0b00000000,0b00000000
"SPI","result",24.2706407,4e-06,0b00000101,0b00000000
"SPI","result",24.2706508,4.25e-06,0b00000100,0b00000000
"SPI","result",24.2706555,4e-06,0b00001001,0b00000000
"SPI","result",24.2706665,4e-06,0b00000110,0b00000000
"SPI","result",24.270671,4e-06,0b00000100,0b00000000
"SPI","result",24.270682,4e-06,0b00000011,0b00000000
"SPI","result",24.2706865,4.25e-06,0b00001000,0b00000000
"SPI","result",24.2706975,4e-06,0b00000110,0b00000000
"SPI","result",24.270702,4.25e-06,0b00000100,0b00000000
"SPI","result",24.270713,4e-06,0b00000010,0b00000000
"SPI","result",24.2707175,4.25e-06,0b00000001,0b00000000
"SPI","result",24.2707285,4e-06,0b00000011,0b00000000
"SPI","result",24.270733,4.25e-06,0b00000100,0b00000000
"SPI","result",24.270744,4e-06,0b00000010,0b00000000
"SPI","result",24.2707485,4.25e-06,0b00000001,0b00000000
"SPI","result",24.2707595,4e-06,0b00000001,0b00000000
"SPI","result",24.2707642,4e-06,0b00000100,0b00000000
"SPI","result",24.270775,4e-06,0b00000010,0b00000000
"SPI","result",24.2707797,4e-06,0b00001100,0b00000000
"SPI","result",24.2707905,4e-06,0b00000001,0b00000000
"SPI","result",24.2707952,4e-06,0b00000100,0b00000000
"SPI","result",24.270806,4e-06,0b00000010,0b00000000
"SPI","result",24.2708107,4e-06,0b00001100,0b00000000
"SPI","result",24.2708215,4e-06,0b00000001,0b00000000
"SPI","result",24.2708262,4e-06,0b00000100,0b00000000
"SPI","result",24.270837,4e-06,0b00000010,0b00000000
"SPI","result",24.2708417,4e-06,0b00001100,0b00000000
"SPI","result",24.2708525,4.25e-06,0b00000001,0b00000000
"SPI","result",24.2708572,4e-06,0b00000100,0b00000000
"SPI","result",24.270868,4.25e-06,0b00000010,0b00000000
"SPI","result",24.2708727,4e-06,0b00000001,0b00000000
"SPI","result",24.2708835,4.25e-06,0b00000000,0b00000000
"SPI","result",24.2708882,4e-06,0b00000000,0b00000000
"SPI","disable",24.2708962,2.49999997e-07,,
"SPI","enable",24.2708985,2.49999997e-07,,
"SPI","result",24.2708995,4e-06,0b00001101,0b00000000
"SPI","disable",24.2709037,2.50000005e-07,,
"SPI","enable",24.6681668,2.50000001e-07,,
"SPI","result",24.6681677,4e-06,0b00001010,0b00000000
"SPI","disable",24.668172,2.50000001e-07,,
"SPI","enable",24.6681747,2.50000005e-07,,
"SPI","result",24.668177,4e-06,0b00000010,0b00000000
"SPI","result",24.6681817,4e-06,0b00001000,0b00000000
"SPI","result",24.6681895,4e-06,0b00000001,0b00000000
"SPI","result",24.6681942,4e-06,0b00001111,0b00000000
"SPI","disable",24.6681995,2.50000001e-07,,
"SPI","enable",24.6682018,2.50000001e-07,,
"SPI","result",24.668204,4e-06,0b00000000,0b00000000
"SPI","result",24.6682088,4e-06,0b00001110,0b00000000
"SPI","result",24.6682165,4e-06,0b00000000,0b00000000
"SPI","result",24.668221,4.25e-06,0b00000001,0b00000000
"SPI","disable",24.6682263,2.50000001e-07,,
"SPI","enable",24.6682288,2.49999997e-07,,
"SPI","result",24.6682307,4.25e-06,0b00000000,0b00000000
"SPI","result",24.6682355,4e-06,0b00000001,0b00000000
"SPI","result",24.6682432,4.25e-06,0b00000110,0b00000000
"SPI","result",24.668248,4e-06,0b00000010,0b00000000
"SPI","disable",24.6682532,2.50000001e-07,,
"SPI","enable",24.6682555,2.50000001e-07,,
"SPI","result",24.6682577,4e-06,0b00000001,0b00000000
"SPI","result",24.6682625,4e-06,0b00001111,0b00000000
"SPI","result",24.6682702,4e-06,0b00000000,0b00000000
"SPI","result",24.668275,4e-06,0b00001111,0b00000000
"SPI","disable",24.6682802,2.50000001e-07,,
"SPI","enable",24.668284,2.50000001e-07,,
"SPI","result",24.6682863,4e-06,0b00000000,0b00000000
"SPI","result",24.6682908,4.25e-06,0b00001111,0b00000000
"SPI","result",24.6682988,4e-06,0b00000000,0b00000000
"SPI","result",24.6683033,4.25e-06,0b00000100,0b00000000
"SPI","disable",24.6683085,2.50000001e-07,,
"SPI","enable",24.668311,2.50000001e-07,,
"SPI","result",24.668313,4.25e-06,0b00000000,0b00000000
"SPI","result",24.6683177,4e-06,0b00001011,0b00000000
"SPI","result",24.6683255,4e-06,0b00000000,0b00000000
"SPI","result",24.6683303,4e-06,0b00000001,0b00000000
"SPI","disable",24.6683355,2.50000001e-07,,
"SPI","enable",24.6683377,2.50000001e-07,,
"SPI","result",24.66834,4e-06,0b00000000,0b00000000
"SPI","result",24.6683447,4e-06,0b00000011,0b00000000
"SPI","result",24.6683525,4e-06,0b00000000,0b00000000
"SPI","result",24.6683572,4e-06,0b00001111,0b00000000
"SPI","disable",24.6683625,2.50000001e-07,,
"SPI","enable",24.6685708,2.50000001e-07,,
"SPI","result",24.6685718,4e-06,0b00001010,0b00000000
"SPI","disable",24.668576,2.50000001e-07,,
"SPI","enable",24.6685788,2.50000001e-07,,
"SPI","result",24.6685797,4e-06,0b00001110,0b00000000
"SPI","disable",24.668584,2.50000001e-07,,
"SPI","enable",24.6685857,2.50000005e-07,,
"SPI","result",24.668588,4.25e-06,0b00000000,0b00000000
"SPI","result",24.6685927,4e-06,0b00000101,0b00000000
"SPI","result",24.6686028,4.25e-06,0b00000100,0b00000000
"SPI","result",24.6686075,4e-06,0b00001001,0b00000000
"SPI","result",24.6686185,4e-06,0b00000110,0b00000000
"SPI","result",24.668623,4.25e-06,0b00000100,0b00000000
"SPI","result",24.668634,4e-06,0b00000011,0b00000000
"SPI","result",24.6686385,4.25e-06,0b00001000,0b00000000
"SPI","result",24.6686495,4e-06,0b00000110,0b00000000
"SPI","result",24.668654,4.25e-06,0b00000100,0b00000000
"SPI","result",24.668665,4e-06,0b00000010,0b00000000
"SPI","result",24.6686695,4.25e-06,0b00000001,0b00000000
"SPI","result",24.6686805,4e-06,0b00000011,0b00000000
"SPI","result",24.668685,4.25e-06,0b00000100,0b00000000
"SPI","result",24.668696,4e-06,0b00000010,0b00000000
"SPI","result",24.6687007,4e-06,0b00000001,0b00000000
"SPI","result",24.6687115,4e-06,0b00000001,0b00000000
"SPI","result",24.6687162,4e-06,0b00000100,0b00000000
"SPI","result",24.668727,4e-06,0b00000010,0b00000000
"SPI","result",24.6687317,4e-06,0b00001100,0b00000000
"SPI","result",24.6687425,4e-06,0b00000001,0b00000000
"SPI","result",24.6687472,4e-06,0b00000100,0b00000000
"SPI","result",24.668758,4e-06,0b00000010,0b00000000
"SPI","result",24.6687627,4e-06,0b00001100,0b00000000
"SPI","result",24.6687735,4.25e-06,0b00000001,0b00000000
"SPI","result",24.6687782,4e-06,0b00000100,0b00000000
"SPI","result",24.668789,4.25e-06,0b00000010,0b00000000
"SPI","result",24.6687937,4e-06,0b00001100,0b00000000
"SPI","result",24.6688045,4.25e-06,0b00000001,0b00000000
"SPI","result",24.6688092,4e-06,0b00000100,0b00000000
"SPI","result",24.66882,4.25e-06,0b00000010,0b00000000
"SPI","result",24.6688247,4e-06,0b00000001,0b00000000
"SPI","result",24.6688355,4.25e-06,0b00000000,0b00000000
"SPI","result",24.6688402,4e-06,0b00000000,0b00000000
"SPI","disable",24.6688482,2.50000001e-07,,
"SPI","enable",24.6688505,2.50000001e-07,,
"SPI","result",24.6688515,4e-06,0b00001101,0b00000000
"SPI","disable",24.6688557,2.50000005e-07,,
"SPI","enable",24.850014,2.49999997e-07,,
"SPI","result",24.850015,4e-06,0b00001010,0b00000000
"SPI","disable",24.8500192,2.50000001e-07,,
"SPI","enable",24.850022,2.49999997e-07,,
"SPI","result",24.8500243,4e-06,0b00000010,0b00000000
"SPI","result",24.850029,4e-06,0b00001000,0b00000000
"SPI","result",24.8500368,4e-06,0b00000001,0b00000000
"SPI","result",24.8500415,4e-06,0b00001111,0b00000000
"SPI","disable",24.8500468,2.49999997e-07,,
"SPI","enable",24.850049,2.50000001e-07,,
"SPI","result",24.8500512,4e-06,0b00000000,0b00000000
"SPI","result",24.850056,4e-06,0b00001110,0b00000000
"SPI","result",24.8500638,4e-06,0b00000000,0b00000000
"SPI","result",24.8500682,4.25e-06,0b00000001,0b00000000
"SPI","disable",24.8500737,2.50000001e-07,,
"SPI","enable",24.850076,2.50000001e-07,,
"SPI","result",24.850078,4.25e-06,0b00000000,0b00000000
"SPI","result",24.8500827,4e-06,0b00000001,0b00000000
"SPI","result",24.8500905,4.25e-06,0b00000110,0b00000000
"SPI","result",24.8500952,4e-06,0b00000010,0b00000000
"SPI","disable",24.8501005,2.49999997e-07,,
"SPI","enable",24.8501028,2.49999997e-07,,
"SPI","result",24.850105,4e-06,0b00000001,0b00000000
"SPI","result",24.8501098,3.99999999e-06,0b00001111,0b00000000
"SPI","result",24.8501175,4e-06,0b00000000,0b00000000
"SPI","result",24.8501222,4e-06,0b00001111,0b00000000
"SPI","disable",24.8501275,2.50000001e-07,,
"SPI","enable",24.8501313,2.49999997e-07,,
"SPI","result",24.8501335,4e-06,0b00000000,0b00000000
"SPI","result",24.8501383,4e-06,0b00001111,0b00000000
"SPI","result",24.850146,4e-06,0b00000000,0b00000000
"SPI","result",24.8501505,4.25e-06,0b00000100,0b00000000
"SPI","disable",24.8501557,2.50000001e-07,,
"SPI","enable",24.8501582,2.49999997e-07,,
"SPI","result",24.8501602,4.25000001e-06,0b00000000,0b00000000
"SPI","result",24.850165,4e-06,0b00001011,0b00000000
"SPI","result",24.8501727,4.25e-06,0b00000000,0b00000000
"SPI","result",24.8501775,4e-06,0b00000001,0b00000000
"SPI","disable",24.8501827,2.50000001e-07,,
"SPI","enable",24.850185,2.49999997e-07,,
"SPI","result",24.8501873,4e-06,0b00000000,0b00000000
"SPI","result",24.850192,4e-06,0b00000011,0b00000000
"SPI","result",24.8501997,4e-06,0b00000000,0b00000000
"SPI","result",24.8502045,4e-06,0b00001111,0b00000000
"SPI","disable",24.8502098,2.49999997e-07,,
"SPI","enable",24.850418,2.49999997e-07,,
"SPI","result",24.850419,4e-06,0b00001010,0b00000000
"SPI","disable",24.8504232,2.50000001e-07,,
"SPI","enable",24.850426,2.50000001e-07,,
"SPI","result",24.850427,4e-06,0b00001110,0b00000000
"SPI","disable",24.8504312,2.49999997e-07,,
"SPI","enable",24.850433,2.50000001e-07,,
"SPI","result",24.8504353,4.25e-06,0b00000000,0b00000000
"SPI","result",24.85044,4e-06,0b00000101,0b00000000
"SPI","result",24.8504503,4e-06,0b00000100,0b00000000
"SPI","result",24.8504548,4e-06,0b00001001,0b00000000
"SPI","result",24.8504658,4e-06,0b00000110,0b00000000
"SPI","result",24.8504703,4.25e-06,0b00000100,0b00000000
"SPI","result",24.8504813,4e-06,0b00000011,0b00000000
"SPI","result",24.8504858,4.25e-06,0b00001000,0b00000000
"SPI","result",24.8504968,4e-06,0b00000110,0b00000000
"SPI","result",24.8505013,4.25e-06,0b00000100,0b00000000
"SPI","result",24.8505123,4e-06,0b00000010,0b00000000
"SPI","result",24.8505168,4.25e-06,0b00000001,0b00000000
"SPI","result",24.8505278,4e-06,0b00000011,0b00000000
"SPI","result",24.8505323,4.25e-06,0b00000100,0b00000000
"SPI","result",24.8505433,4e-06,0b00000010,0b00000000
"SPI","result",24.850548,4e-06,0b00000001,0b00000000
"SPI","result",24.8505588,4e-06,0b00000001,0b00000000
"SPI","result",24.8505635,4e-06,0b00000100,0b00000000
"SPI","result",24.8505743,4e-06,0b00000010,0b00000000
"SPI","result",24.850579,4e-06,0b00001100,0b00000000
"SPI","result",24.8505898,4e-06,0b00000001,0b00000000
"SPI","result",24.8505945,4e-06,0b00000100,0b00000000
"SPI","result",24.8506053,4e-06,0b00000010,0b00000000
"SPI","result",24.85061,4e-06,0b00001100,0b00000000
"SPI","result",24.8506208,4e-06,0b00000001,0b00000000
"SPI","result",24.8506255,4e-06,0b00000100,0b00000000
"SPI","result",24.8506363,4.25e-06,0b00000010,0b00000000
"SPI","result",24.850641,4e-06,0b00001100,0b00000000
"SPI","result",24.8506518,4.25e-06,0b00000001,0b00000000
"SPI","result",24.8506565,4e-06,0b00000100,0b00000000
"SPI","result",24.8506673,4.25e-06,0b00000010,0b00000000
"SPI","result",24.850672,4e-06,0b00000001,0b00000000
"SPI","result",24.8506828,4.25e-06,0b00000000,0b00000000
"SPI","result",24.8506875,4e-06,0b00000000,0b00000000
"SPI","disable",24.8506955,2.49999997e-07,,
"SPI","enable",24.8506977,2.50000001e-07,,
"SPI","result",24.8506987,4e-06,0b00001101,0b00000000
"SPI","disable",24.850703,2.50000001e-07,,
"SPI","enable",25.1039815,2.50000001e-07,,
"SPI","result",25.1039823,4.25e-06,0b00001010,0b00000000
"SPI","disable",25.1039865,2.49999997e-07,,
"SPI","enable",25.1039895,2.50000001e-07,,
"SPI","result",25.1039917,4e-06,0b00000010,0b00000000
"SPI","result",25.1039965,4e-06,0b00001000,0b00000000
"SPI","result",25.1040042,4e-06,0b00000001,0b00000000
"SPI","result",25.1040087,4.25e-06,0b00001111,0b00000000
"SPI","disable",25.104014,2.50000001e-07,,
"SPI","enable",25.1040165,2.49999997e-07,,
"SPI","result",25.1040185,4.25e-06,0b00000000,0b00000000
"SPI","result",25.1040233,4e-06,0b00001110,0b00000000
"SPI","result",25.104031,4.25e-06,0b00000000,0b00000000
"SPI","result",25.1040358,4e-06,0b00000001,0b00000000
"SPI","disable",25.104041,2.50000005e-07,,
"SPI","enable",25.1040433,2.50000001e-07,,
"SPI","result",25.1040455,4e-06,0b00000000,0b00000000
"SPI","result",25.1040503,4e-06,0b00000001,0b00000000
"SPI","result",25.104058,4e-06,0b00000110,0b00000000
"SPI","result",25.1040625,4.25e-06,0b00000010,0b00000000
"SPI","disable",25.104068,2.49999997e-07,,
"SPI","enable",25.1040702,2.49999997e-07,,
"SPI","result",25.1040725,4e-06,0b00000001,0b00000000
"SPI","result",25.104077,4.25e-06,0b00001111,0b00000000
"SPI","result",25.1040847,4.25e-06,0b00000000,0b00000000
"SPI","result",25.1040895,4e-06,0b00001111,0b00000000
"SPI","disable",25.1040948,2.50000001e-07,,
"SPI","enable",25.1040987,2.50000005e-07,,
"SPI","result",25.1041008,4.25e-06,0b00000000,0b00000000
"SPI","result",25.1041055,4e-06,0b00001111,0b00000000
"SPI","result",25.1041133,4e-06,0b00000000,0b00000000
"SPI","result",25.104118,4e-06,0b00000100,0b00000000
"SPI","disable",25.1041233,2.50000001e-07,,
"SPI","enable",25.1041255,2.50000005e-07,,
"SPI","result",25.1041277,4e-06,0b00000000,0b00000000
"SPI","result",25.1041325,4e-06,0b00001011,0b00000000
"SPI","result",25.1041403,4e-06,0b00000000,0b00000000
"SPI","result",25.1041447,4.25e-06,0b00000001,0b00000000
"SPI","disable",25.1041502,2.50000001e-07,,
"SPI","enable",25.1041525,2.50000001e-07,,
"SPI","result",25.1041545,4.25e-06,0b00000000,0b00000000
"SPI","result",25.1041592,4.25e-06,0b00000011,0b00000000
"SPI","result",25.104167,4.25e-06,0b00000000,0b00000000
"SPI","result",25.1041717,4e-06,0b00001111,0b00000000
"SPI","disable",25.104177,2.50000001e-07,,
"SPI","enable",25.1043855,2.49999997e-07,,
"SPI","result",25.1043865,4e-06,0b00001010,0b00000000
"SPI","disable",25.1043905,2.49999997e-07,,
"SPI","enable",25.1043935,2.49999997e-07,,
"SPI","result",25.1043945,4e-06,0b00001110,0b00000000
"SPI","disable",25.1043985,2.50000001e-07,,
"SPI","enable",25.1044003,2.49999997e-07,,
"SPI","result",25.1044027,4e-06,0b00000000,0b00000000
"SPI","result",25.1044075,4e-06,0b00000101,0b00000000
"SPI","result",25.1044175,4e-06,0b00000100,0b00000000
"SPI","result",25.1044222,4e-06,0b00001001,0b00000000
"SPI","result",25.104433,4e-06,0b00000110,0b00000000
"SPI","result",25.1044377,4e-06,0b00000100,0b00000000
"SPI","result",25.1044485,4.25e-06,0b00000011,0b00000000
"SPI","result",25.1044532,4e-06,0b00001000,0b00000000
"SPI","result",25.104464,4.25e-06,0b00000110,0b00000000
"SPI","result",25.1044687,4e-06,0b00000100,0b00000000
"SPI","result",25.1044795,4.25e-06,0b00000010,0b00000000
"SPI","result",25.1044842,4e-06,0b00000001,0b00000000
"SPI","result",25.104495,4.25e-06,0b00000011,0b00000000
"SPI","result",25.1044997,4e-06,0b00000100,0b00000000
"SPI","result",25.1045107,4e-06,0b00000010,0b00000000
"SPI","result",25.1045152,4e-06,0b00000001,0b00000000
"SPI","result",25.1045262,4e-06,0b00000001,0b00000000
"SPI","result",25.1045307,4.25e-06,0b00000100,0b00000000
"SPI","result",25.1045417,4e-06,0b00000010,0b00000000
"SPI","result",25.1045462,4.25e-06,0b00001100,0b00000000
"SPI","result",25.1045572,4e-06,0b00000001,0b00000000
"SPI","result",25.1045617,4.25e-06,0b00000100,0b00000000
"SPI","result",25.1045727,4e-06,0b00000010,0b00000000
"SPI","result",25.1045775,3.99999999e-06,0b00001100,0b00000000
"SPI","result",25.1045882,4e-06,0b00000001,0b00000000
"SPI","result",25.1045927,4.25e-06,0b00000100,0b00000000
"SPI","result",25.1046037,4e-06,0b00000010,0b00000000
"SPI","result",25.1046085,4e-06,0b00001100,0b00000000
"SPI","result",25.1046192,4e-06,0b00000001,0b00000000
"SPI","result",25.104624,4e-06,0b00000100,0b00000000
"SPI","result",25.1046347,4e-06,0b00000010,0b00000000
"SPI","result",25.1046395,4e-06,0b00000001,0b00000000
"SPI","result",25.1046502,4e-06,0b00000000,0b00000000
"SPI","result",25.104655,4e-06,0b00000000,0b00000000
"SPI","disable",25.104663,2.50000005e-07,,
"SPI","enable",25.1046653,2.49999997e-07,,
"SPI","result",25.1046663,4e-06,0b00001101,0b00000000
"SPI","disable",25.1046705,2.50000001e-07,,
"SPI","enable",25.2498573,2.50000001e-07,,
"SPI","result",25.2498582,4e-06,0b00001010,0b00000000
"SPI","disable",25.2498625,2.49999997e-07,,
"SPI","enable",25.2498652,2.50000001e-07,,
"SPI","result",25.2498675,4e-06,0b00000010,0b00000000
"SPI","result",25.2498722,4e-06,0b00001000,0b00000000
"SPI","result",25.24988,4e-06,0b00000001,0b00000000
"SPI","result",25.2498847,4e-06,0b00001111,0b00000000
"SPI","disable",25.24989,2.50000001e-07,,
"SPI","enable",25.2498922,2.50000005e-07,,
"SPI","result",25.2498945,4e-06,0b00000000,0b00000000
"SPI","result",25.249899,4.25e-06,0b00001110,0b00000000
"SPI","result",25.249907,4e-06,0b00000000,0b00000000
"SPI","result",25.2499115,4e-06,0b00000001,0b00000000
"SPI","disable",25.2499168,2.50000001e-07,,
"SPI","enable",25.2499193,2.49999997e-07,,
"SPI","result",25.2499212,4.25e-06,0b00000000,0b00000000
"SPI","result",25.249926,4e-06,0b00000001,0b00000000
"SPI","result",25.2499338,4e-06,0b00000110,0b00000000
"SPI","result",25.2499385,4e-06,0b00000010,0b00000000
"SPI","disable",25.2499437,2.50000001e-07,,
"SPI","enable",25.249946,2.50000001e-07,,
"SPI","result",25.2499482,4e-06,0b00000001,0b00000000
"SPI","result",25.249953,4e-06,0b00001111,0b00000000
"SPI","result",25.2499607,4e-06,0b00000000,0b00000000
"SPI","result",25.2499655,4e-06,0b00001111,0b00000000
"SPI","disable",25.2499707,2.49999997e-07,,
"SPI","enable",25.2499745,2.50000001e-07,,
"SPI","result",25.2499767,4e-06,0b00000000,0b00000000
"SPI","result",25.2499813,4.25e-06,0b00001111,0b00000000
"SPI","result",25.249989,4.25e-06,0b00000000,0b00000000
"SPI","result",25.2499938,4e-06,0b00000100,0b00000000
"SPI","disable",25.249999,2.49999997e-07,,
"SPI","enable",25.2500015,2.50000001e-07,,
"SPI","result",25.2500035,4.25e-06,0b00000000,0b00000000
"SPI","result",25.2500083,4e-06,0b00001011,0b00000000
"SPI","result",25.250016,4e-06,0b00000000,0b00000000
"SPI","result",25.2500208,4e-06,0b00000001,0b00000000
"SPI","disable",25.250026,2.50000005e-07,,
"SPI","enable",25.2500282,2.50000001e-07,,
"SPI","result",25.2500305,4e-06,0b00000000,0b00000000
"SPI","result",25.2500352,4e-06,0b00000011,0b00000000
"SPI","result",25.250043,4e-06,0b00000000,0b00000000
"SPI","result",25.2500478,4e-06,0b00001111,0b00000000
"SPI","disable",25.250053,2.50000001e-07,,
"SPI","enable",25.2502613,2.50000001e-07,,
"SPI","result",25.2502622,4e-06,0b00001010,0b00000000
"SPI","disable",25.2502665,2.50000005e-07,,
"SPI","enable",25.2502692,2.50000005e-07,,
"SPI","result",25.2502702,4e-06,0b00001110,0b00000000
"SPI","disable",25.2502745,2.50000001e-07,,
"SPI","enable",25.2502762,2.50000001e-07,,
"SPI","result",25.2502785,4e-06,0b00000000,0b00000000
"SPI","result",25.2502832,4e-06,0b00000101,0b00000000
"SPI","result",25.2502932,4.25e-06,0b00000100,0b00000000
"SPI","result",25.250298,4e-06,0b00001001,0b00000000
"SPI","result",25.2503087,4.25e-06,0b00000110,0b00000000
"SPI","result",25.2503135,4e-06,0b00000100,0b00000000
"SPI","result",25.2503245,4e-06,0b00000011,0b00000000
"SPI","result",25.250329,4e-06,0b00001000,0b00000000
"SPI","result",25.25034,4e-06,0b00000110,0b00000000
"SPI","result",25.2503445,4.25e-06,0b00000100,0b00000000
"SPI","result",25.2503555,4e-06,0b00000010,0b00000000
"SPI","result",25.25036,4.25e-06,0b00000001,0b00000000
"SPI","result",25.250371,4e-06,0b00000011,0b00000000
"SPI","result",25.2503755,4.25e-06,0b00000100,0b00000000
"SPI","result",25.2503865,4e-06,0b00000010,0b00000000
"SPI","result",25.250391,4.25e-06,0b00000001,0b00000000
"SPI","result",25.250402,4e-06,0b00000001,0b00000000
"SPI","result",25.2504067,4e-06,0b00000100,0b00000000
"SPI","result",25.2504175,4e-06,0b00000010,0b00000000
"SPI","result",25.2504222,4e-06,0b00001100,0b00000000
"SPI","result",25.250433,4e-06,0b00000001,0b00000000
"SPI","result",25.2504377,4e-06,0b00000100,0b00000000
"SPI","result",25.2504485,4e-06,0b00000010,0b00000000
"SPI","result",25.2504532,4e-06,0b00001100,0b00000000
"SPI","result",25.250464,4e-06,0b00000001,0b00000000
"SPI","result",25.2504687,4e-06,0b00000100,0b00000000
"SPI","result",25.2504795,4e-06,0b00000010,0b00000000
"SPI","result",25.2504843,4e-06,0b00001100,0b00000000
"SPI","result",25.250495,4.25e-06,0b00000001,0b00000000
"SPI","result",25.2504997,4e-06,0b00000100,0b00000000
"SPI","result",25.2505105,4.25e-06,0b00000010,0b00000000
"SPI","result",25.2505152,4e-06,0b00000001,0b00000000
"SPI","result",25.250526,4.25e-06,0b00000000,0b00000000
"SPI","result",25.2505307,4e-06,0b00000000,0b00000000
"SPI","disable",25.2505388,2.50000001e-07,,
"SPI","enable",25.250541,2.50000005e-07,,
"SPI","result",25.250542,4e-06,0b00001101,0b00000000
"SPI","disable",25.2505462,2.50000001e-07,,
"SPI","enable",25.8315415,2.50000001e-07,,
"SPI","result",25.8315425,4e-06,0b00001010,0b00000000
"SPI","disable",25.8315465,2.50000001e-07,,
"SPI","enable",25.8315495,2.50000001e-07,,
"SPI","result",25.8315517,4e-06,0b00000010,0b00000000
"SPI","result",25.8315565,4e-06,0b00001000,0b00000000
"SPI","result",25.8315642,4e-06,0b00000001,0b00000000
"SPI","result",25.831569,4e-06,0b00001111,0b00000000
"SPI","disable",25.8315742,2.50000001e-07,,
"SPI","enable",25.8315765,2.50000001e-07,,
"SPI","result",25.8315785,4.25e-06,0b00000000,0b00000000
"SPI","result",25.8315833,4e-06,0b00001110,0b00000000
"SPI","result",25.831591,4.25e-06,0b00000000,0b00000000
"SPI","result",25.8315958,4e-06,0b00000001,0b00000000
"SPI","disable",25.831601,2.50000001e-07,,
"SPI","enable",25.8316033,2.50000001e-07,,
"SPI","result",25.8316055,4e-06,0b00000000,0b00000000
"SPI","result",25.8316103,4e-06,0b00000001,0b00000000
"SPI","result",25.831618,4e-06,0b00000110,0b00000000
"SPI","result",25.8316228,4e-06,0b00000010,0b00000000
"SPI","disable",25.831628,2.50000005e-07,,
"SPI","enable",25.8316302,2.50000001e-07,,
"SPI","result",25.8316325,4e-06,0b00000001,0b00000000
"SPI","result",25.8316372,4e-06,0b00001111,0b00000000
"SPI","result",25.831645,4e-06,0b00000000,0b00000000
"SPI","result",25.8316498,4e-06,0b00001111,0b00000000
"SPI","disable",25.831655,2.49999997e-07,,
"SPI","enable",25.8316587,2.50000001e-07,,
"SPI","result",25.8316608,4.25e-06,0b00000000,0b00000000
"SPI","result",25.8316655,4e-06,0b00001111,0b00000000
"SPI","result",25.8316733,4.25e-06,0b00000000,0b00000000
"SPI","result",25.831678,4e-06,0b00000100,0b00000000
"SPI","disable",25.8316833,2.49999997e-07,,
"SPI","enable",25.8316855,2.49999997e-07,,
"SPI","result",25.8316878,4e-06,0b00000000,0b00000000
"SPI","result",25.8316925,4e-06,0b00001011,0b00000000
"SPI","result",25.8317003,4e-06,0b00000000,0b00000000
"SPI","result",25.831705,4e-06,0b00000001,0b00000000
"SPI","disable",25.8317103,2.50000001e-07,,
"SPI","enable",25.8317125,2.50000005e-07,,
"SPI","result",25.8317147,4e-06,0b00000000,0b00000000
"SPI","result",25.8317195,4e-06,0b00000011,0b00000000
"SPI","result",25.8317273,4e-06,0b00000000,0b00000000
"SPI","result",25.831732,4e-06,0b00001111,0b00000000
"SPI","disable",25.8317372,2.50000001e-07,,
"SPI","enable",25.8319455,2.50000001e-07,,
"SPI","result",25.8319465,4e-06,0b00001010,0b00000000
"SPI","disable",25.8319508,2.50000001e-07,,
"SPI","enable",25.8319535,2.50000001e-07,,
"SPI","result",25.8319545,4e-06,0b00001110,0b00000000
"SPI","disable",25.8319587,2.50000005e-07,,
"SPI","enable",25.8319605,2.50000001e-07,,
"SPI","result",25.8319627,4.25e-06,0b00000000,0b00000000
"SPI","result",25.8319675,4e-06,0b00000101,0b00000000
"SPI","result",25.8319778,4e-06,0b00000100,0b00000000
"SPI","result",25.8319822,4e-06,0b00001001,0b00000000
"SPI","result",25.8319933,4e-06,0b00000110,0b00000000
"SPI","result",25.8319977,4.25e-06,0b00000100,0b00000000
"SPI","result",25.8320087,4e-06,0b00000011,0b00000000
"SPI","result",25.8320132,4.25e-06,0b00001000,0b00000000
"SPI","result",25.8320242,4e-06,0b00000110,0b00000000
"SPI","result",25.8320287,4.25e-06,0b00000100,0b00000000
"SPI","result",25.8320397,4e-06,0b00000010,0b00000000
"SPI","result",25.8320442,4.25e-06,0b00000001,0b00000000
"SPI","result",25.8320552,4e-06,0b00000011,0b00000000
"SPI","result",25.83206,4e-06,0b00000100,0b00000000
"SPI","result",25.8320707,4e-06,0b00000010,0b00000000
"SPI","result",25.8320755,4e-06,0b00000001,0b00000000
"SPI","result",25.8320862,4e-06,0b00000001,0b00000000
"SPI","result",25.832091,4e-06,0b00000100,0b00000000
"SPI","result",25.8321017,4e-06,0b00000010,0b00000000
"SPI","result",25.8321065,4e-06,0b00001100,0b00000000
"SPI","result",25.8321172,4e-06,0b00000001,0b00000000
"SPI","result",25.832122,4e-06,0b00000100,0b00000000
"SPI","result",25.8321327,4.25e-06,0b00000010,0b00000000
"SPI","result",25.8321375,4e-06,0b00001100,0b00000000
"SPI","result",25.8321482,4.25e-06,0b00000001,0b00000000
"SPI","result",25.832153,4e-06,0b00000100,0b00000000
"SPI","result",25.8321637,4.25e-06,0b00000010,0b00000000
"SPI","result",25.8321685,3.99999999e-06,0b00001100,0b00000000
"SPI","result",25.8321795,4e-06,0b00000001,0b00000000
"SPI","result",25.832184,4e-06,0b00000100,0b00000000
"SPI","result",25.832195,4e-06,0b00000010,0b00000000
"SPI","result",25.8321995,4.25e-06,0b00000001,0b00000000
"SPI","result",25.8322105,4e-06,0b00000000,0b00000000
"SPI","result",25.832215,4.25e-06,0b00000000,0b00000000
"SPI","disable",25.8322232,2.50000001e-07,,
"SPI","enable",25.8322253,2.50000001e-07,,
"SPI","result",25.8322262,4e-06,0b00001101,0b00000000
"SPI","disable",25.8322305,2.50000001e-07,,
"SPI","enable",25.9774068,2.49999997e-07,,
"SPI","result",25.9774078,4e-06,0b00001010,0b00000000
"SPI","disable",25.9774118,2.49999997e-07,,
"SPI","enable",25.9774148,2.50000001e-07,,
"SPI","result",25.977417,4e-06,0b00000010,0b00000000
"SPI","result",25.9774218,4e-06,0b00001000,0b00000000
"SPI","result",25.9774295,4e-06,0b00000001,0b00000000
"SPI","result",25.9774343,4e-06,0b00001111,0b00000000
"SPI","disable",25.9774395,2.49999997e-07,,
"SPI","enable",25.9774418,2.49999997e-07,,
"SPI","result",25.977444,4e-06,0b00000000,0b00000000
"SPI","result",25.9774485,4.25e-06,0b00001110,0b00000000
"SPI","result",25.9774565,4e-06,0b00000000,0b00000000
"SPI","result",25.977461,4e-06,0b00000001,0b00000000
"SPI","disable",25.9774662,2.50000001e-07,,
"SPI","enable",25.9774687,2.50000001e-07,,
"SPI","result",25.9774707,4.25e-06,0b00000000,0b00000000
"SPI","result",25.9774755,4e-06,0b00000001,0b00000000
"SPI","result",25.9774832,4e-06,0b00000110,0b00000000
"SPI","result",25.977488,4e-06,0b00000010,0b00000000
"SPI","disable",25.9774932,2.50000001e-07,,
"SPI","enable",25.9774955,2.49999997e-07,,
"SPI","result",25.9774978,4e-06,0b00000001,0b00000000
"SPI","result",25.9775025,4e-06,0b00001111,0b00000000
"SPI","result",25.9775103,4e-06,0b00000000,0b00000000
"SPI","result",25.977515,4e-06,0b00001111,0b00000000
"SPI","disable",25.9775203,2.50000001e-07,,
"SPI","enable",25.977524,2.50000001e-07,,
"SPI","result",25.9775263,4e-06,0b00000000,0b00000000
"SPI","result",25.9775307,4.25e-06,0b00001111,0b00000000
"SPI","result",25.9775385,4.25e-06,0b00000000,0b00000000
"SPI","result",25.9775433,4e-06,0b00000100,0b00000000
"SPI","disable",25.9775485,2.50000001e-07,,
"SPI","enable",25.9775507,2.50000001e-07,,
"SPI","result",25.977553,4.25e-06,0b00000000,0b00000000
"SPI","result",25.9775577,4e-06,0b00001011,0b00000000
"SPI","result",25.9775655,4e-06,0b00000000,0b00000000
"SPI","result",25.9775702,4e-06,0b00000001,0b00000000
"SPI","disable",25.9775755,2.50000001e-07,,
"SPI","enable",25.9775777,2.50000005e-07,,
"SPI","result",25.97758,4e-06,0b00000000,0b00000000
"SPI","result",25.9775845,4.25e-06,0b00000011,0b00000000
"SPI","result",25.9775925,4e-06,0b00000000,0b00000000
"SPI","result",25.9775972,4e-06,0b00001111,0b00000000
"SPI","disable",25.9776025,2.49999997e-07,,
"SPI","enable",25.9778107,2.49999997e-07,,
"SPI","result",25.9778118,4e-06,0b00001010,0b00000000
"SPI","disable",25.977816,2.50000001e-07,,
"SPI","enable",25.9778188,2.49999997e-07,,
"SPI","result",25.9778197,4e-06,0b00001110,0b00000000
"SPI","disable",25.9778237,2.49999997e-07,,
"SPI","enable",25.9778258,2.50000001e-07,,
"SPI","result",25.977828,4e-06,0b00000000,0b00000000
"SPI","result",25.9778328,4e-06,0b00000101,0b00000000
"SPI","result",25.9778428,4.25e-06,0b00000100,0b00000000
"SPI","result",25.9778475,4e-06,0b00001001,0b00000000
"SPI","result",25.9778583,4.25e-06,0b00000110,0b00000000
"SPI","result",25.977863,4e-06,0b00000100,0b00000000
"SPI","result",25.9778738,4.25e-06,0b00000011,0b00000000
"SPI","result",25.9778785,4e-06,0b00001000,0b00000000
"SPI","result",25.9778895,4e-06,0b00000110,0b00000000
"SPI","result",25.977894,4e-06,0b00000100,0b00000000
"SPI","result",25.977905,4e-06,0b00000010,0b00000000
"SPI","result",25.9779095,4e-06,0b00000001,0b00000000
"SPI","result",25.9779205,4e-06,0b00000011,0b00000000
"SPI","result",25.977925,4.25e-06,0b00000100,0b00000000
"SPI","result",25.977936,4e-06,0b00000010,0b00000000
"SPI","result",25.9779405,4.25e-06,0b00000001,0b00000000
"SPI","result",25.9779515,4e-06,0b00000001,0b00000000
"SPI","result",25.977956,4.25e-06,0b00000100,0b00000000
"SPI","result",25.977967,4e-06,0b00000010,0b00000000
"SPI","result",25.9779717,4e-06,0b00001100,0b00000000
"SPI","result",25.9779825,4e-06,0b00000001,0b00000000
"SPI","result",25.977987,4.25e-06,0b00000100,0b00000000
"SPI","result",25.977998,4e-06,0b00000010,0b00000000
"SPI","result",25.9780028,4e-06,0b00001100,0b00000000
"SPI","result",25.9780135,4e-06,0b00000001,0b00000000
"SPI","result",25.9780183,4e-06,0b00000100,0b00000000
"SPI","result",25.978029,4e-06,0b00000010,0b00000000
"SPI","result",25.9780338,4e-06,0b00001100,0b00000000
"SPI","result",25.9780445,4e-06,0b00000001,0b00000000
"SPI","result",25.9780493,4e-06,0b00000100,0b00000000
"SPI","result",25.97806,4e-06,0b00000010,0b00000000
"SPI","result",25.9780648,4e-06,0b00000001,0b00000000
"SPI","result",25.9780755,4e-06,0b00000000,0b00000000
"SPI","result",25.9780803,4e-06,0b00000000,0b00000000
"SPI","disable",25.9780882,2.49999997e-07,,
"SPI","enable",25.9780905,2.49999997e-07,,
"SPI","result",25.9780915,4e-06,0b00001101,0b00000000
"SPI","disable",25.9780958,2.50000001e-07,,
"SPI","enable",26.1951105,2.50000001e-07,,
"SPI","result",26.1951113,4.25e-06,0b00001010,0b00000000
"SPI","disable",26.1951155,2.50000001e-07,,
"SPI","enable",26.1951185,2.49999997e-07,,
"SPI","result",26.1951208,4e-06,0b00000010,0b00000000
"SPI","result",26.1951253,4.25e-06,0b00001000,0b00000000
"SPI","result",26.1951333,4e-06,0b00000001,0b00000000
"SPI","result",26.1951378,4e-06,0b00001111,0b00000000
"SPI","disable",26.195143,2.50000001e-07,,
"SPI","enable",26.1951452,2.50000001e-07,,
"SPI","result",26.1951475,4.25e-06,0b00000000,0b00000000
"SPI","result",26.1951522,4e-06,0b00001110,0b00000000
"SPI","result",26.19516,4e-06,0b00000000,0b00000000
"SPI","result",26.1951647,4e-06,0b00000001,0b00000000
"SPI","disable",26.19517,2.49999997e-07,,
"SPI","enable",26.1951722,2.50000001e-07,,
"SPI","result",26.1951745,4e-06,0b00000000,0b00000000
"SPI","result",26.1951792,4e-06,0b00000001,0b00000000
"SPI","result",26.195187,4e-06,0b00000110,0b00000000
"SPI","result",26.1951915,4.25e-06,0b00000010,0b00000000
"SPI","disable",26.195197,2.50000001e-07,,
"SPI","enable",26.1951993,2.50000001e-07,,
"SPI","result",26.1952015,4e-06,0b00000001,0b00000000
"SPI","result",26.195206,4e-06,0b00001111,0b00000000
"SPI","result",26.1952138,4.25e-06,0b00000000,0b00000000
"SPI","result",26.1952185,4e-06,0b00001111,0b00000000
"SPI","disable",26.1952238,2.49999997e-07,,
"SPI","enable",26.1952278,2.49999997e-07,,
"SPI","result",26.1952297,4.25e-06,0b00000000,0b00000000
"SPI","result",26.1952345,4e-06,0b00001111,0b00000000
"SPI","result",26.1952422,4e-06,0b00000000,0b00000000
"SPI","result",26.195247,4e-06,0b00000100,0b00000000
"SPI","disable",26.1952522,2.50000001e-07,,
"SPI","enable",26.1952545,2.50000001e-07,,
"SPI","result",26.1952568,4e-06,0b00000000,0b00000000
"SPI","result",26.1952615,4e-06,0b00001011,0b00000000
"SPI","result",26.1952692,4e-06,0b00000000,0b00000000
"SPI","result",26.1952737,4.25e-06,0b00000001,0b00000000
"SPI","disable",26.1952792,2.50000001e-07,,
"SPI","enable",26.1952815,2.49999997e-07,,
"SPI","result",26.1952835,4.25e-06,0b00000000,0b00000000
"SPI","result",26.1952883,4e-06,0b00000011,0b00000000
"SPI","result",26.195296,4.25e-06,0b00000000,0b00000000
"SPI","result",26.1953008,4e-06,0b00001111,0b00000000
"SPI","disable",26.195306,2.50000005e-07,,
"SPI","enable",26.1955145,2.50000001e-07,,
"SPI","result",26.1955155,4e-06,0b00001010,0b00000000
"SPI","disable",26.1955195,2.50000001e-07,,
"SPI","enable",26.1955225,2.50000001e-07,,
"SPI","result",26.1955235,4e-06,0b00001110,0b00000000
"SPI","disable",26.1955275,2.50000001e-07,,
"SPI","enable",26.1955295,2.49999997e-07,,
"SPI","result",26.1955318,4e-06,0b00000000,0b00000000
"SPI","result",26.1955365,4e-06,0b00000101,0b00000000
"SPI","result",26.1955465,4e-06,0b00000100,0b00000000
"SPI","result",26.1955513,4e-06,0b00001001,0b00000000
"SPI","result",26.195562,4.25e-06,0b00000110,0b00000000
"SPI","result",26.1955668,4e-06,0b00000100,0b00000000
"SPI","result",26.1955775,4.25e-06,0b00000011,0b00000000
"SPI","result",26.1955823,4e-06,0b00001000,0b00000000
"SPI","result",26.195593,4.25e-06,0b00000110,0b00000000
"SPI","result",26.1955978,4e-06,0b00000100,0b00000000
"SPI","result",26.1956088,4e-06,0b00000010,0b00000000
"SPI","result",26.1956133,4e-06,0b00000001,0b00000000
"SPI","result",26.1956243,4e-06,0b00000011,0b00000000
"SPI","result",26.1956288,4.25e-06,0b00000100,0b00000000
"SPI","result",26.1956398,4e-06,0b00000010,0b00000000
"SPI","result",26.1956443,4.25e-06,0b00000001,0b00000000
"SPI","result",26.1956553,4e-06,0b00000001,0b00000000
"SPI","result",26.1956598,4.25e-06,0b00000100,0b00000000
"SPI","result",26.1956708,4e-06,0b00000010,0b00000000
"SPI","result",26.1956755,4e-06,0b00001100,0b00000000
"SPI","result",26.1956863,4e-06,0b00000001,0b00000000
"SPI","result",26.1956908,4.25e-06,0b00000100,0b00000000
"SPI","result",26.1957018,4e-06,0b00000010,0b00000000
"SPI","result",26.1957065,4e-06,0b00001100,0b00000000
"SPI","result",26.1957173,4e-06,0b00000001,0b00000000
"SPI","result",26.195722,4e-06,0b00000100,0b00000000
"SPI","result",26.1957328,4e-06,0b00000010,0b00000000
"SPI","result",26.1957375,4e-06,0b00001100,0b00000000
"SPI","result",26.1957483,4e-06,0b00000001,0b00000000
"SPI","result",26.195753,4e-06,0b00000100,0b00000000
"SPI","result",26.1957638,4e-06,0b00000010,0b00000000
"SPI","result",26.1957685,4e-06,0b00000001,0b00000000
"SPI","result",26.1957793,4.25e-06,0b00000000,0b00000000
"SPI","result",26.195784,4e-06,0b00000000,0b00000000
"SPI","disable",26.195792,2.49999997e-07,,
"SPI","enable",26.1957942,2.50000001e-07,,
"SPI","result",26.1957952,4e-06,0b00001101,0b00000000
"SPI","disable",26.1957995,2.49999997e-07,,
"SPI","enable",26.376762,2.50000001e-07,,
"SPI","result",26.376763,4e-06,0b00001010,0b00000000
"SPI","disable",26.3767673,2.49999997e-07,,
"SPI","enable",26.37677,2.50000001e-07,,
"SPI","result",26.3767722,4e-06,0b00000010,0b00000000
"SPI","result",26.376777,4e-06,0b00001000,0b00000000
"SPI","result",26.3767847,4e-06,0b00000001,0b00000000
"SPI","result",26.3767895,4e-06,0b00001111,0b00000000
"SPI","disable",26.3767947,2.50000005e-07,,
"SPI","enable",26.376797,2.50000001e-07,,
"SPI","result",26.3767993,4e-06,0b00000000,0b00000000
"SPI","result",26.3768038,4.25e-06,0b00001110,0b00000000
"SPI","result",26.3768118,4e-06,0b00000000,0b00000000
"SPI","result",26.3768163,4e-06,0b00000001,0b00000000
"SPI","disable",26.3768215,2.50000005e-07,,
"SPI","enable",26.376824,2.49999997e-07,,
"SPI","result",26.376826,4.25e-06,0b00000000,0b00000000
"SPI","result",26.3768307,4e-06,0b00000001,0b00000000
"SPI","result",26.3768385,4e-06,0b00000110,0b00000000
"SPI","result",26.3768433,4e-06,0b00000010,0b00000000
"SPI","disable",26.3768485,2.50000001e-07,,
"SPI","enable",26.3768507,2.50000001e-07,,
"SPI","result",26.376853,4e-06,0b00000001,0b00000000
"SPI","result",26.3768577,4e-06,0b00001111,0b00000000
"SPI","result",26.3768655,4e-06,0b00000000,0b00000000
"SPI","result",26.3768702,4e-06,0b00001111,0b00000000
"SPI","disable",26.3768755,2.49999997e-07,,
"SPI","enable",26.3768793,2.50000001e-07,,
"SPI","result",26.3768815,4e-06,0b00000000,0b00000000
"SPI","result",26.376886,4.25e-06,0b00001111,0b00000000
"SPI","result",26.376894,4e-06,0b00000000,0b00000000
"SPI","result",26.3768985,4e-06,0b00000100,0b00000000
"SPI","disable",26.3769038,2.49999997e-07,,
"SPI","enable",26.3769063,2.50000001e-07,,
"SPI","result",26.3769082,4.25e-06,0b00000000,0b00000000
"SPI","result",26.376913,4e-06,0b00001011,0b00000000
"SPI","result",26.3769208,4e-06,0b00000000,0b00000000
"SPI","result",26.3769255,4e-06,0b00000001,0b00000000
"SPI","disable",26.3769307,2.50000001e-07,,
"SPI","enable",26.376933,2.50000001e-07,,
"SPI","result",26.3769352,4e-06,0b00000000,0b00000000
"SPI","result",26.37694,4e-06,0b00000011,0b00000000
"SPI","result",26.3769477,4e-06,0b00000000,0b00000000
"SPI","result",26.3769525,4e-06,0b00001111,0b00000000
"SPI","disable",26.3769577,2.50000001e-07,,
"SPI","enable",26.377166,2.50000001e-07,,
"SPI","result",26.377167,4e-06,0b00001010,0b00000000
"SPI","disable",26.3771712,2.50000001e-07,,
"SPI","enable",26.377174,2.50000001e-07,,
"SPI","result",26.377175,4e-06,0b00001110,0b00000000
"SPI","disable",26.3771793,2.50000001e-07,,
"SPI","enable",26.377181,2.49999997e-07,,
"SPI","result",26.3771833,4.25e-06,0b00000000,0b00000000
"SPI","result",26.377188,4e-06,0b00000101,0b00000000
"SPI","result",26.3771982,4e-06,0b00000100,0b00000000
"SPI","result",26.3772028,4e-06,0b00001001,0b00000000
"SPI","result",26.3772137,4e-06,0b00000110,0b00000000
"SPI","result",26.3772182,4.25e-06,0b00000100,0b00000000
"SPI","result",26.3772292,4e-06,0b00000011,0b00000000
"SPI","result",26.3772337,4.25e-06,0b00001000,0b00000000
"SPI","result",26.3772447,4e-06,0b00000110,0b00000000
"SPI","result",26.3772492,4.25e-06,0b00000100,0b00000000
"SPI","result",26.3772602,4e-06,0b00000010,0b00000000
"SPI","result",26.3772647,4.25e-06,0b00000001,0b00000000
"SPI","result",26.3772757,4e-06,0b00000011,0b00000000
"SPI","result",26.3772805,4e-06,0b00000100,0b00000000
"SPI","result",26.3772912,4e-06,0b00000010,0b00000000
"SPI","result",26.377296,4e-06,0b00000001,0b00000000
"SPI","result",26.3773067,4e-06,0b00000001,0b00000000
"SPI","result",26.3773115,4e-06,0b00000100,0b00000000
"SPI","result",26.3773222,4e-06,0b00000010,0b00000000
"SPI","result",26.377327,4e-06,0b00001100,0b00000000
"SPI","result",26.3773377,4e-06,0b00000001,0b00000000
"SPI","result",26.3773425,4e-06,0b00000100,0b00000000
"SPI","result",26.3773532,4.25e-06,0b00000010,0b00000000
"SPI","result",26.377358,4e-06,0b00001100,0b00000000
"SPI","result",26.3773687,4.25e-06,0b00000001,0b00000000
"SPI","result",26.3773735,4e-06,0b00000100,0b00000000
"SPI","result",26.3773842,4.25e-06,0b00000010,0b00000000
"SPI","result",26.377389,4e-06,0b00001100,0b00000000
"SPI","result",26.3774,4e-06,0b00000001,0b00000000
"SPI","result",26.3774045,4e-06,0b00000100,0b00000000
"SPI","result",26.3774155,4e-06,0b00000010,0b00000000
"SPI","result",26.37742,4e-06,0b00000001,0b00000000
"SPI","result",26.377431,4e-06,0b00000000,0b00000000
"SPI","result",26.3774355,4.25e-06,0b00000000,0b00000000
"SPI","disable",26.3774438,2.49999997e-07,,
"SPI","enable",26.3774457,2.50000001e-07,,
"SPI","result",26.3774468,4e-06,0b00001101,0b00000000
"SPI","disable",26.377451,2.49999997e-07,,
